 Processing recipe at path: /workspace/.ef-recipes/recipes/recipes_emscripten/py
 torch/recipe.yaml

 ╭─ Finding outputs from recipe
 │ Loading variant config from: /workspace/prototypes/emscripten-forge/torch-was
 │ m/recipe/variant-3173.yaml
 │ ⚠ warning Found 'pin_run_as_build' in variant config - this is not supported a
 │ ⚠ warning nd will be ignored
 │ Found 1 variants
 │ 
 │ Build variant: pytorch-2.8.0-py313h8f367bf_0
 │ 
 │ ╭────────────────────────────────┬────────────────────╮
 │ │ Variant                        ┆ Version            │
 │ ╞════════════════════════════════╪════════════════════╡
 │ │ c_compiler                     ┆ "emscripten"       │
 │ │ c_compiler_version             ┆ "3.1.73"           │
 │ │ channel_targets                ┆ "conda-forge main" │
 │ │ cmake                          ┆ "4.3"              │
 │ │ cross_python_emscripten_wasm32 ┆ "3.13.1"           │
 │ │ cxx_compiler                   ┆ "emscripten"       │
 │ │ cxx_compiler_version           ┆ "3.1.73"           │
 │ │ python                         ┆ "3.13.* *_cp313"   │
 │ ╰────────────────────────────────┴────────────────────╯
 │
 ╰─────────────────── (took 0 seconds)
 Starting build of 1 outputs

 ╭─ Running build for recipe: pytorch-2.8.0-py313h8f367bf_0
 │
 │ ╭─ Fetching source code
 │ │ Fetching source from path: /workspace/.ef-recipes/recipes/recipes_emscripte
 │ │ n/pytorch/stub
 │ │ Copied 1 files into isolated environment
 │ │
 │ ╰─────────────────── (took 0 seconds)
 │
 │ ╭─ Resolving build environment
 │ │   Platform: linux-64 [__unix=0=0, __linux=6.12.94=0, __glibc=2.39=0, __arch
 │ │ spec=1=icelake]
 │ │   Channels: 
 │ │    - file:///workspace/.ef-recipes/output/
 │ │    - https://prefix.dev/emscripten-forge-dev/
 │ │    - conda-forge
 │ │    - microsoft
 │ │   Specs:
 │ │    - emscripten_emscripten-wasm32 3.1.73.*
 │ │    - emscripten_emscripten-wasm32 3.1.73.*
 │ │    - cross-python_emscripten-wasm32 3.13.1.*
 │ │    - python 3.13.* *_cp313
 │ │    - cmake 4.3.*
 │ │    - ninja
 │ │    - pyyaml
 │ │    - setuptools
 │ │    - typing_extensions
 │ │    - six
 │ │ 
 │ │ ╭────────────────────────────────┬──────────────┬──────────────────────┬───
 │ │ ───────────────────┬────────────╮
 │ │ │ Package                        ┆ Version      ┆ Build                ┆ Ch
 │ │ annel              ┆       Size │
 │ │ ╞════════════════════════════════╪══════════════╪══════════════════════╪═══
 │ │ ═══════════════════╪════════════╡
 │ │ │ __unix                         ┆ 1.0.0        ┆ ha770c72_0           ┆ em
 │ │ scripten-forge-dev ┆   1.18 KiB │
 │ │ │ _openmp_mutex                  ┆ 4.5          ┆ 20_gnu               ┆ co
 │ │ nda-forge          ┆  28.27 KiB │
 │ │ │ bzip2                          ┆ 1.0.8        ┆ hda65f42_10          ┆ co
 │ │ nda-forge          ┆ 251.77 KiB │
 │ │ │ c-ares                         ┆ 1.34.8       ┆ hebe6cf0_2           ┆ co
 │ │ nda-forge          ┆ 223.34 KiB │
 │ │ │ ca-certificates                ┆ 2026.7.22    ┆ hbd8a1cb_0           ┆ co
 │ │ nda-forge          ┆ 128.69 KiB │
 │ │ │ cmake                          ┆ 4.3.4        ┆ hc85cc9f_0           ┆ co
 │ │ nda-forge          ┆  22.09 MiB │
 │ │ │ coreutils                      ┆ 9.12         ┆ hebe6cf0_0           ┆ co
 │ │ nda-forge          ┆   3.33 MiB │
 │ │ │ cross-python_emscripten-wasm32 ┆ 3.13.1       ┆ ha770c72_15          ┆ em
 │ │ scripten-forge-dev ┆   5.07 KiB │
 │ │ │ crossenv                       ┆ 1.6.1        ┆ pyh5ded981_1         ┆ co
 │ │ nda-forge          ┆  36.41 KiB │
 │ │ │ emscripten_emscripten-wasm32   ┆ 3.1.73       ┆ h099e90b_12          ┆ em
 │ │ scripten-forge-dev ┆ 368.20 MiB │
 │ │ │ icu                            ┆ 75.1         ┆ he02047a_0           ┆ co
 │ │ nda-forge          ┆  11.57 MiB │
 │ │ │ keyutils                       ┆ 1.6.3        ┆ h7cc23a3_1           ┆ co
 │ │ nda-forge          ┆ 132.12 KiB │
 │ │ │ krb5                           ┆ 1.22.2       ┆ hbc21106_2           ┆ co
 │ │ nda-forge          ┆   1.33 MiB │
 │ │ │ ld_impl_linux-64               ┆ 2.46.1       ┆ default_hbd61a6d_102 ┆ co
 │ │ nda-forge          ┆ 727.83 KiB │
 │ │ │ libcurl                        ┆ 8.21.0       ┆ hcf29cc6_1           ┆ co
 │ │ nda-forge          ┆ 467.69 KiB │
 │ │ │ libedit                        ┆ 3.1.20250104 ┆ pl5321h373387f_1     ┆ co
 │ │ nda-forge          ┆ 131.93 KiB │
 │ │ │ libev                          ┆ 4.33         ┆ h280c20c_3           ┆ co
 │ │ nda-forge          ┆  42.21 KiB │
 │ │ │ libexpat                       ┆ 2.8.4        ┆ hd2095e1_0           ┆ co
 │ │ nda-forge          ┆  75.78 KiB │
 │ │ │ libffi                         ┆ 3.7.0        ┆ h81df57d_1           ┆ co
 │ │ nda-forge          ┆  66.41 KiB │
 │ │ │ libgcc                         ┆ 16.2.0       ┆ ha9f2e26_5           ┆ co
 │ │ nda-forge          ┆   1.01 MiB │
 │ │ │ libgcc-ng                      ┆ 16.2.0       ┆ h69a702a_5           ┆ co
 │ │ nda-forge          ┆  27.87 KiB │
 │ │ │ libgomp                        ┆ 16.2.0       ┆ he0feb66_5           ┆ co
 │ │ nda-forge          ┆ 626.61 KiB │
 │ │ │ libiconv                       ┆ 1.18         ┆ h0cb94f2_3           ┆ co
 │ │ nda-forge          ┆ 770.97 KiB │
 │ │ │ liblzma                        ┆ 5.8.3        ┆ hb03c661_1           ┆ co
 │ │ nda-forge          ┆ 110.35 KiB │
 │ │ │ libmpdec                       ┆ 4.0.0        ┆ hb03c661_2           ┆ co
 │ │ nda-forge          ┆  90.58 KiB │
 │ │ │ libnghttp2                     ┆ 1.68.1       ┆ h74cf4be_1           ┆ co
 │ │ nda-forge          ┆ 634.74 KiB │
 │ │ │ libpython                      ┆ 3.13.15      ┆ hdc7f604_103_cp313   ┆ co
 │ │ nda-forge          ┆   9.26 MiB │
 │ │ │ libsqlite                      ┆ 3.53.4       ┆ h0737f62_1           ┆ co
 │ │ nda-forge          ┆ 946.18 KiB │
 │ │ │ libssh2                        ┆ 1.11.1       ┆ h6154650_1           ┆ co
 │ │ nda-forge          ┆ 298.87 KiB │
 │ │ │ libstdcxx                      ┆ 16.2.0       ┆ h934c35e_5           ┆ co
 │ │ nda-forge          ┆   6.31 MiB │
 │ │ │ libstdcxx-ng                   ┆ 16.2.0       ┆ hdf11a46_5           ┆ co
 │ │ nda-forge          ┆  27.89 KiB │
 │ │ │ libuuid                        ┆ 2.42.3       ┆ hcfc3c73_0           ┆ co
 │ │ nda-forge          ┆  39.06 KiB │
 │ │ │ libuv                          ┆ 1.52.1       ┆ h280c20c_1           ┆ co
 │ │ nda-forge          ┆ 410.20 KiB │
 │ │ │ libzlib                        ┆ 1.3.2        ┆ h25fd6f3_3           ┆ co
 │ │ nda-forge          ┆  62.22 KiB │
 │ │ │ lz4-c                          ┆ 1.10.0       ┆ hee9eb32_2           ┆ co
 │ │ nda-forge          ┆ 177.55 KiB │
 │ │ │ ncurses                        ┆ 6.6          ┆ hdb14827_1           ┆ co
 │ │ nda-forge          ┆ 889.84 KiB │
 │ │ │ ninja                          ┆ 1.13.2       ┆ h171cf75_1           ┆ co
 │ │ nda-forge          ┆ 182.39 KiB │
 │ │ │ nodejs                         ┆ 16.20.2      ┆ hc19f0b3_3           ┆ co
 │ │ nda-forge          ┆  13.64 MiB │
 │ │ │ openssl                        ┆ 3.6.4        ┆ h781a0a9_0           ┆ co
 │ │ nda-forge          ┆   3.05 MiB │
 │ │ │ pip                            ┆ 26.2.1       ┆ pyh145f28c_0         ┆ co
 │ │ nda-forge          ┆   1.14 MiB │
 │ │ │ popt                           ┆ 1.19         ┆ hcfc3c73_2           ┆ co
 │ │ nda-forge          ┆  74.18 KiB │
 │ │ │ python                         ┆ 3.13.15      ┆ hf47f18c_103_cp313   ┆ co
 │ │ nda-forge          ┆  23.24 MiB │
 │ │ │ python_abi                     ┆ 3.13         ┆ 9_cp313              ┆ co
 │ │ nda-forge          ┆   6.61 KiB │
 │ │ │ pyyaml                         ┆ 6.0.3        ┆ py313h3dea7bd_1      ┆ co
 │ │ nda-forge          ┆ 196.89 KiB │
 │ │ │ readline                       ┆ 8.3          ┆ hd6e31c0_1           ┆ co
 │ │ nda-forge          ┆ 340.72 KiB │
 │ │ │ rhash                          ┆ 1.4.6        ┆ hb03c661_2           ┆ co
 │ │ nda-forge          ┆ 190.42 KiB │
 │ │ │ rsync                          ┆ 3.4.4        ┆ hffd6c76_1           ┆ co
 │ │ nda-forge          ┆ 369.48 KiB │
 │ │ │ sed                            ┆ 4.10         ┆ h19d0853_0           ┆ co
 │ │ nda-forge          ┆ 262.19 KiB │
 │ │ │ setuptools                     ┆ 84.0.0       ┆ pyh332efcf_0         ┆ co
 │ │ nda-forge          ┆ 512.20 KiB │
 │ │ │ six                            ┆ 1.17.0       ┆ pyhe01879c_1         ┆ co
 │ │ nda-forge          ┆  18.02 KiB │
 │ │ │ tk                             ┆ 8.6.13       ┆ noxft_h1df4ec4_4     ┆ co
 │ │ nda-forge          ┆   3.40 MiB │
 │ │ │ typing_extensions              ┆ 4.16.0       ┆ pyhcf101f3_0         ┆ co
 │ │ nda-forge          ┆  51.40 KiB │
 │ │ │ tzdata                         ┆ 2026c        ┆ h151e31d_0           ┆ co
 │ │ nda-forge          ┆ 116.06 KiB │
 │ │ │ xxhash                         ┆ 0.8.3        ┆ hec8ed23_1           ┆ co
 │ │ nda-forge          ┆ 106.80 KiB │
 │ │ │ yaml                           ┆ 0.2.5        ┆ hebe6cf0_3           ┆ co
 │ │ nda-forge          ┆  82.95 KiB │
 │ │ │ zlib                           ┆ 1.3.2        ┆ h25fd6f3_3           ┆ co
 │ │ nda-forge          ┆  93.88 KiB │
 │ │ │ zstd                           ┆ 1.5.7        ┆ hb78ec9c_7           ┆ co
 │ │ nda-forge          ┆ 587.21 KiB │
 │ │ ╰────────────────────────────────┴──────────────┴──────────────────────┴───
 │ │ ───────────────────┴────────────╯
 │ │
 │ ╰─────────────────── (took 1 second)
 │
 │ ╭─ Resolving host environment
 │ │   Platform: emscripten-wasm32 [__unix=0=0]
 │ │   Channels: 
 │ │    - file:///workspace/.ef-recipes/output/
 │ │    - https://prefix.dev/emscripten-forge-dev/
 │ │    - conda-forge
 │ │    - microsoft
 │ │   Specs:
 │ │    - python 3.13.* *_cp313
 │ │    - pybind11
 │ │    - emscripten-abi >=3.1.73,<3.1.74.0a0
 │ │    - emscripten-abi >=3.1.73,<3.1.74.0a0
 │ │ 
 │ │ ╭────────────────┬─────────┬───────────────────┬──────────────────────┬────
 │ │ ────────╮
 │ │ │ Package        ┆ Version ┆ Build             ┆ Channel              ┆    
 │ │    Size │
 │ │ ╞════════════════╪═════════╪═══════════════════╪══════════════════════╪════
 │ │ ════════╡
 │ │ │ __unix         ┆ 1.0.0   ┆ hc286ada_0        ┆ emscripten-forge-dev ┆   1
 │ │ .18 KiB │
 │ │ │ emscripten-abi ┆ 3.1.73  ┆ h267e887_12       ┆ emscripten-forge-dev ┆  11
 │ │ .28 KiB │
 │ │ │ pybind11       ┆ 3.0.1   ┆ py313h179546c_1   ┆ emscripten-forge-dev ┆ 227
 │ │ .91 KiB │
 │ │ │ python         ┆ 3.13.1  ┆ h_c8de616_6_cp313 ┆ emscripten-forge-dev ┆   5
 │ │ .42 MiB │
 │ │ │ python_abi     ┆ 3.13.1  ┆ 1_cp313           ┆ emscripten-forge-dev ┆   2
 │ │ .54 KiB │
 │ │ ╰────────────────┴─────────┴───────────────────┴──────────────────────┴────
 │ │ ────────╯
 │ │
 │ ╰─────────────────── (took 0 seconds)
 │ 
 │ Finalized run dependencies (pytorch-2.8.0-py313h8f367bf_0):
 │ ╭──────────────────┬─────────────────────────────────────────────────────────
 │ ─────────────╮
 │ │ Name             ┆ Spec                                                    
 │              │
 │ ╞══════════════════╪═════════════════════════════════════════════════════════
 │ ═════════════╡
 │ │ Run dependencies ┆                                                         
 │              │
 │ │ emscripten-abi   ┆ >=3.1.73,<3.1.74.0a0 (RE of [build: cross-python_emscrip
 │ ten-wasm32]) │
 │ │                  ┆ >=3.1.73,<3.1.74.0a0 (RE of [build: emscripten_emscripte
 │ n-wasm32])   │
 │ │ python_abi       ┆ 3.13.* *_cp313 (RE of [host: python])                   
 │              │
 │ ╰──────────────────┴─────────────────────────────────────────────────────────
 │ ─────────────╯
 │
 │ ╭─ Installing build environment
 │ │ ✔ Successfully updated the build environment
 │ │
 │ ╰─────────────────── (took 35 seconds)
 │
 │ ╭─ Installing host environment
 │ │ ✔ Successfully updated the host environment
 │ │
 │ ╰─────────────────── (took 1 second)
 │
 │ ╭─ Running build script
 │ │ Setting up cross-python environment
 │ │ + SRC=/workspace/.src/pytorch
 │ │ + BUILD=/workspace/.torch-build
 │ │ + STAGE=/workspace/.torch-stage
 │ │ + LOG=/workspace/prototypes/emscripten-forge/torch-wasm/logs
 │ │ + mkdir -p /workspace/.torch-build /workspace/prototypes/emscripten-forge/t
 │ │ orch-wasm/logs /workspace/.torch-stage
 │ │ + echo '=== probe ==='
 │ │ === probe ===
 │ │ + emcc --version
 │ │ + head -1
 │ │ emcc (Emscripten gcc/clang-like replacement + linker emulating GNU ld) 3.1.
 │ │ 73 (ac676d5e437525d15df5fd46bc2c208ec6d376a3)
 │ │ EMSDK_PYTHON=$BUILD_PREFIX/bin/python3 PREFIX=$PREFIX BUILD_PREFIX=$BUILD_P
 │ │ REFIX
 │ │ + echo 'EMSDK_PYTHON=$BUILD_PREFIX/bin/python3 PREFIX=$PREFIX BUILD_PREFIX=
 │ │ $BUILD_PREFIX'
 │ │ + export USE_CUDA=0 USE_ROCM=0 USE_XPU=0
 │ │ + USE_CUDA=0
 │ │ + USE_ROCM=0
 │ │ + USE_XPU=0
 │ │ + export USE_MKLDNN=0 USE_FBGEMM=0 USE_NNPACK=0 USE_QNNPACK=0 USE_PYTORCH_Q
 │ │ NNPACK=0 USE_XNNPACK=0
 │ │ + USE_MKLDNN=0
 │ │ + USE_FBGEMM=0
 │ │ + USE_NNPACK=0
 │ │ + USE_QNNPACK=0
 │ │ + USE_PYTORCH_QNNPACK=0
 │ │ + USE_XNNPACK=0
 │ │ + export USE_KINETO=0 USE_DISTRIBUTED=0 USE_TENSORPIPE=0 USE_GLOO=0 USE_MPI
 │ │ =0
 │ │ + USE_KINETO=0
 │ │ + USE_DISTRIBUTED=0
 │ │ + USE_TENSORPIPE=0
 │ │ + USE_GLOO=0
 │ │ + USE_MPI=0
 │ │ + export USE_OPENMP=0 USE_NUMA=0 USE_NUMPY=0 USE_MAGMA=0 USE_ITT=0 USE_MIMA
 │ │ LLOC=0
 │ │ + USE_OPENMP=0
 │ │ + USE_NUMA=0
 │ │ + USE_NUMPY=0
 │ │ + USE_MAGMA=0
 │ │ + USE_ITT=0
 │ │ + USE_MIMALLOC=0
 │ │ + export USE_OBSERVERS=0 USE_LITE_PROTO=1 USE_ONNX=0
 │ │ + USE_OBSERVERS=0
 │ │ + USE_LITE_PROTO=1
 │ │ + USE_ONNX=0
 │ │ + export BUILD_TEST=0 BUILD_CAFFE2=0 BUILD_CAFFE2_OPS=0 BUILD_BINARY=0
 │ │ + BUILD_TEST=0
 │ │ + BUILD_CAFFE2=0
 │ │ + BUILD_CAFFE2_OPS=0
 │ │ + BUILD_BINARY=0
 │ │ + export ATEN_THREADING=NATIVE
 │ │ + ATEN_THREADING=NATIVE
 │ │ + export MAX_JOBS=4
 │ │ + MAX_JOBS=4
 │ │ + export PYTORCH_BUILD_VERSION=2.8.0 PYTORCH_BUILD_NUMBER=0
 │ │ + PYTORCH_BUILD_VERSION=2.8.0
 │ │ + PYTORCH_BUILD_NUMBER=0
 │ │ + EH=-fexceptions
 │ │ + export 'CFLAGS=-O2 -g0 -fPIC -I$PREFIX/include -O2 -g0 -fPIC -I$PREFIX/in
 │ │ clude -fexceptions'
 │ │ + CFLAGS='-O2 -g0 -fPIC -I$PREFIX/include -O2 -g0 -fPIC -I$PREFIX/include -
 │ │ fexceptions'
 │ │ + export 'CXXFLAGS= -O2 -g0 -fPIC -I$PREFIX/include -fexceptions'
 │ │ + CXXFLAGS=' -O2 -g0 -fPIC -I$PREFIX/include -fexceptions'
 │ │ + export 'LDFLAGS=-O2 -g0 -s WASM=1 -sWASM_BIGINT -L$PREFIX/lib -s SIDE_MOD
 │ │ ULE=1 -O2 -g0 -s WASM=1 -sWASM_BIGINT -L$PREFIX/lib -s SIDE_MODULE=1 -fexce
 │ │ ptions'
 │ │ + LDFLAGS='-O2 -g0 -s WASM=1 -sWASM_BIGINT -L$PREFIX/lib -s SIDE_MODULE=1 -
 │ │ O2 -g0 -s WASM=1 -sWASM_BIGINT -L$PREFIX/lib -s SIDE_MODULE=1 -fexceptions'
 │ │ + PYEXE=$BUILD_PREFIX/bin/python3
 │ │ + PYINC=$PREFIX/include/python3.13
 │ │ + tee /workspace/prototypes/emscripten-forge/torch-wasm/logs/10-configure.l
 │ │ og
 │ │ + emcmake cmake -S /workspace/.src/pytorch -B /workspace/.torch-build -GNin
 │ │ ja -DCMAKE_BUILD_TYPE=Release -DBUILD_PYTHON=ON -DBUILD_TEST=OFF -DBUILD_BI
 │ │ NARY=OFF -DBUILD_CAFFE2=OFF -DBUILD_CAFFE2_OPS=OFF -DUSE_CUDA=OFF -DUSE_ROC
 │ │ M=OFF -DUSE_XPU=OFF -DUSE_MKLDNN=OFF -DUSE_FBGEMM=OFF -DUSE_NNPACK=OFF -DUS
 │ │ E_QNNPACK=OFF -DUSE_PYTORCH_QNNPACK=OFF -DUSE_XNNPACK=OFF -DUSE_KINETO=OFF 
 │ │ -DUSE_DISTRIBUTED=OFF -DUSE_TENSORPIPE=OFF -DUSE_GLOO=OFF -DUSE_MPI=OFF -DU
 │ │ SE_OPENMP=OFF -DUSE_NUMA=OFF -DUSE_NUMPY=OFF -DUSE_MAGMA=OFF -DUSE_ITT=OFF 
 │ │ -DUSE_MIMALLOC=OFF -DUSE_OBSERVERS=OFF -DUSE_LITE_PROTO=ON -DUSE_ONNX=OFF -
 │ │ DATEN_THREADING=NATIVE -DPython_EXECUTABLE=$BUILD_PREFIX/bin/python3 -DPYTH
 │ │ ON_EXECUTABLE=$BUILD_PREFIX/bin/python3 -DCMAKE_PROJECT_INCLUDE=/workspace/
 │ │ prototypes/emscripten-forge/torch-wasm/recipe/emscripten_fixups.cmake -DWAS
 │ │ M_PYTHON_INCLUDE_DIR=$PREFIX/include/python3.13 -DCAFFE2_CUSTOM_PROTOC_EXEC
 │ │ UTABLE=/workspace/.hostprotoc/protoc -DCMAKE_TOOLCHAIN_FILE=$BUILD_PREFIX/o
 │ │ pt/emsdk/upstream/emscripten/cmake/Modules/Platform/Emscripten.cmake -DCMAK
 │ │ E_PREFIX_PATH=$PREFIX -DCMAKE_INSTALL_PREFIX=$PREFIX -DCMAKE_FIND_ROOT_PATH
 │ │ _MODE_PACKAGE=ON -DCMAKE_POSITION_INDEPENDENT_CODE:BOOL=true
 │ │ configure: cmake -S /workspace/.src/pytorch -B /workspace/.torch-build -GNi
 │ │ nja -DCMAKE_BUILD_TYPE=Release -DBUILD_PYTHON=ON -DBUILD_TEST=OFF -DBUILD_B
 │ │ INARY=OFF -DBUILD_CAFFE2=OFF -DBUILD_CAFFE2_OPS=OFF -DUSE_CUDA=OFF -DUSE_RO
 │ │ CM=OFF -DUSE_XPU=OFF -DUSE_MKLDNN=OFF -DUSE_FBGEMM=OFF -DUSE_NNPACK=OFF -DU
 │ │ SE_QNNPACK=OFF -DUSE_PYTORCH_QNNPACK=OFF -DUSE_XNNPACK=OFF -DUSE_KINETO=OFF
 │ │  -DUSE_DISTRIBUTED=OFF -DUSE_TENSORPIPE=OFF -DUSE_GLOO=OFF -DUSE_MPI=OFF -D
 │ │ USE_OPENMP=OFF -DUSE_NUMA=OFF -DUSE_NUMPY=OFF -DUSE_MAGMA=OFF -DUSE_ITT=OFF
 │ │  -DUSE_MIMALLOC=OFF -DUSE_OBSERVERS=OFF -DUSE_LITE_PROTO=ON -DUSE_ONNX=OFF 
 │ │ -DATEN_THREADING=NATIVE -DPython_EXECUTABLE=$BUILD_PREFIX/bin/python3 -DPYT
 │ │ HON_EXECUTABLE=$BUILD_PREFIX/bin/python3 -DCMAKE_PROJECT_INCLUDE=/workspace
 │ │ /prototypes/emscripten-forge/torch-wasm/recipe/emscripten_fixups.cmake -DWA
 │ │ SM_PYTHON_INCLUDE_DIR=$PREFIX/include/python3.13 -DCAFFE2_CUSTOM_PROTOC_EXE
 │ │ CUTABLE=/workspace/.hostprotoc/protoc -DCMAKE_TOOLCHAIN_FILE=$BUILD_PREFIX/
 │ │ opt/emsdk/upstream/emscripten/cmake/Modules/Platform/Emscripten.cmake -DCMA
 │ │ KE_PREFIX_PATH=$PREFIX -DCMAKE_INSTALL_PREFIX=$PREFIX -DCMAKE_FIND_ROOT_PAT
 │ │ H_MODE_PACKAGE=ON -DCMAKE_POSITION_INDEPENDENT_CODE:BOOL=true -DCMAKE_CROSS
 │ │ COMPILING_EMULATOR=$BUILD_PREFIX/bin/node
 │ │ CMake Deprecation Warning at CMakeLists.txt:9 (cmake_policy):
 │ │   The OLD behavior for policy CMP0126 will be removed from a future version
 │ │   of CMake.
 │ │   The cmake-policies(7) manual explains that the OLD behaviors of all
 │ │   policies are deprecated and that a policy should be set to OLD only under
 │ │   specific short-term circumstances.  Projects should be ported to the NEW
 │ │   behavior and not rely on setting a policy to OLD.
 │ │ CMake Deprecation Warning at CMakeLists.txt:21 (cmake_policy):
 │ │   The OLD behavior for policy CMP0146 will be removed from a future version
 │ │   of CMake.
 │ │   The cmake-policies(7) manual explains that the OLD behaviors of all
 │ │   policies are deprecated and that a policy should be set to OLD only under
 │ │   specific short-term circumstances.  Projects should be ported to the NEW
 │ │   behavior and not rely on setting a policy to OLD.
 │ │ -- Not forcing any particular BLAS to be found
 │ │ -- Could not find ccache. Consider installing ccache to speed up compilatio
 │ │ n.
 │ │ -- Performing Test C_HAS_AVX_1
 │ │ -- Performing Test C_HAS_AVX_1 - Failed
 │ │ -- Performing Test C_HAS_AVX_2
 │ │ -- Performing Test C_HAS_AVX_2 - Failed
 │ │ -- Performing Test C_HAS_AVX_3
 │ │ -- Performing Test C_HAS_AVX_3 - Failed
 │ │ -- Performing Test C_HAS_AVX2_1
 │ │ -- Performing Test C_HAS_AVX2_1 - Failed
 │ │ -- Performing Test C_HAS_AVX2_2
 │ │ -- Performing Test C_HAS_AVX2_2 - Failed
 │ │ -- Performing Test C_HAS_AVX2_3
 │ │ -- Performing Test C_HAS_AVX2_3 - Failed
 │ │ -- Performing Test C_HAS_AVX512_1
 │ │ -- Performing Test C_HAS_AVX512_1 - Failed
 │ │ -- Performing Test C_HAS_AVX512_2
 │ │ -- Performing Test C_HAS_AVX512_2 - Failed
 │ │ -- Performing Test C_HAS_AVX512_3
 │ │ -- Performing Test C_HAS_AVX512_3 - Failed
 │ │ -- Performing Test CXX_HAS_AVX_1
 │ │ -- Performing Test CXX_HAS_AVX_1 - Failed
 │ │ -- Performing Test CXX_HAS_AVX_2
 │ │ -- Performing Test CXX_HAS_AVX_2 - Failed
 │ │ -- Performing Test CXX_HAS_AVX_3
 │ │ -- Performing Test CXX_HAS_AVX_3 - Failed
 │ │ -- Performing Test CXX_HAS_AVX2_1
 │ │ -- Performing Test CXX_HAS_AVX2_1 - Failed
 │ │ -- Performing Test CXX_HAS_AVX2_2
 │ │ -- Performing Test CXX_HAS_AVX2_2 - Failed
 │ │ -- Performing Test CXX_HAS_AVX2_3
 │ │ -- Performing Test CXX_HAS_AVX2_3 - Failed
 │ │ -- Performing Test CXX_HAS_AVX512_1
 │ │ -- Performing Test CXX_HAS_AVX512_1 - Failed
 │ │ -- Performing Test CXX_HAS_AVX512_2
 │ │ -- Performing Test CXX_HAS_AVX512_2 - Failed
 │ │ -- Performing Test CXX_HAS_AVX512_3
 │ │ -- Performing Test CXX_HAS_AVX512_3 - Failed
 │ │ -- Performing Test CAFFE2_COMPILER_SUPPORTS_AVX512_EXTENSIONS
 │ │ -- Performing Test CAFFE2_COMPILER_SUPPORTS_AVX512_EXTENSIONS - Failed
 │ │ -- Performing Test COMPILER_SUPPORTS_HIDDEN_VISIBILITY
 │ │ -- Performing Test COMPILER_SUPPORTS_HIDDEN_VISIBILITY - Success
 │ │ -- Performing Test COMPILER_SUPPORTS_HIDDEN_INLINE_VISIBILITY
 │ │ -- Performing Test COMPILER_SUPPORTS_HIDDEN_INLINE_VISIBILITY - Success
 │ │ -- Performing Test COMPILER_SUPPORTS_RDYNAMIC
 │ │ -- Performing Test COMPILER_SUPPORTS_RDYNAMIC - Success
 │ │ -- Could not find hardware support for NEON on this machine.
 │ │ -- No OMAP3 processor on this machine.
 │ │ -- No OMAP4 processor on this machine.
 │ │ -- Compiler does not support SVE extension. Will not build perfkernels.
 │ │ -- Building using own protobuf under third_party per request.
 │ │ -- Use custom protobuf build.
 │ │ CMake Warning at cmake/ProtoBuf.cmake:37 (message):
 │ │   Ancient protobuf forces CMake compatibility
 │ │ Call Stack (most recent call first):
 │ │   cmake/ProtoBuf.cmake:87 (custom_protobuf_find)
 │ │   cmake/Dependencies.cmake:107 (include)
 │ │   CMakeLists.txt:863 (include)
 │ │ CMake Deprecation Warning at third_party/protobuf/cmake/CMakeLists.txt:2 (c
 │ │ make_minimum_required):
 │ │   Compatibility with CMake < 3.10 will be removed from a future version of
 │ │   CMake.
 │ │   Update the VERSION argument <min> value.  Or, use the <min>...<max> synta
 │ │ x
 │ │   to tell CMake that the project requires at least <min> but has been updat
 │ │ ed
 │ │   to work with policies introduced by <max> or earlier.
 │ │ -- 
 │ │ -- 3.13.0.0
 │ │ -- Performing Test CMAKE_HAVE_LIBC_PTHREAD
 │ │ -- Performing Test CMAKE_HAVE_LIBC_PTHREAD - Success
 │ │ -- Found Threads: TRUE
 │ │ -- Performing Test protobuf_HAVE_BUILTIN_ATOMICS
 │ │ -- Performing Test protobuf_HAVE_BUILTIN_ATOMICS - Success
 │ │ -- Caffe2 protobuf include directory: $<BUILD_INTERFACE:/workspace/.src/pyt
 │ │ orch/third_party/protobuf/src>$<INSTALL_INTERFACE:include>
 │ │ -- Trying to find preferred BLAS backend of choice: MKL
 │ │ -- MKL_THREADING = OMP
 │ │ -- Looking for sys/types.h
 │ │ -- Looking for sys/types.h - found
 │ │ -- Looking for stdint.h
 │ │ -- Looking for stdint.h - found
 │ │ -- Looking for stddef.h
 │ │ -- Looking for stddef.h - found
 │ │ -- Check size of void*
 │ │ -- Check size of void* - done
 │ │ -- MKL_THREADING = OMP
 │ │ CMake Warning at cmake/Dependencies.cmake:208 (message):
 │ │   MKL could not be found.  Defaulting to Eigen
 │ │ Call Stack (most recent call first):
 │ │   CMakeLists.txt:863 (include)
 │ │ CMake Warning at cmake/Dependencies.cmake:256 (message):
 │ │   Preferred BLAS (MKL) cannot be found, now searching for a general BLAS
 │ │   library
 │ │ Call Stack (most recent call first):
 │ │   CMakeLists.txt:863 (include)
 │ │ -- MKL_THREADING = OMP
 │ │ -- Checking for [mkl_intel - mkl_intel_thread - mkl_core - iomp5 - pthread 
 │ │ - m]
 │ │ --   Library mkl_intel: not found
 │ │ -- Checking for [mkl_intel - mkl_intel_thread - mkl_core - guide - pthread 
 │ │ - m]
 │ │ --   Library mkl_intel: not found
 │ │ -- Checking for [mkl_intel - mkl_intel_thread - mkl_core - pthread - m]
 │ │ --   Library mkl_intel: not found
 │ │ -- Checking for [mkl_intel - mkl_sequential - mkl_core - m]
 │ │ --   Library mkl_intel: not found
 │ │ -- Checking for [mkl_intel - mkl_core - iomp5 - pthread - m]
 │ │ --   Library mkl_intel: not found
 │ │ -- Checking for [mkl_intel - mkl_core - guide - pthread - m]
 │ │ --   Library mkl_intel: not found
 │ │ -- Checking for [mkl_intel - mkl_core - pthread - m]
 │ │ --   Library mkl_intel: not found
 │ │ -- Checking for [mkl - guide - pthread - m]
 │ │ --   Library mkl: not found
 │ │ -- MKL library not found
 │ │ -- Checking for [blis]
 │ │ --   Library blis: BLAS_blis_LIBRARY-NOTFOUND
 │ │ -- Checking for [Accelerate]
 │ │ --   Library Accelerate: BLAS_Accelerate_LIBRARY-NOTFOUND
 │ │ -- Checking for [vecLib]
 │ │ --   Library vecLib: BLAS_vecLib_LIBRARY-NOTFOUND
 │ │ -- Checking for [flexiblas]
 │ │ --   Library flexiblas: BLAS_flexiblas_LIBRARY-NOTFOUND
 │ │ -- Checking for [openblas]
 │ │ --   Library openblas: BLAS_openblas_LIBRARY-NOTFOUND
 │ │ -- Checking for [openblas - pthread - m]
 │ │ --   Library openblas: BLAS_openblas_LIBRARY-NOTFOUND
 │ │ -- Checking for [openblas - pthread - m - gomp]
 │ │ --   Library openblas: BLAS_openblas_LIBRARY-NOTFOUND
 │ │ -- Checking for [goto2 - gfortran]
 │ │ --   Library goto2: BLAS_goto2_LIBRARY-NOTFOUND
 │ │ -- Checking for [goto2 - gfortran - pthread]
 │ │ --   Library goto2: BLAS_goto2_LIBRARY-NOTFOUND
 │ │ -- Checking for [acml - gfortran]
 │ │ --   Library acml: BLAS_acml_LIBRARY-NOTFOUND
 │ │ -- Checking for [blis]
 │ │ --   Library blis: BLAS_blis_LIBRARY-NOTFOUND
 │ │ -- Could NOT find Atlas (missing: Atlas_CBLAS_INCLUDE_DIR Atlas_CLAPACK_INC
 │ │ LUDE_DIR Atlas_CBLAS_LIBRARY Atlas_BLAS_LIBRARY Atlas_LAPACK_LIBRARY) 
 │ │ -- Checking for [ptf77blas - atlas - gfortran]
 │ │ --   Library ptf77blas: BLAS_ptf77blas_LIBRARY-NOTFOUND
 │ │ -- Checking for []
 │ │ -- Looking for sgemm_
 │ │ -- Looking for sgemm_ - found
 │ │ -- Cannot find a library with BLAS API. Not using BLAS.
 │ │ -- Using pocketfft in directory: /workspace/.src/pytorch/third_party/pocket
 │ │ fft/
 │ │ CMake Deprecation Warning at third_party/cpuinfo/CMakeLists.txt:1 (CMAKE_MI
 │ │ NIMUM_REQUIRED):
 │ │   Compatibility with CMake < 3.10 will be removed from a future version of
 │ │   CMake.
 │ │   Update the VERSION argument <min> value.  Or, use the <min>...<max> synta
 │ │ x
 │ │   to tell CMake that the project requires at least <min> but has been updat
 │ │ ed
 │ │   to work with policies introduced by <max> or earlier.
 │ │ CMake Warning at third_party/cpuinfo/CMakeLists.txt:113 (MESSAGE):
 │ │   Target operating system "Emscripten" is not supported in cpuinfo.  cpuinf
 │ │ o
 │ │   will compile, but cpuinfo_initialize() will always fail.
 │ │ CMake Warning at cmake/Dependencies.cmake:711 (message):
 │ │   Turning USE_FAKELOWP off as it depends on USE_FBGEMM.
 │ │ Call Stack (most recent call first):
 │ │   CMakeLists.txt:863 (include)
 │ │ CMake Warning at cmake/Dependencies.cmake:764 (message):
 │ │   FP16 is only cmake-2.8 compatible
 │ │ Call Stack (most recent call first):
 │ │   CMakeLists.txt:863 (include)
 │ │ CMake Deprecation Warning at third_party/FP16/CMakeLists.txt:1 (CMAKE_MINIM
 │ │ UM_REQUIRED):
 │ │   Compatibility with CMake < 3.10 will be removed from a future version of
 │ │   CMake.
 │ │   Update the VERSION argument <min> value.  Or, use the <min>...<max> synta
 │ │ x
 │ │   to tell CMake that the project requires at least <min> but has been updat
 │ │ ed
 │ │   to work with policies introduced by <max> or earlier.
 │ │ CMake Deprecation Warning at third_party/psimd/CMakeLists.txt:1 (CMAKE_MINI
 │ │ MUM_REQUIRED):
 │ │   Compatibility with CMake < 3.10 will be removed from a future version of
 │ │   CMake.
 │ │   Update the VERSION argument <min> value.  Or, use the <min>...<max> synta
 │ │ x
 │ │   to tell CMake that the project requires at least <min> but has been updat
 │ │ ed
 │ │   to work with policies introduced by <max> or earlier.
 │ │ -- Using third party subdirectory Eigen.
 │ │ -- Found Python: $BUILD_PREFIX/bin/python3 (found version "3.13.15") found 
 │ │ components: Interpreter missing components: Development.Module
 │ │ -- Using third_party/pybind11.
 │ │ -- pybind11 include dirs: /workspace/.src/pytorch/cmake/../third_party/pybi
 │ │ nd11/include
 │ │ -- Could NOT find OpenTelemetryApi (missing: OpenTelemetryApi_INCLUDE_DIRS)
 │ │  
 │ │ -- Using third_party/opentelemetry-cpp.
 │ │ -- opentelemetry api include dirs: /workspace/.src/pytorch/cmake/../third_p
 │ │ arty/opentelemetry-cpp/api/include
 │ │ -- Found Python3: $BUILD_PREFIX/bin/python3 (found version "3.13.15") found
 │ │  components: Interpreter
 │ │ -- Using custom protoc executable
 │ │ -- ONNX_PROTOC_EXECUTABLE: /workspace/.hostprotoc/protoc
 │ │ -- Protobuf_VERSION: Protobuf_VERSION_NOTFOUND
 │ │ Generated: /workspace/.torch-build/third_party/onnx/onnx/onnx_onnx_torch-ml
 │ │ .proto
 │ │ Generated: /workspace/.torch-build/third_party/onnx/onnx/onnx-operators_onn
 │ │ x_torch-ml.proto
 │ │ Generated: /workspace/.torch-build/third_party/onnx/onnx/onnx-data_onnx_tor
 │ │ ch.proto
 │ │ -- 
 │ │ -- ******** Summary ********
 │ │ --   CMake version                     : 4.3.4
 │ │ --   CMake command                     : $BUILD_PREFIX/bin/cmake
 │ │ --   System                            : Emscripten
 │ │ --   C++ compiler                      : $BUILD_PREFIX/opt/emsdk/upstream/e
 │ │ mscripten/em++
 │ │ --   C++ compiler version              : 20.0.0
 │ │ --   CXX flags                         : -O2 -g0 -fPIC -I$PREFIX/include -f
 │ │ exceptions -fvisibility-inlines-hidden -Wnon-virtual-dtor
 │ │ --   Build type                        : Release
 │ │ --   Compile definitions               : ONNX_ML=1;ONNXIFI_ENABLE_EXT=1
 │ │ --   CMAKE_PREFIX_PATH                 : $PREFIX
 │ │ --   CMAKE_INSTALL_PREFIX              : $PREFIX
 │ │ --   CMAKE_MODULE_PATH                 : $BUILD_PREFIX/opt/emsdk/upstream/e
 │ │ mscripten/cmake/Modules;$BUILD_PREFIX/opt/emsdk/upstream/emscripten/cmake/M
 │ │ odules;$BUILD_PREFIX/opt/emsdk/upstream/emscripten/cmake/Modules;/workspace
 │ │ /.src/pytorch/cmake/Modules
 │ │ -- 
 │ │ --   ONNX version                      : 1.18.0
 │ │ --   ONNX NAMESPACE                    : onnx_torch
 │ │ --   ONNX_USE_LITE_PROTO               : 1
 │ │ --   USE_PROTOBUF_SHARED_LIBS          : OFF
 │ │ --   ONNX_DISABLE_EXCEPTIONS           : OFF
 │ │ --   ONNX_DISABLE_STATIC_REGISTRATION  : OFF
 │ │ --   ONNX_WERROR                       : OFF
 │ │ --   ONNX_BUILD_TESTS                  : OFF
 │ │ --   BUILD_SHARED_LIBS                 : OFF
 │ │ -- 
 │ │ --   Protobuf compiler                 : /workspace/.hostprotoc/protoc
 │ │ --   Protobuf includes                 : 
 │ │ --   Protobuf libraries                : 
 │ │ --   ONNX_BUILD_PYTHON                 : OFF
 │ │ -- Found CUDA with FP16 support, compiling with torch.cuda.HalfTensor
 │ │ -- Adding -DNDEBUG to compile flags
 │ │ -- Could not find hardware support for NEON on this machine.
 │ │ -- No OMAP3 processor on this machine.
 │ │ -- No OMAP4 processor on this machine.
 │ │ -- MKL_THREADING = OMP
 │ │ -- Checking for [mkl_intel - mkl_intel_thread - mkl_core - iomp5 - pthread 
 │ │ - m]
 │ │ --   Library mkl_intel: not found
 │ │ -- Checking for [mkl_intel - mkl_intel_thread - mkl_core - guide - pthread 
 │ │ - m]
 │ │ --   Library mkl_intel: not found
 │ │ -- Checking for [mkl_intel - mkl_intel_thread - mkl_core - pthread - m]
 │ │ --   Library mkl_intel: not found
 │ │ -- Checking for [mkl_intel - mkl_sequential - mkl_core - m]
 │ │ --   Library mkl_intel: not found
 │ │ -- Checking for [mkl_intel - mkl_core - iomp5 - pthread - m]
 │ │ --   Library mkl_intel: not found
 │ │ -- Checking for [mkl_intel - mkl_core - guide - pthread - m]
 │ │ --   Library mkl_intel: not found
 │ │ -- Checking for [mkl_intel - mkl_core - pthread - m]
 │ │ --   Library mkl_intel: not found
 │ │ -- Checking for [mkl - guide - pthread - m]
 │ │ --   Library mkl: not found
 │ │ -- MKL library not found
 │ │ -- Checking for [blis]
 │ │ --   Library blis: BLAS_blis_LIBRARY-NOTFOUND
 │ │ -- Checking for [Accelerate]
 │ │ --   Library Accelerate: BLAS_Accelerate_LIBRARY-NOTFOUND
 │ │ -- Checking for [vecLib]
 │ │ --   Library vecLib: BLAS_vecLib_LIBRARY-NOTFOUND
 │ │ -- Checking for [flexiblas]
 │ │ --   Library flexiblas: BLAS_flexiblas_LIBRARY-NOTFOUND
 │ │ -- Checking for [openblas]
 │ │ --   Library openblas: BLAS_openblas_LIBRARY-NOTFOUND
 │ │ -- Checking for [openblas - pthread - m]
 │ │ --   Library openblas: BLAS_openblas_LIBRARY-NOTFOUND
 │ │ -- Checking for [openblas - pthread - m - gomp]
 │ │ --   Library openblas: BLAS_openblas_LIBRARY-NOTFOUND
 │ │ -- Checking for [goto2 - gfortran]
 │ │ --   Library goto2: BLAS_goto2_LIBRARY-NOTFOUND
 │ │ -- Checking for [goto2 - gfortran - pthread]
 │ │ --   Library goto2: BLAS_goto2_LIBRARY-NOTFOUND
 │ │ -- Checking for [acml - gfortran]
 │ │ --   Library acml: BLAS_acml_LIBRARY-NOTFOUND
 │ │ -- Checking for [blis]
 │ │ --   Library blis: BLAS_blis_LIBRARY-NOTFOUND
 │ │ -- Could NOT find Atlas (missing: Atlas_CBLAS_INCLUDE_DIR Atlas_CLAPACK_INC
 │ │ LUDE_DIR Atlas_CBLAS_LIBRARY Atlas_BLAS_LIBRARY Atlas_LAPACK_LIBRARY) 
 │ │ -- Checking for [ptf77blas - atlas - gfortran]
 │ │ --   Library ptf77blas: BLAS_ptf77blas_LIBRARY-NOTFOUND
 │ │ -- Checking for []
 │ │ -- Cannot find a library with BLAS API. Not using BLAS.
 │ │ -- LAPACK requires BLAS
 │ │ -- Cannot find a library with LAPACK API. Not using LAPACK.
 │ │ disabling CUDA because NOT USE_CUDA is set
 │ │ disabling ROCM because NOT USE_ROCM is set
 │ │ -- MIOpen not found. Compiling without MIOpen support
 │ │ disabling MKLDNN because USE_MKLDNN is not set
 │ │ -- Looking for clock_gettime in rt
 │ │ -- Looking for clock_gettime in rt - found
 │ │ -- Looking for mmap
 │ │ -- Looking for mmap - found
 │ │ -- Looking for shm_open
 │ │ -- Looking for shm_open - found
 │ │ -- Looking for shm_unlink
 │ │ -- Looking for shm_unlink - found
 │ │ -- Looking for malloc_usable_size
 │ │ -- Looking for malloc_usable_size - found
 │ │ -- {fmt} version: 11.2.0
 │ │ -- Build type: Release
 │ │ -- Performing Test HAS_NULLPTR_WARNING
 │ │ -- Performing Test HAS_NULLPTR_WARNING - Success
 │ │ -- Performing Test HAS_WERROR_RETURN_TYPE
 │ │ -- Performing Test HAS_WERROR_RETURN_TYPE - Success
 │ │ -- Performing Test HAS_WERROR_NON_VIRTUAL_DTOR
 │ │ -- Performing Test HAS_WERROR_NON_VIRTUAL_DTOR - Success
 │ │ -- Performing Test HAS_WERROR_BRACED_SCALAR_INIT
 │ │ -- Performing Test HAS_WERROR_BRACED_SCALAR_INIT - Success
 │ │ -- Performing Test HAS_WERROR_RANGE_LOOP_CONSTRUCT
 │ │ -- Performing Test HAS_WERROR_RANGE_LOOP_CONSTRUCT - Success
 │ │ -- Performing Test HAS_WERROR_BOOL_OPERATION
 │ │ -- Performing Test HAS_WERROR_BOOL_OPERATION - Success
 │ │ -- Performing Test HAS_WNARROWING
 │ │ -- Performing Test HAS_WNARROWING - Success
 │ │ -- Performing Test HAS_WNO_MISSING_FIELD_INITIALIZERS
 │ │ -- Performing Test HAS_WNO_MISSING_FIELD_INITIALIZERS - Success
 │ │ -- Performing Test HAS_WNO_UNKNOWN_PRAGMAS
 │ │ -- Performing Test HAS_WNO_UNKNOWN_PRAGMAS - Success
 │ │ -- Performing Test HAS_WNO_UNUSED_PARAMETER
 │ │ -- Performing Test HAS_WNO_UNUSED_PARAMETER - Success
 │ │ -- Performing Test HAS_WNO_STRICT_OVERFLOW
 │ │ -- Performing Test HAS_WNO_STRICT_OVERFLOW - Success
 │ │ -- Performing Test HAS_WNO_STRICT_ALIASING
 │ │ -- Performing Test HAS_WNO_STRICT_ALIASING - Success
 │ │ -- Performing Test HAS_WNO_STRINGOP_OVERFLOW
 │ │ -- Performing Test HAS_WNO_STRINGOP_OVERFLOW - Failed
 │ │ -- Performing Test HAS_WVLA_EXTENSION
 │ │ -- Performing Test HAS_WVLA_EXTENSION - Success
 │ │ -- Performing Test HAS_WSUGGEST_OVERRIDE
 │ │ -- Performing Test HAS_WSUGGEST_OVERRIDE - Success
 │ │ -- Performing Test HAS_WNEWLINE_EOF
 │ │ -- Performing Test HAS_WNEWLINE_EOF - Success
 │ │ -- Performing Test HAS_WINCONSISTENT_MISSING_OVERRIDE
 │ │ -- Performing Test HAS_WINCONSISTENT_MISSING_OVERRIDE - Success
 │ │ -- Performing Test HAS_WINCONSISTENT_MISSING_DESTRUCTOR_OVERRIDE
 │ │ -- Performing Test HAS_WINCONSISTENT_MISSING_DESTRUCTOR_OVERRIDE - Success
 │ │ -- Performing Test HAS_WNO_ERROR_OLD_STYLE_CAST
 │ │ -- Performing Test HAS_WNO_ERROR_OLD_STYLE_CAST - Success
 │ │ -- Performing Test HAS_WCONSTANT_CONVERSION
 │ │ -- Performing Test HAS_WCONSTANT_CONVERSION - Success
 │ │ -- Performing Test HAS_WNO_ALIGNED_ALLOCATION_UNAVAILABLE
 │ │ -- Performing Test HAS_WNO_ALIGNED_ALLOCATION_UNAVAILABLE - Failed
 │ │ -- Performing Test HAS_QUNUSED_ARGUMENTS
 │ │ -- Performing Test HAS_QUNUSED_ARGUMENTS - Success
 │ │ -- Performing Test HAS_FALIGNED_NEW
 │ │ -- Performing Test HAS_FALIGNED_NEW - Success
 │ │ -- Performing Test HAS_WNO_MAYBE_UNINITIALIZED
 │ │ -- Performing Test HAS_WNO_MAYBE_UNINITIALIZED - Failed
 │ │ -- Performing Test HAS_FSTANDALONE_DEBUG
 │ │ -- Performing Test HAS_FSTANDALONE_DEBUG - Success
 │ │ -- Performing Test HAS_FNO_MATH_ERRNO
 │ │ -- Performing Test HAS_FNO_MATH_ERRNO - Success
 │ │ -- Performing Test HAS_FNO_TRAPPING_MATH
 │ │ -- Performing Test HAS_FNO_TRAPPING_MATH - Success
 │ │ -- Performing Test HAS_WERROR_FORMAT
 │ │ -- Performing Test HAS_WERROR_FORMAT - Success
 │ │ CMake Warning (dev) at c10/CMakeLists.txt:52 (add_library):
 │ │   ADD_LIBRARY called with SHARED option but the target platform does not
 │ │   support dynamic linking.  Building a STATIC library instead.  This may le
 │ │ ad
 │ │   to problems.
 │ │ This warning is for project developers.  Use -Wno-dev to suppress it.
 │ │ -- don't use NUMA
 │ │ -- Looking for backtrace
 │ │ -- Looking for backtrace - not found
 │ │ -- Could NOT find Backtrace (missing: Backtrace_LIBRARY Backtrace_INCLUDE_D
 │ │ IR) 
 │ │ -- headers outputs: 
 │ │ -- sources outputs: 
 │ │ -- declarations_yaml outputs: 
 │ │ -- Using ATen parallel backend: NATIVE
 │ │ disabling CUDA because USE_CUDA is set false
 │ │ AT_INSTALL_INCLUDE_DIR include/ATen/core
 │ │ core header install: /workspace/.torch-build/aten/src/ATen/core/TensorBody.
 │ │ h
 │ │ core header install: /workspace/.torch-build/aten/src/ATen/core/aten_intern
 │ │ ed_strings.h
 │ │ core header install: /workspace/.torch-build/aten/src/ATen/core/enum_tag.h
 │ │ CMake Warning (dev) at caffe2/CMakeLists.txt:792 (add_library):
 │ │   ADD_LIBRARY called with SHARED option but the target platform does not
 │ │   support dynamic linking.  Building a STATIC library instead.  This may le
 │ │ ad
 │ │   to problems.
 │ │ This warning is for project developers.  Use -Wno-dev to suppress it.
 │ │ -- Performing Test HAS_WMISSING_PROTOTYPES
 │ │ -- Performing Test HAS_WMISSING_PROTOTYPES - Success
 │ │ -- Performing Test HAS_WERROR_MISSING_PROTOTYPES
 │ │ -- Performing Test HAS_WERROR_MISSING_PROTOTYPES - Success
 │ │ CMake Warning (dev) at caffe2/CMakeLists.txt:919 (add_library):
 │ │   ADD_LIBRARY called with SHARED option but the target platform does not
 │ │   support dynamic linking.  Building a STATIC library instead.  This may le
 │ │ ad
 │ │   to problems.
 │ │ This warning is for project developers.  Use -Wno-dev to suppress it.
 │ │ CMake Warning (dev) at torch/lib/libshm/CMakeLists.txt:10 (add_library):
 │ │   ADD_LIBRARY called with SHARED option but the target platform does not
 │ │   support dynamic linking.  Building a STATIC library instead.  This may le
 │ │ ad
 │ │   to problems.
 │ │ This warning is for project developers.  Use -Wno-dev to suppress it.
 │ │ CMake Warning (dev) at torch/CMakeLists.txt:316 (add_library):
 │ │   ADD_LIBRARY called with SHARED option but the target platform does not
 │ │   support dynamic linking.  Building a STATIC library instead.  This may le
 │ │ ad
 │ │   to problems.
 │ │ This warning is for project developers.  Use -Wno-dev to suppress it.
 │ │ CMake Warning (dev) at torch/CMakeLists.txt:492 (add_library):
 │ │   ADD_LIBRARY called with SHARED option but the target platform does not
 │ │   support dynamic linking.  Building a STATIC library instead.  This may le
 │ │ ad
 │ │   to problems.
 │ │ This warning is for project developers.  Use -Wno-dev to suppress it.
 │ │ CMake Warning (dev) at caffe2/CMakeLists.txt:1709 (add_library):
 │ │   ADD_LIBRARY called with SHARED option but the target platform does not
 │ │   support dynamic linking.  Building a STATIC library instead.  This may le
 │ │ ad
 │ │   to problems.
 │ │ This warning is for project developers.  Use -Wno-dev to suppress it.
 │ │ CMake Warning at CMakeLists.txt:1266 (message):
 │ │   Generated cmake files are only fully tested if one builds with system glo
 │ │ g,
 │ │   gflags, and protobuf.  Other settings may generate files that are not wel
 │ │ l
 │ │   tested.
 │ │ -- 
 │ │ -- ******** Summary ********
 │ │ -- General:
 │ │ --   CMake version         : 4.3.4
 │ │ --   CMake command         : $BUILD_PREFIX/bin/cmake
 │ │ --   System                : Emscripten
 │ │ --   C++ compiler          : $BUILD_PREFIX/opt/emsdk/upstream/emscripten/em
 │ │ ++
 │ │ --   C++ compiler id       : Clang
 │ │ --   C++ compiler version  : 20.0.0
 │ │ --   Using ccache if found : ON
 │ │ --   Found ccache          : CCACHE_PROGRAM-NOTFOUND
 │ │ --   CXX flags             : -O2 -g0 -fPIC -I$PREFIX/include -fexceptions -
 │ │ fvisibility-inlines-hidden -DNDEBUG -DSYMBOLICATE_MOBILE_DEBUG_HANDLE -O2 -
 │ │ fPIC -DC10_NODEPRECATED -Wall -Wextra -Werror=return-type -Werror=non-virtu
 │ │ al-dtor -Werror=braced-scalar-init -Werror=range-loop-construct -Werror=boo
 │ │ l-operation -Wnarrowing -Wno-missing-field-initializers -Wno-unknown-pragma
 │ │ s -Wno-unused-parameter -Wno-strict-overflow -Wno-strict-aliasing -Wvla-ext
 │ │ ension -Wsuggest-override -Wnewline-eof -Winconsistent-missing-override -Wi
 │ │ nconsistent-missing-destructor-override -Wno-pass-failed -Wno-error=old-sty
 │ │ le-cast -Wconstant-conversion -Qunused-arguments -faligned-new -fno-math-er
 │ │ rno -fno-trapping-math -Werror=format -Wno-implicit-function-declaration -D
 │ │ EMSCRIPTEN -s DISABLE_EXCEPTION_CATCHING=0
 │ │ --   Shared LD flags       : -O2 -g0 -s WASM=1 -sWASM_BIGINT -L$PREFIX/lib 
 │ │ -s SIDE_MODULE=1 -O2 -g0 -s WASM=1 -sWASM_BIGINT -L$PREFIX/lib -s SIDE_MODU
 │ │ LE=1 -fexceptions -rdynamic
 │ │ --   Static LD flags       : 
 │ │ --   Module LD flags       : -O2 -g0 -s WASM=1 -sWASM_BIGINT -L$PREFIX/lib 
 │ │ -s SIDE_MODULE=1 -O2 -g0 -s WASM=1 -sWASM_BIGINT -L$PREFIX/lib -s SIDE_MODU
 │ │ LE=1 -fexceptions
 │ │ --   Build type            : Release
 │ │ --   Compile definitions   : ONNX_ML=1;ONNXIFI_ENABLE_EXT=1;ONNX_NAMESPACE=
 │ │ onnx_torch;HAVE_MMAP=1;_FILE_OFFSET_BITS=64;HAVE_SHM_OPEN=1;HAVE_SHM_UNLINK
 │ │ =1;HAVE_MALLOC_USABLE_SIZE=1;USE_EXTERNAL_MZCRC;MINIZ_DISABLE_ZIP_READER_CR
 │ │ C32_CHECKS
 │ │ --   CMAKE_PREFIX_PATH     : $PREFIX
 │ │ --   CMAKE_INSTALL_PREFIX  : $PREFIX
 │ │ --   USE_GOLD_LINKER       : OFF
 │ │ -- 
 │ │ --   TORCH_VERSION         : 2.8.0
 │ │ --   BUILD_STATIC_RUNTIME_BENCHMARK: OFF
 │ │ --   BUILD_BINARY          : OFF
 │ │ --   BUILD_CUSTOM_PROTOBUF : ON
 │ │ --     Link local protobuf : ON
 │ │ --   BUILD_PYTHON          : ON
 │ │ --     Python version      : 3.13.15
 │ │ --     Python executable   : $BUILD_PREFIX/bin/python3
 │ │ --     Python library      : 
 │ │ --     Python includes     : _Python_INCLUDE_DIR-NOTFOUND
 │ │ --     Python site-package : $PREFIX/lib/python3.13/site-packages
 │ │ --   BUILD_SHARED_LIBS     : ON
 │ │ --   CAFFE2_USE_MSVC_STATIC_RUNTIME     : OFF
 │ │ --   BUILD_TEST            : OFF
 │ │ --   BUILD_JNI             : OFF
 │ │ --   BUILD_MOBILE_AUTOGRAD : OFF
 │ │ --   BUILD_LITE_INTERPRETER: OFF
 │ │ --   INTERN_BUILD_MOBILE   : 
 │ │ --   TRACING_BASED         : OFF
 │ │ --   USE_BLAS              : 0
 │ │ --   USE_LAPACK            : 0
 │ │ --   USE_ASAN              : OFF
 │ │ --   USE_TSAN              : OFF
 │ │ --   USE_CPP_CODE_COVERAGE : OFF
 │ │ --   USE_CUDA              : OFF
 │ │ --   USE_XPU               : OFF
 │ │ --   USE_ROCM              : OFF
 │ │ --   BUILD_NVFUSER         : 
 │ │ --   USE_EIGEN_FOR_BLAS    : ON
 │ │ --   USE_FBGEMM            : OFF
 │ │ --     USE_FAKELOWP          : OFF
 │ │ --   USE_KINETO            : OFF
 │ │ --   USE_GFLAGS            : OFF
 │ │ --   USE_GLOG              : OFF
 │ │ --   USE_LITE_PROTO        : ON
 │ │ --   USE_PYTORCH_METAL     : OFF
 │ │ --   USE_PYTORCH_METAL_EXPORT     : OFF
 │ │ --   USE_MPS               : OFF
 │ │ --   CAN_COMPILE_METAL     : 
 │ │ --   USE_MKL               : OFF
 │ │ --   USE_MKLDNN            : OFF
 │ │ --   USE_UCC               : OFF
 │ │ --   USE_ITT               : OFF
 │ │ --   USE_XCCL              : OFF
 │ │ --   USE_NCCL              : OFF
 │ │ --   USE_NNPACK            : OFF
 │ │ --   USE_NUMPY             : OFF
 │ │ --   USE_OBSERVERS         : ON
 │ │ --   USE_OPENCL            : OFF
 │ │ --   USE_OPENMP            : OFF
 │ │ --   USE_MIMALLOC          : OFF
 │ │ --   USE_VULKAN            : OFF
 │ │ --   USE_PROF              : OFF
 │ │ --   USE_PYTORCH_QNNPACK   : OFF
 │ │ --   USE_XNNPACK           : OFF
 │ │ --   USE_DISTRIBUTED       : OFF
 │ │ --   Public Dependencies  : 
 │ │ --   Private Dependencies : Threads::Threads;cpuinfo;fp16;rt;fmt::fmt-heade
 │ │ r-only;dl
 │ │ --   Public CUDA Deps.    : 
 │ │ --   Private CUDA Deps.   : 
 │ │ --   USE_COREML_DELEGATE     : OFF
 │ │ --   BUILD_LAZY_TS_BACKEND   : ON
 │ │ --   USE_ROCM_KERNEL_ASSERT : OFF
 │ │ CMake Warning (dev) at functorch/CMakeLists.txt:11 (add_library):
 │ │   ADD_LIBRARY called with MODULE option but the target platform does not
 │ │   support dynamic linking.  Building a STATIC library instead.  This may le
 │ │ ad
 │ │   to problems.
 │ │ This warning is for project developers.  Use -Wno-dev to suppress it.
 │ │ -- Configuring done (30.3s)
 │ │ -- Generating done (0.4s)
 │ │ CMake Warning:
 │ │   Manually-specified variables were not used by the project:
 │ │     BUILD_CAFFE2
 │ │     BUILD_CAFFE2_OPS
 │ │     PYTHON_EXECUTABLE
 │ │     USE_ONNX
 │ │     USE_QNNPACK
 │ │ -- Build files have been written to: /workspace/.torch-build
 │ │ + cfg=0
 │ │ + echo CONFIGURE_RC=0
 │ │ + tee -a /workspace/prototypes/emscripten-forge/torch-wasm/logs/10-configur
 │ │ e.log
 │ │ CONFIGURE_RC=0
 │ │ + '[' 0 = 0 ']'
 │ │ + grep -E BUILD_PYTHON /workspace/prototypes/emscripten-forge/torch-wasm/lo
 │ │ gs/10-configure.log
 │ │ + tail -3
 │ │ + emmake cmake --build /workspace/.torch-build --target torch_python -j 4
 │ │ + tee /workspace/prototypes/emscripten-forge/torch-wasm/logs/14-build-torch
 │ │ _python.log
 │ │ configure: cmake -S /workspace/.src/pytorch -B /workspace/.torch-build -GNi
 │ │ nja -DCMAKE_BUILD_TYPE=Release -DBUILD_PYTHON=ON -DBUILD_TEST=OFF -DBUILD_B
 │ │ INARY=OFF -DBUILD_CAFFE2=OFF -DBUILD_CAFFE2_OPS=OFF -DUSE_CUDA=OFF -DUSE_RO
 │ │ CM=OFF -DUSE_XPU=OFF -DUSE_MKLDNN=OFF -DUSE_FBGEMM=OFF -DUSE_NNPACK=OFF -DU
 │ │ SE_QNNPACK=OFF -DUSE_PYTORCH_QNNPACK=OFF -DUSE_XNNPACK=OFF -DUSE_KINETO=OFF
 │ │  -DUSE_DISTRIBUTED=OFF -DUSE_TENSORPIPE=OFF -DUSE_GLOO=OFF -DUSE_MPI=OFF -D
 │ │ USE_OPENMP=OFF -DUSE_NUMA=OFF -DUSE_NUMPY=OFF -DUSE_MAGMA=OFF -DUSE_ITT=OFF
 │ │  -DUSE_MIMALLOC=OFF -DUSE_OBSERVERS=OFF -DUSE_LITE_PROTO=ON -DUSE_ONNX=OFF 
 │ │ -DATEN_THREADING=NATIVE -DPython_EXECUTABLE=$BUILD_PREFIX/bin/python3 -DPYT
 │ │ HON_EXECUTABLE=$BUILD_PREFIX/bin/python3 -DCMAKE_PROJECT_INCLUDE=/workspace
 │ │ /prototypes/emscripten-forge/torch-wasm/recipe/emscripten_fixups.cmake -DWA
 │ │ SM_PYTHON_INCLUDE_DIR=$PREFIX/include/python3.13 -DCAFFE2_CUSTOM_PROTOC_EXE
 │ │ CUTABLE=/workspace/.hostprotoc/protoc -DCMAKE_TOOLCHAIN_FILE=$BUILD_PREFIX/
 │ │ opt/emsdk/upstream/emscripten/cmake/Modules/Platform/Emscripten.cmake -DCMA
 │ │ KE_PREFIX_PATH=$PREFIX -DCMAKE_INSTALL_PREFIX=$PREFIX -DCMAKE_FIND_ROOT_PAT
 │ │ H_MODE_PACKAGE=ON -DCMAKE_POSITION_INDEPENDENT_CODE:BOOL=true -DCMAKE_CROSS
 │ │ COMPILING_EMULATOR=$BUILD_PREFIX/bin/node
 │ │ --   ONNX_BUILD_PYTHON                 : OFF
 │ │ --   BUILD_PYTHON          : ON
 │ │ make: cmake --build /workspace/.torch-build --target torch_python -j 4
 │ │ [1/4] Generating ATen declarations_yaml
 │ │ [2/4] Generating ATen headers
 │ │ [3/4] Generating ATen sources
 │ │ [1/1431] Running gen_proto.py on onnx/onnx.in.proto
 │ │ Processing /workspace/.src/pytorch/third_party/onnx/onnx/onnx.in.proto
 │ │ Writing /workspace/.torch-build/third_party/onnx/onnx/onnx_onnx_torch-ml.pr
 │ │ oto
 │ │ Writing /workspace/.torch-build/third_party/onnx/onnx/onnx_onnx_torch-ml.pr
 │ │ oto3
 │ │ Writing /workspace/.torch-build/third_party/onnx/onnx/onnx-ml.pb.h
 │ │ generating /workspace/.torch-build/third_party/onnx/onnx/onnx_pb.py
 │ │ [2/1431] Running C++ protocol buffer compiler on /workspace/.torch-build/th
 │ │ ird_party/onnx/onnx/onnx_onnx_torch-ml.proto
 │ │ [3/1431] Running gen_proto.py on onnx/onnx-operators.in.proto
 │ │ Processing /workspace/.src/pytorch/third_party/onnx/onnx/onnx-operators.in.
 │ │ proto
 │ │ Writing /workspace/.torch-build/third_party/onnx/onnx/onnx-operators_onnx_t
 │ │ orch-ml.proto
 │ │ Writing /workspace/.torch-build/third_party/onnx/onnx/onnx-operators_onnx_t
 │ │ orch-ml.proto3
 │ │ Writing /workspace/.torch-build/third_party/onnx/onnx/onnx-operators-ml.pb.
 │ │ h
 │ │ generating /workspace/.torch-build/third_party/onnx/onnx/onnx_operators_pb.
 │ │ py
 │ │ [4/1431] Running gen_proto.py on onnx/onnx-data.in.proto
 │ │ Processing /workspace/.src/pytorch/third_party/onnx/onnx/onnx-data.in.proto
 │ │ Writing /workspace/.torch-build/third_party/onnx/onnx/onnx-data_onnx_torch.
 │ │ proto
 │ │ Writing /workspace/.torch-build/third_party/onnx/onnx/onnx-data_onnx_torch.
 │ │ proto3
 │ │ Writing /workspace/.torch-build/third_party/onnx/onnx/onnx-data.pb.h
 │ │ generating /workspace/.torch-build/third_party/onnx/onnx/onnx_data_pb.py
 │ │ [5/1431] Building CXX object third_party/protobuf/cmake/CMakeFiles/libproto
 │ │ buf-lite.dir/__/src/google/protobuf/arena.cc.o
 │ │ [6/1431] Building CXX object third_party/protobuf/cmake/CMakeFiles/libproto
 │ │ buf-lite.dir/__/src/google/protobuf/any_lite.cc.o
 │ │ [7/1431] Building CXX object third_party/protobuf/cmake/CMakeFiles/libproto
 │ │ buf-lite.dir/__/src/google/protobuf/generated_enum_util.cc.o
 │ │ [8/1431] Building CXX object third_party/protobuf/cmake/CMakeFiles/libproto
 │ │ buf-lite.dir/__/src/google/protobuf/implicit_weak_message.cc.o
 │ │ [9/1431] Building CXX object third_party/protobuf/cmake/CMakeFiles/libproto
 │ │ buf-lite.dir/__/src/google/protobuf/extension_set.cc.o
 │ │ [10/1431] Building CXX object third_party/protobuf/cmake/CMakeFiles/libprot
 │ │ obuf-lite.dir/__/src/google/protobuf/io/io_win32.cc.o
 │ │ [11/1431] Building CXX object third_party/protobuf/cmake/CMakeFiles/libprot
 │ │ obuf-lite.dir/__/src/google/protobuf/generated_message_table_driven_lite.cc
 │ │ .o
 │ │ [12/1431] Building CXX object third_party/protobuf/cmake/CMakeFiles/libprot
 │ │ obuf-lite.dir/__/src/google/protobuf/generated_message_util.cc.o
 │ │ [13/1431] Building CXX object third_party/protobuf/cmake/CMakeFiles/libprot
 │ │ obuf-lite.dir/__/src/google/protobuf/io/strtod.cc.o
 │ │ [14/1431] Building CXX object third_party/protobuf/cmake/CMakeFiles/libprot
 │ │ obuf-lite.dir/__/src/google/protobuf/io/coded_stream.cc.o
 │ │ [15/1431] Building CXX object third_party/protobuf/cmake/CMakeFiles/libprot
 │ │ obuf-lite.dir/__/src/google/protobuf/io/zero_copy_stream.cc.o
 │ │ [16/1431] Building CXX object third_party/protobuf/cmake/CMakeFiles/libprot
 │ │ obuf-lite.dir/__/src/google/protobuf/io/zero_copy_stream_impl.cc.o
 │ │ [17/1431] Building CXX object third_party/protobuf/cmake/CMakeFiles/libprot
 │ │ obuf-lite.dir/__/src/google/protobuf/io/zero_copy_stream_impl_lite.cc.o
 │ │ [18/1431] Building CXX object third_party/protobuf/cmake/CMakeFiles/libprot
 │ │ obuf-lite.dir/__/src/google/protobuf/message_lite.cc.o
 │ │ [19/1431] Building CXX object third_party/protobuf/cmake/CMakeFiles/libprot
 │ │ obuf-lite.dir/__/src/google/protobuf/parse_context.cc.o
 │ │ [20/1431] Building CXX object third_party/protobuf/cmake/CMakeFiles/libprot
 │ │ obuf-lite.dir/__/src/google/protobuf/stubs/bytestream.cc.o
 │ │ [21/1431] Building CXX object third_party/protobuf/cmake/CMakeFiles/libprot
 │ │ obuf-lite.dir/__/src/google/protobuf/stubs/common.cc.o
 │ │ [22/1431] Building CXX object third_party/protobuf/cmake/CMakeFiles/libprot
 │ │ obuf-lite.dir/__/src/google/protobuf/repeated_field.cc.o
 │ │ [23/1431] Building CXX object third_party/protobuf/cmake/CMakeFiles/libprot
 │ │ obuf-lite.dir/__/src/google/protobuf/stubs/int128.cc.o
 │ │ [24/1431] Building CXX object third_party/protobuf/cmake/CMakeFiles/libprot
 │ │ obuf-lite.dir/__/src/google/protobuf/stubs/status.cc.o
 │ │ [25/1431] Building CXX object third_party/protobuf/cmake/CMakeFiles/libprot
 │ │ obuf-lite.dir/__/src/google/protobuf/stubs/statusor.cc.o
 │ │ [26/1431] Building CXX object third_party/protobuf/cmake/CMakeFiles/libprot
 │ │ obuf-lite.dir/__/src/google/protobuf/stubs/stringpiece.cc.o
 │ │ [27/1431] Building CXX object third_party/protobuf/cmake/CMakeFiles/libprot
 │ │ obuf-lite.dir/__/src/google/protobuf/stubs/stringprintf.cc.o
 │ │ [28/1431] Building CXX object third_party/protobuf/cmake/CMakeFiles/libprot
 │ │ obuf-lite.dir/__/src/google/protobuf/stubs/structurally_valid.cc.o
 │ │ [29/1431] Running C++ protocol buffer compiler on /workspace/.torch-build/t
 │ │ hird_party/onnx/onnx/onnx-operators_onnx_torch-ml.proto
 │ │ [30/1431] Running C++ protocol buffer compiler on /workspace/.torch-build/t
 │ │ hird_party/onnx/onnx/onnx-data_onnx_torch.proto
 │ │ [31/1431] Building C object confu-deps/cpuinfo/CMakeFiles/cpuinfo.dir/src/a
 │ │ pi.c.o
 │ │ [32/1431] Building C object confu-deps/cpuinfo/CMakeFiles/cpuinfo.dir/src/c
 │ │ ache.c.o
 │ │ [33/1431] Building C object confu-deps/cpuinfo/CMakeFiles/cpuinfo.dir/src/i
 │ │ nit.c.o
 │ │ [34/1431] Building C object confu-deps/cpuinfo/CMakeFiles/cpuinfo.dir/src/l
 │ │ og.c.o
 │ │ [35/1431] Building CXX object third_party/protobuf/cmake/CMakeFiles/libprot
 │ │ obuf-lite.dir/__/src/google/protobuf/stubs/time.cc.o
 │ │ [36/1431] Building CXX object third_party/protobuf/cmake/CMakeFiles/libprot
 │ │ obuf-lite.dir/__/src/google/protobuf/stubs/strutil.cc.o
 │ │ [37/1431] Building CXX object third_party/protobuf/cmake/CMakeFiles/libprot
 │ │ obuf-lite.dir/__/src/google/protobuf/wire_format_lite.cc.o
 │ │ [38/1431] Linking CXX static library lib/libprotobuf-lite.a
 │ │ [39/1431] Linking C static library lib/libcpuinfo.a
 │ │ [40/1431] Building CXX object third_party/onnx/CMakeFiles/onnx_proto.dir/on
 │ │ nx/onnx-operators_onnx_torch-ml.pb.cc.o
 │ │ [41/1431] Building CXX object third_party/onnx/CMakeFiles/onnx.dir/onnx/com
 │ │ mon/assertions.cc.o
 │ │ [42/1431] Building CXX object third_party/onnx/CMakeFiles/onnx_proto.dir/on
 │ │ nx/onnx-data_onnx_torch.pb.cc.o
 │ │ [43/1431] Building CXX object third_party/onnx/CMakeFiles/onnx.dir/onnx/com
 │ │ mon/interned_strings.cc.o
 │ │ [44/1431] Building CXX object third_party/onnx/CMakeFiles/onnx.dir/onnx/che
 │ │ cker.cc.o
 │ │ [45/1431] Building CXX object third_party/onnx/CMakeFiles/onnx_proto.dir/on
 │ │ nx/onnx_onnx_torch-ml.pb.cc.o
 │ │ [46/1431] Building CXX object third_party/onnx/CMakeFiles/onnx.dir/onnx/com
 │ │ mon/model_helpers.cc.o
 │ │ [47/1431] Linking CXX static library lib/libonnx_proto.a
 │ │ [48/1431] Building CXX object third_party/onnx/CMakeFiles/onnx.dir/onnx/com
 │ │ mon/path.cc.o
 │ │ [49/1431] Building CXX object third_party/onnx/CMakeFiles/onnx.dir/onnx/com
 │ │ mon/status.cc.o
 │ │ [50/1431] Building CXX object third_party/onnx/CMakeFiles/onnx.dir/onnx/def
 │ │ s/attr_proto_util.cc.o
 │ │ [51/1431] Building CXX object third_party/onnx/CMakeFiles/onnx.dir/onnx/com
 │ │ mon/ir_pb_converter.cc.o
 │ │ [52/1431] Building CXX object third_party/onnx/CMakeFiles/onnx.dir/onnx/def
 │ │ s/controlflow/defs.cc.o
 │ │ [53/1431] Building CXX object third_party/onnx/CMakeFiles/onnx.dir/onnx/def
 │ │ s/controlflow/utils.cc.o
 │ │ [54/1431] Building CXX object third_party/onnx/CMakeFiles/onnx.dir/onnx/def
 │ │ s/data_type_utils.cc.o
 │ │ [55/1431] Building CXX object third_party/onnx/CMakeFiles/onnx.dir/onnx/def
 │ │ s/controlflow/old.cc.o
 │ │ [56/1431] Building CXX object third_party/onnx/CMakeFiles/onnx.dir/onnx/def
 │ │ s/function.cc.o
 │ │ [57/1431] Building CXX object third_party/onnx/CMakeFiles/onnx.dir/onnx/def
 │ │ s/generator/utils.cc.o
 │ │ [58/1431] Building CXX object third_party/onnx/CMakeFiles/onnx.dir/onnx/def
 │ │ s/generator/defs.cc.o
 │ │ [59/1431] Building CXX object third_party/onnx/CMakeFiles/onnx.dir/onnx/def
 │ │ s/generator/old.cc.o
 │ │ [60/1431] Building CXX object third_party/onnx/CMakeFiles/onnx.dir/onnx/def
 │ │ s/image/defs.cc.o
 │ │ [61/1431] Building CXX object third_party/onnx/CMakeFiles/onnx.dir/onnx/def
 │ │ s/logical/defs.cc.o
 │ │ [62/1431] Building CXX object third_party/onnx/CMakeFiles/onnx.dir/onnx/def
 │ │ s/logical/old.cc.o
 │ │ [63/1431] Building CXX object third_party/onnx/CMakeFiles/onnx.dir/onnx/def
 │ │ s/math/utils.cc.o
 │ │ [64/1431] Building CXX object third_party/onnx/CMakeFiles/onnx.dir/onnx/def
 │ │ s/math/defs.cc.o
 │ │ [65/1431] Building CXX object third_party/onnx/CMakeFiles/onnx.dir/onnx/def
 │ │ s/math/old.cc.o
 │ │ [66/1431] Building CXX object third_party/onnx/CMakeFiles/onnx.dir/onnx/def
 │ │ s/object_detection/defs.cc.o
 │ │ [67/1431] Building CXX object third_party/onnx/CMakeFiles/onnx.dir/onnx/def
 │ │ s/nn/defs.cc.o
 │ │ [68/1431] Building CXX object third_party/onnx/CMakeFiles/onnx.dir/onnx/def
 │ │ s/object_detection/old.cc.o
 │ │ [69/1431] Building CXX object third_party/onnx/CMakeFiles/onnx.dir/onnx/def
 │ │ s/nn/old.cc.o
 │ │ [70/1431] Building CXX object third_party/onnx/CMakeFiles/onnx.dir/onnx/def
 │ │ s/optional/defs.cc.o
 │ │ [71/1431] Building CXX object third_party/onnx/CMakeFiles/onnx.dir/onnx/def
 │ │ s/optional/old.cc.o
 │ │ [72/1431] Building CXX object third_party/onnx/CMakeFiles/onnx.dir/onnx/def
 │ │ s/printer.cc.o
 │ │ [73/1431] Building CXX object third_party/onnx/CMakeFiles/onnx.dir/onnx/def
 │ │ s/parser.cc.o
 │ │ [74/1431] Building CXX object third_party/onnx/CMakeFiles/onnx.dir/onnx/def
 │ │ s/quantization/defs.cc.o
 │ │ [75/1431] Building CXX object third_party/onnx/CMakeFiles/onnx.dir/onnx/def
 │ │ s/quantization/old.cc.o
 │ │ [76/1431] Building CXX object third_party/onnx/CMakeFiles/onnx.dir/onnx/def
 │ │ s/reduction/defs.cc.o
 │ │ [77/1431] Building CXX object third_party/onnx/CMakeFiles/onnx.dir/onnx/def
 │ │ s/reduction/old.cc.o
 │ │ [78/1431] Building CXX object third_party/onnx/CMakeFiles/onnx.dir/onnx/def
 │ │ s/reduction/utils.cc.o
 │ │ [79/1431] Building CXX object third_party/onnx/CMakeFiles/onnx.dir/onnx/def
 │ │ s/rnn/defs.cc.o
 │ │ [80/1431] Building CXX object third_party/onnx/CMakeFiles/onnx.dir/onnx/def
 │ │ s/rnn/old.cc.o
 │ │ [81/1431] Building CXX object third_party/onnx/CMakeFiles/onnx.dir/onnx/def
 │ │ s/shape_inference.cc.o
 │ │ [82/1431] Building CXX object third_party/onnx/CMakeFiles/onnx.dir/onnx/def
 │ │ s/sequence/defs.cc.o
 │ │ [83/1431] Building CXX object third_party/onnx/CMakeFiles/onnx.dir/onnx/def
 │ │ s/schema.cc.o
 │ │ [84/1431] Building CXX object third_party/onnx/CMakeFiles/onnx.dir/onnx/def
 │ │ s/tensor/utils.cc.o
 │ │ [85/1431] Building CXX object third_party/onnx/CMakeFiles/onnx.dir/onnx/def
 │ │ s/tensor_proto_util.cc.o
 │ │ [86/1431] Building CXX object third_party/onnx/CMakeFiles/onnx.dir/onnx/def
 │ │ s/tensor/defs.cc.o
 │ │ [87/1431] Building CXX object third_party/onnx/CMakeFiles/onnx.dir/onnx/def
 │ │ s/tensor_util.cc.o
 │ │ [88/1431] Building CXX object third_party/onnx/CMakeFiles/onnx.dir/onnx/def
 │ │ s/text/defs.cc.o
 │ │ [89/1431] Building CXX object third_party/onnx/CMakeFiles/onnx.dir/onnx/def
 │ │ s/traditionalml/old.cc.o
 │ │ [90/1431] Building CXX object third_party/onnx/CMakeFiles/onnx.dir/onnx/def
 │ │ s/traditionalml/defs.cc.o
 │ │ [91/1431] Building CXX object third_party/onnx/CMakeFiles/onnx.dir/onnx/def
 │ │ s/training/defs.cc.o
 │ │ [92/1431] Building CXX object third_party/onnx/CMakeFiles/onnx.dir/onnx/def
 │ │ s/tensor/old.cc.o
 │ │ [93/1431] Building CXX object third_party/onnx/CMakeFiles/onnx.dir/onnx/sha
 │ │ pe_inference/implementation.cc.o
 │ │ [94/1431] Building CXX object third_party/onnx/CMakeFiles/onnx.dir/onnx/ver
 │ │ sion_converter/helper.cc.o
 │ │ [95/1431] Building CXX object c10/CMakeFiles/c10.dir/core/AutogradState.cpp
 │ │ .o
 │ │ [96/1431] Building CXX object third_party/onnx/CMakeFiles/onnx.dir/onnx/inl
 │ │ iner/inliner.cc.o
 │ │ [97/1431] Building CXX object c10/CMakeFiles/c10.dir/core/Allocator.cpp.o
 │ │ [98/1431] Building CXX object c10/CMakeFiles/c10.dir/core/ConstantSymNodeIm
 │ │ pl.cpp.o
 │ │ [99/1431] Building CXX object c10/CMakeFiles/c10.dir/core/CPUAllocator.cpp.
 │ │ o
 │ │ [100/1431] Building CXX object c10/CMakeFiles/c10.dir/core/CopyBytes.cpp.o
 │ │ [101/1431] Building CXX object c10/CMakeFiles/c10.dir/core/DefaultDtype.cpp
 │ │ .o
 │ │ [102/1431] Building CXX object c10/CMakeFiles/c10.dir/core/Device.cpp.o
 │ │ [103/1431] Building CXX object c10/CMakeFiles/c10.dir/core/DeviceType.cpp.o
 │ │ [104/1431] Building CXX object c10/CMakeFiles/c10.dir/core/DispatchKeySet.c
 │ │ pp.o
 │ │ [105/1431] Building CXX object c10/CMakeFiles/c10.dir/core/GradMode.cpp.o
 │ │ [106/1431] Building CXX object c10/CMakeFiles/c10.dir/core/GeneratorImpl.cp
 │ │ p.o
 │ │ [107/1431] Building CXX object c10/CMakeFiles/c10.dir/core/InferenceMode.cp
 │ │ p.o
 │ │ [108/1431] Building CXX object c10/CMakeFiles/c10.dir/core/DispatchKey.cpp.
 │ │ o
 │ │ [109/1431] Building CXX object c10/CMakeFiles/c10.dir/core/RefcountedDelete
 │ │ r.cpp.o
 │ │ [110/1431] Building CXX object c10/CMakeFiles/c10.dir/core/SafePyObject.cpp
 │ │ .o
 │ │ [111/1431] Building CXX object c10/CMakeFiles/c10.dir/core/Scalar.cpp.o
 │ │ [112/1431] Building CXX object c10/CMakeFiles/c10.dir/core/ScalarType.cpp.o
 │ │ [113/1431] Building CXX object c10/CMakeFiles/c10.dir/core/Storage.cpp.o
 │ │ [114/1431] Building CXX object c10/CMakeFiles/c10.dir/core/Stream.cpp.o
 │ │ [115/1431] Building CXX object c10/CMakeFiles/c10.dir/core/StorageImpl.cpp.
 │ │ o
 │ │ [116/1431] Building CXX object c10/CMakeFiles/c10.dir/core/SymBool.cpp.o
 │ │ [117/1431] Building CXX object third_party/onnx/CMakeFiles/onnx.dir/onnx/ve
 │ │ rsion_converter/convert.cc.o
 │ │ [118/1431] Building CXX object c10/CMakeFiles/c10.dir/core/SymFloat.cpp.o
 │ │ [119/1431] Building CXX object c10/CMakeFiles/c10.dir/core/SymIntArrayRef.c
 │ │ pp.o
 │ │ [120/1431] Building CXX object c10/CMakeFiles/c10.dir/core/SymNodeImpl.cpp.
 │ │ o
 │ │ [121/1431] Building CXX object c10/CMakeFiles/c10.dir/core/SymInt.cpp.o
 │ │ [122/1431] Building CXX object c10/CMakeFiles/c10.dir/core/SymbolicShapeMet
 │ │ a.cpp.o
 │ │ [123/1431] Building CXX object c10/CMakeFiles/c10.dir/core/TensorOptions.cp
 │ │ p.o
 │ │ [124/1431] Building CXX object c10/CMakeFiles/c10.dir/core/UndefinedTensorI
 │ │ mpl.cpp.o
 │ │ [125/1431] Building CXX object c10/CMakeFiles/c10.dir/core/WrapDimMinimal.c
 │ │ pp.o
 │ │ [126/1431] Building CXX object c10/CMakeFiles/c10.dir/core/impl/COW.cpp.o
 │ │ [127/1431] Building CXX object c10/CMakeFiles/c10.dir/core/TensorImpl.cpp.o
 │ │ [128/1431] Building CXX object c10/CMakeFiles/c10.dir/core/impl/COWDeleter.
 │ │ cpp.o
 │ │ [129/1431] Building CXX object c10/CMakeFiles/c10.dir/core/impl/HermeticPyO
 │ │ bjectTLS.cpp.o
 │ │ [130/1431] Building CXX object c10/CMakeFiles/c10.dir/core/impl/DeviceGuard
 │ │ ImplInterface.cpp.o
 │ │ [131/1431] Building CXX object c10/CMakeFiles/c10.dir/core/impl/GPUTrace.cp
 │ │ p.o
 │ │ [132/1431] Building CXX object c10/CMakeFiles/c10.dir/core/impl/LocalDispat
 │ │ chKeySet.cpp.o
 │ │ [133/1431] Building CXX object c10/CMakeFiles/c10.dir/core/impl/PyObjectSlo
 │ │ t.cpp.o
 │ │ [134/1431] Building CXX object c10/CMakeFiles/c10.dir/core/impl/PyInterpret
 │ │ er.cpp.o
 │ │ [135/1431] Building CXX object c10/CMakeFiles/c10.dir/core/impl/PythonDispa
 │ │ tcherTLS.cpp.o
 │ │ [136/1431] Building CXX object c10/CMakeFiles/c10.dir/core/impl/SizesAndStr
 │ │ ides.cpp.o
 │ │ [137/1431] Building CXX object c10/CMakeFiles/c10.dir/core/impl/TorchDispat
 │ │ chModeTLS.cpp.o
 │ │ [138/1431] Building CXX object c10/CMakeFiles/c10.dir/mobile/CPUCachingAllo
 │ │ cator.cpp.o
 │ │ [139/1431] Building CXX object c10/CMakeFiles/c10.dir/core/impl/alloc_cpu.c
 │ │ pp.o
 │ │ [140/1431] Building CXX object c10/CMakeFiles/c10.dir/core/thread_pool.cpp.
 │ │ o
 │ │ [141/1431] Building CXX object c10/CMakeFiles/c10.dir/util/Backtrace.cpp.o
 │ │ [142/1431] Building CXX object c10/CMakeFiles/c10.dir/util/Bfloat16.cpp.o
 │ │ [143/1431] Building CXX object c10/CMakeFiles/c10.dir/util/ApproximateClock
 │ │ .cpp.o
 │ │ [144/1431] Building CXX object c10/CMakeFiles/c10.dir/mobile/CPUProfilingAl
 │ │ locator.cpp.o
 │ │ [145/1431] Building CXX object c10/CMakeFiles/c10.dir/util/C++17.cpp.o
 │ │ [146/1431] Building CXX object c10/CMakeFiles/c10.dir/util/DeadlockDetectio
 │ │ n.cpp.o
 │ │ [147/1431] Building CXX object c10/CMakeFiles/c10.dir/util/DynamicCounter.c
 │ │ pp.o
 │ │ [148/1431] Building CXX object c10/CMakeFiles/c10.dir/util/Float8_e4m3fn.cp
 │ │ p.o
 │ │ [149/1431] Building CXX object c10/CMakeFiles/c10.dir/util/Float8_e4m3fnuz.
 │ │ cpp.o
 │ │ [150/1431] Building CXX object c10/CMakeFiles/c10.dir/util/Exception.cpp.o
 │ │ [151/1431] Building CXX object c10/CMakeFiles/c10.dir/util/Float8_e5m2.cpp.
 │ │ o
 │ │ [152/1431] Building CXX object c10/CMakeFiles/c10.dir/util/Float8_e5m2fnuz.
 │ │ cpp.o
 │ │ [153/1431] Building CXX object c10/CMakeFiles/c10.dir/util/Float8_e8m0fnu.c
 │ │ pp.o
 │ │ [154/1431] Building CXX object c10/CMakeFiles/c10.dir/util/Gauge.cpp.o
 │ │ [155/1431] Building CXX object c10/CMakeFiles/c10.dir/util/Half.cpp.o
 │ │ [156/1431] Building CXX object c10/CMakeFiles/c10.dir/util/LeftRight.cpp.o
 │ │ [157/1431] Building CXX object c10/CMakeFiles/c10.dir/util/MathConstants.cp
 │ │ p.o
 │ │ [158/1431] Building CXX object c10/CMakeFiles/c10.dir/util/Metaprogramming.
 │ │ cpp.o
 │ │ [159/1431] Building CXX object c10/CMakeFiles/c10.dir/util/ParallelGuard.cp
 │ │ p.o
 │ │ [160/1431] Building CXX object c10/CMakeFiles/c10.dir/util/Optional.cpp.o
 │ │ [161/1431] Building CXX object c10/CMakeFiles/c10.dir/util/Logging.cpp.o
 │ │ [162/1431] Building CXX object c10/CMakeFiles/c10.dir/util/SmallVector.cpp.
 │ │ o
 │ │ [163/1431] Building CXX object c10/CMakeFiles/c10.dir/util/NetworkFlow.cpp.
 │ │ o
 │ │ [164/1431] Building CXX object c10/CMakeFiles/c10.dir/util/StringUtil.cpp.o
 │ │ In file included from /workspace/.src/pytorch/c10/util/StringUtil.cpp:1:
 │ │ In file included from /workspace/.src/pytorch/c10/util/StringUtil.h:9:
 │ │ In file included from $BUILD_PREFIX/opt/emsdk/upstream/emscripten/cache/sys
 │ │ root/include/c++/v1/ostream:189:
 │ │ In file included from $BUILD_PREFIX/opt/emsdk/upstream/emscripten/cache/sys
 │ │ root/include/c++/v1/format:195:
 │ │ In file included from $BUILD_PREFIX/opt/emsdk/upstream/emscripten/cache/sys
 │ │ root/include/c++/v1/__format/container_adaptor.h:20:
 │ │ In file included from $BUILD_PREFIX/opt/emsdk/upstream/emscripten/cache/sys
 │ │ root/include/c++/v1/__format/range_default_formatter.h:23:
 │ │ In file included from $BUILD_PREFIX/opt/emsdk/upstream/emscripten/cache/sys
 │ │ root/include/c++/v1/__format/range_formatter.h:23:
 │ │ In file included from $BUILD_PREFIX/opt/emsdk/upstream/emscripten/cache/sys
 │ │ root/include/c++/v1/__format/format_context.h:30:
 │ │ $BUILD_PREFIX/opt/emsdk/upstream/emscripten/cache/sysroot/include/c++/v1/lo
 │ │ cale:3257:1: warning: 'wstring_convert<std::codecvt_utf8_utf16<wchar_t>>' i
 │ │ s deprecated [-Wdeprecated-declarations]
 │ │  3257 | wstring_convert<_Codecvt, _Elem, _WideAlloc, _ByteAlloc>::to_bytes(
 │ │ const _Elem* __frm, const _Elem* __frm_end) {
 │ │       | ^
 │ │ $BUILD_PREFIX/opt/emsdk/upstream/emscripten/cache/sysroot/include/c++/v1/lo
 │ │ cale:3161:12: note: in instantiation of member function 'std::wstring_conve
 │ │ rt<std::codecvt_utf8_utf16<wchar_t>>::to_bytes' requested here
 │ │  3161 |     return to_bytes(__wstr.data(), __wstr.data() + __wstr.size());
 │ │       |            ^
 │ │ /workspace/.src/pytorch/c10/util/StringUtil.cpp:53:29: note: in instantiati
 │ │ on of member function 'std::wstring_convert<std::codecvt_utf8_utf16<wchar_t
 │ │ >>::to_bytes' requested here
 │ │    53 |   return _str(ss, converter.to_bytes(wString));
 │ │       |                             ^
 │ │ $BUILD_PREFIX/opt/emsdk/upstream/emscripten/cache/sysroot/include/c++/v1/lo
 │ │ cale:3114:28: note: 'wstring_convert<std::codecvt_utf8_utf16<wchar_t>>' has
 │ │  been explicitly marked deprecated here
 │ │  3114 | class _LIBCPP_TEMPLATE_VIS _LIBCPP_DEPRECATED_IN_CXX17 wstring_conv
 │ │ ert {
 │ │       |                            ^
 │ │ $BUILD_PREFIX/opt/emsdk/upstream/emscripten/cache/sysroot/include/c++/v1/__
 │ │ config:1002:41: note: expanded from macro '_LIBCPP_DEPRECATED_IN_CXX17'
 │ │  1002 | #    define _LIBCPP_DEPRECATED_IN_CXX17 _LIBCPP_DEPRECATED
 │ │       |                                         ^
 │ │ $BUILD_PREFIX/opt/emsdk/upstream/emscripten/cache/sysroot/include/c++/v1/__
 │ │ config:975:49: note: expanded from macro '_LIBCPP_DEPRECATED'
 │ │   975 | #      define _LIBCPP_DEPRECATED __attribute__((__deprecated__))
 │ │       |                                                 ^
 │ │ 1 warning generated.
 │ │ [165/1431] Building CXX object c10/CMakeFiles/c10.dir/util/ThreadLocalDebug
 │ │ Info.cpp.o
 │ │ [166/1431] Building CXX object c10/CMakeFiles/c10.dir/util/TypeCast.cpp.o
 │ │ [167/1431] Building CXX object c10/CMakeFiles/c10.dir/util/TypeList.cpp.o
 │ │ [168/1431] Building CXX object c10/CMakeFiles/c10.dir/util/Unicode.cpp.o
 │ │ [169/1431] Building CXX object c10/CMakeFiles/c10.dir/util/Type_demangle.cp
 │ │ p.o
 │ │ [170/1431] Building CXX object c10/CMakeFiles/c10.dir/util/TypeTraits.cpp.o
 │ │ [171/1431] Building CXX object c10/CMakeFiles/c10.dir/util/Type_no_demangle
 │ │ .cpp.o
 │ │ [172/1431] Building CXX object c10/CMakeFiles/c10.dir/util/UniqueVoidPtr.cp
 │ │ p.o
 │ │ [173/1431] Building CXX object c10/CMakeFiles/c10.dir/util/error.cpp.o
 │ │ [174/1431] Building CXX object c10/CMakeFiles/c10.dir/util/flags_use_gflags
 │ │ .cpp.o
 │ │ [175/1431] Building CXX object c10/CMakeFiles/c10.dir/util/complex_math.cpp
 │ │ .o
 │ │ [176/1431] Building CXX object c10/CMakeFiles/c10.dir/util/WaitCounter.cpp.
 │ │ o
 │ │ [177/1431] Building CXX object c10/CMakeFiles/c10.dir/util/env.cpp.o
 │ │ [178/1431] Building CXX object c10/CMakeFiles/c10.dir/util/intrusive_ptr.cp
 │ │ p.o
 │ │ [179/1431] Building CXX object c10/CMakeFiles/c10.dir/util/int128.cpp.o
 │ │ [180/1431] Building CXX object c10/CMakeFiles/c10.dir/util/flags_use_no_gfl
 │ │ ags.cpp.o
 │ │ [181/1431] Building CXX object c10/CMakeFiles/c10.dir/util/thread_name.cpp.
 │ │ o
 │ │ [182/1431] Building CXX object c10/CMakeFiles/c10.dir/util/numa.cpp.o
 │ │ [183/1431] Building CXX object c10/CMakeFiles/c10.dir/util/signal_handler.c
 │ │ pp.o
 │ │ [184/1431] Building CXX object third_party/protobuf/cmake/CMakeFiles/libpro
 │ │ tobuf.dir/__/src/google/protobuf/any_lite.cc.o
 │ │ [185/1431] Building CXX object c10/CMakeFiles/c10.dir/util/typeid.cpp.o
 │ │ [186/1431] Building CXX object third_party/protobuf/cmake/CMakeFiles/libpro
 │ │ tobuf.dir/__/src/google/protobuf/arena.cc.o
 │ │ [187/1431] Building CXX object c10/CMakeFiles/c10.dir/util/tempfile.cpp.o
 │ │ [188/1431] Building CXX object third_party/protobuf/cmake/CMakeFiles/libpro
 │ │ tobuf.dir/__/src/google/protobuf/generated_enum_util.cc.o
 │ │ [189/1431] Building CXX object third_party/protobuf/cmake/CMakeFiles/libpro
 │ │ tobuf.dir/__/src/google/protobuf/extension_set.cc.o
 │ │ [190/1431] Building CXX object third_party/protobuf/cmake/CMakeFiles/libpro
 │ │ tobuf.dir/__/src/google/protobuf/generated_message_table_driven_lite.cc.o
 │ │ [191/1431] Building CXX object third_party/protobuf/cmake/CMakeFiles/libpro
 │ │ tobuf.dir/__/src/google/protobuf/implicit_weak_message.cc.o
 │ │ [192/1431] Building CXX object third_party/protobuf/cmake/CMakeFiles/libpro
 │ │ tobuf.dir/__/src/google/protobuf/generated_message_util.cc.o
 │ │ [193/1431] Building CXX object third_party/protobuf/cmake/CMakeFiles/libpro
 │ │ tobuf.dir/__/src/google/protobuf/io/io_win32.cc.o
 │ │ [194/1431] Building CXX object third_party/protobuf/cmake/CMakeFiles/libpro
 │ │ tobuf.dir/__/src/google/protobuf/io/coded_stream.cc.o
 │ │ [195/1431] Building CXX object third_party/protobuf/cmake/CMakeFiles/libpro
 │ │ tobuf.dir/__/src/google/protobuf/io/strtod.cc.o
 │ │ [196/1431] Building CXX object third_party/protobuf/cmake/CMakeFiles/libpro
 │ │ tobuf.dir/__/src/google/protobuf/io/zero_copy_stream.cc.o
 │ │ [197/1431] Building CXX object third_party/protobuf/cmake/CMakeFiles/libpro
 │ │ tobuf.dir/__/src/google/protobuf/io/zero_copy_stream_impl.cc.o
 │ │ [198/1431] Generating /workspace/.src/pytorch/torch/csrc/autograd/generated
 │ │ /Functions.cpp, /workspace/.src/pytorch/torch/csrc/autograd/generated/ViewF
 │ │ uncs.cpp, /workspace/.src/pytorch/torch/csrc/autograd/generated/VariableTyp
 │ │ e_0.cpp, /workspace/.src/pytorch/torch/csrc/autograd/generated/VariableType
 │ │ _1.cpp, /workspace/.src/pytorch/torch/csrc/autograd/generated/VariableType_
 │ │ 2.cpp, /workspace/.src/pytorch/torch/csrc/autograd/generated/VariableType_3
 │ │ .cpp, /workspace/.src/pytorch/torch/csrc/autograd/generated/VariableType_4.
 │ │ cpp, /workspace/.src/pytorch/torch/csrc/autograd/generated/TraceType_0.cpp,
 │ │  /workspace/.src/pytorch/torch/csrc/autograd/generated/TraceType_1.cpp, /wo
 │ │ rkspace/.src/pytorch/torch/csrc/autograd/generated/TraceType_2.cpp, /worksp
 │ │ ace/.src/pytorch/torch/csrc/autograd/generated/TraceType_3.cpp, /workspace/
 │ │ .src/pytorch/torch/csrc/autograd/generated/TraceType_4.cpp, /workspace/.src
 │ │ /pytorch/torch/csrc/autograd/generated/ADInplaceOrViewType_0.cpp, /workspac
 │ │ e/.src/pytorch/torch/csrc/autograd/generated/ADInplaceOrViewType_1.cpp, /wo
 │ │ rkspace/.src/pytorch/torch/csrc/inductor/aoti_torch/generated/c_shim_cpu.cp
 │ │ p, /workspace/.src/pytorch/torch/csrc/lazy/generated/LazyNativeFunctions.cp
 │ │ p, /workspace/.src/pytorch/torch/csrc/lazy/generated/RegisterAutogradLazy.c
 │ │ pp, /workspace/.src/pytorch/torch/csrc/lazy/generated/RegisterLazy.cpp, /wo
 │ │ rkspace/.src/pytorch/torch/csrc/autograd/generated/Functions.h, /workspace/
 │ │ .src/pytorch/torch/csrc/autograd/generated/variable_factories.h, /workspace
 │ │ /.src/pytorch/torch/csrc/autograd/generated/ViewFuncs.h, /workspace/.src/py
 │ │ torch/torch/csrc/autograd/generated/VariableType.h, /workspace/.src/pytorch
 │ │ /torch/csrc/lazy/generated/LazyIr.h, /workspace/.src/pytorch/torch/csrc/laz
 │ │ y/generated/LazyNonNativeIr.h, /workspace/.src/pytorch/torch/csrc/lazy/gene
 │ │ rated/LazyNativeFunctions.h, /workspace/.src/pytorch/torch/csrc/autograd/ge
 │ │ nerated/python_functions_0.cpp, /workspace/.src/pytorch/torch/csrc/autograd
 │ │ /generated/python_functions_1.cpp, /workspace/.src/pytorch/torch/csrc/autog
 │ │ rad/generated/python_functions_2.cpp, /workspace/.src/pytorch/torch/csrc/au
 │ │ tograd/generated/python_functions_3.cpp, /workspace/.src/pytorch/torch/csrc
 │ │ /autograd/generated/python_functions_4.cpp, /workspace/.src/pytorch/torch/c
 │ │ src/autograd/generated/python_variable_methods.cpp, /workspace/.src/pytorch
 │ │ /torch/csrc/autograd/generated/python_torch_functions_0.cpp, /workspace/.sr
 │ │ c/pytorch/torch/csrc/autograd/generated/python_torch_functions_1.cpp, /work
 │ │ space/.src/pytorch/torch/csrc/autograd/generated/python_torch_functions_2.c
 │ │ pp, /workspace/.src/pytorch/torch/csrc/autograd/generated/python_nn_functio
 │ │ ns.cpp, /workspace/.src/pytorch/torch/csrc/autograd/generated/python_fft_fu
 │ │ nctions.cpp, /workspace/.src/pytorch/torch/csrc/autograd/generated/python_l
 │ │ inalg_functions.cpp, /workspace/.src/pytorch/torch/csrc/autograd/generated/
 │ │ python_nested_functions.cpp, /workspace/.src/pytorch/torch/csrc/autograd/ge
 │ │ nerated/python_sparse_functions.cpp, /workspace/.src/pytorch/torch/csrc/aut
 │ │ ograd/generated/python_special_functions.cpp, /workspace/.src/pytorch/torch
 │ │ /csrc/autograd/generated/python_return_types.cpp, /workspace/.src/pytorch/t
 │ │ orch/csrc/autograd/generated/python_enum_tag.cpp, /workspace/.src/pytorch/t
 │ │ orch/csrc/autograd/generated/python_functions.h, /workspace/.src/pytorch/to
 │ │ rch/csrc/autograd/generated/python_return_types.h, /workspace/.src/pytorch/
 │ │ torch/testing/_internal/generated/annotated_fn_args.py, /workspace/.src/pyt
 │ │ orch/torch/csrc/inductor/aoti_torch/generated/c_shim_cuda.cpp
 │ │ [199/1431] Building CXX object third_party/protobuf/cmake/CMakeFiles/libpro
 │ │ tobuf.dir/__/src/google/protobuf/io/zero_copy_stream_impl_lite.cc.o
 │ │ [200/1431] Building CXX object third_party/protobuf/cmake/CMakeFiles/libpro
 │ │ tobuf.dir/__/src/google/protobuf/message_lite.cc.o
 │ │ [201/1431] Building CXX object third_party/protobuf/cmake/CMakeFiles/libpro
 │ │ tobuf.dir/__/src/google/protobuf/parse_context.cc.o
 │ │ [202/1431] Building CXX object third_party/protobuf/cmake/CMakeFiles/libpro
 │ │ tobuf.dir/__/src/google/protobuf/stubs/bytestream.cc.o
 │ │ [203/1431] Building CXX object third_party/protobuf/cmake/CMakeFiles/libpro
 │ │ tobuf.dir/__/src/google/protobuf/repeated_field.cc.o
 │ │ [204/1431] Building CXX object third_party/protobuf/cmake/CMakeFiles/libpro
 │ │ tobuf.dir/__/src/google/protobuf/stubs/common.cc.o
 │ │ [205/1431] Building CXX object third_party/protobuf/cmake/CMakeFiles/libpro
 │ │ tobuf.dir/__/src/google/protobuf/stubs/int128.cc.o
 │ │ [206/1431] Building CXX object third_party/protobuf/cmake/CMakeFiles/libpro
 │ │ tobuf.dir/__/src/google/protobuf/stubs/status.cc.o
 │ │ [207/1431] Building CXX object third_party/protobuf/cmake/CMakeFiles/libpro
 │ │ tobuf.dir/__/src/google/protobuf/stubs/statusor.cc.o
 │ │ [208/1431] Building CXX object third_party/protobuf/cmake/CMakeFiles/libpro
 │ │ tobuf.dir/__/src/google/protobuf/stubs/stringpiece.cc.o
 │ │ [209/1431] Building CXX object third_party/protobuf/cmake/CMakeFiles/libpro
 │ │ tobuf.dir/__/src/google/protobuf/stubs/stringprintf.cc.o
 │ │ [210/1431] Building CXX object third_party/protobuf/cmake/CMakeFiles/libpro
 │ │ tobuf.dir/__/src/google/protobuf/stubs/structurally_valid.cc.o
 │ │ [211/1431] Building CXX object third_party/protobuf/cmake/CMakeFiles/libpro
 │ │ tobuf.dir/__/src/google/protobuf/stubs/time.cc.o
 │ │ [212/1431] Building CXX object third_party/protobuf/cmake/CMakeFiles/libpro
 │ │ tobuf.dir/__/src/google/protobuf/stubs/strutil.cc.o
 │ │ [213/1431] Building CXX object third_party/protobuf/cmake/CMakeFiles/libpro
 │ │ tobuf.dir/__/src/google/protobuf/wire_format_lite.cc.o
 │ │ [214/1431] Building CXX object third_party/protobuf/cmake/CMakeFiles/libpro
 │ │ tobuf.dir/__/src/google/protobuf/any.cc.o
 │ │ [215/1431] Building CXX object third_party/protobuf/cmake/CMakeFiles/libpro
 │ │ tobuf.dir/__/src/google/protobuf/any.pb.cc.o
 │ │ [216/1431] Building CXX object third_party/protobuf/cmake/CMakeFiles/libpro
 │ │ tobuf.dir/__/src/google/protobuf/api.pb.cc.o
 │ │ [217/1431] Building CXX object third_party/protobuf/cmake/CMakeFiles/libpro
 │ │ tobuf.dir/__/src/google/protobuf/compiler/importer.cc.o
 │ │ [218/1431] Building CXX object third_party/protobuf/cmake/CMakeFiles/libpro
 │ │ tobuf.dir/__/src/google/protobuf/compiler/parser.cc.o
 │ │ [219/1431] Building CXX object third_party/protobuf/cmake/CMakeFiles/libpro
 │ │ tobuf.dir/__/src/google/protobuf/duration.pb.cc.o
 │ │ [220/1431] Building CXX object third_party/protobuf/cmake/CMakeFiles/libpro
 │ │ tobuf.dir/__/src/google/protobuf/descriptor_database.cc.o
 │ │ [221/1431] Building CXX object third_party/protobuf/cmake/CMakeFiles/libpro
 │ │ tobuf.dir/__/src/google/protobuf/descriptor.pb.cc.o
 │ │ [222/1431] Building CXX object third_party/protobuf/cmake/CMakeFiles/libpro
 │ │ tobuf.dir/__/src/google/protobuf/dynamic_message.cc.o
 │ │ [223/1431] Building CXX object third_party/protobuf/cmake/CMakeFiles/libpro
 │ │ tobuf.dir/__/src/google/protobuf/empty.pb.cc.o
 │ │ [224/1431] Building CXX object third_party/protobuf/cmake/CMakeFiles/libpro
 │ │ tobuf.dir/__/src/google/protobuf/field_mask.pb.cc.o
 │ │ [225/1431] Building CXX object third_party/protobuf/cmake/CMakeFiles/libpro
 │ │ tobuf.dir/__/src/google/protobuf/extension_set_heavy.cc.o
 │ │ [226/1431] Building CXX object third_party/protobuf/cmake/CMakeFiles/libpro
 │ │ tobuf.dir/__/src/google/protobuf/io/gzip_stream.cc.o
 │ │ [227/1431] Building CXX object third_party/protobuf/cmake/CMakeFiles/libpro
 │ │ tobuf.dir/__/src/google/protobuf/generated_message_reflection.cc.o
 │ │ [228/1431] Building CXX object third_party/protobuf/cmake/CMakeFiles/libpro
 │ │ tobuf.dir/__/src/google/protobuf/io/printer.cc.o
 │ │ [229/1431] Building CXX object third_party/protobuf/cmake/CMakeFiles/libpro
 │ │ tobuf.dir/__/src/google/protobuf/descriptor.cc.o
 │ │ [230/1431] Building CXX object third_party/protobuf/cmake/CMakeFiles/libpro
 │ │ tobuf.dir/__/src/google/protobuf/generated_message_table_driven.cc.o
 │ │ [231/1431] Building CXX object third_party/protobuf/cmake/CMakeFiles/libpro
 │ │ tobuf.dir/__/src/google/protobuf/io/tokenizer.cc.o
 │ │ [232/1431] Building CXX object third_party/protobuf/cmake/CMakeFiles/libpro
 │ │ tobuf.dir/__/src/google/protobuf/map_field.cc.o
 │ │ [233/1431] Building CXX object third_party/protobuf/cmake/CMakeFiles/libpro
 │ │ tobuf.dir/__/src/google/protobuf/service.cc.o
 │ │ [234/1431] Building CXX object third_party/protobuf/cmake/CMakeFiles/libpro
 │ │ tobuf.dir/__/src/google/protobuf/message.cc.o
 │ │ [235/1431] Building CXX object third_party/protobuf/cmake/CMakeFiles/libpro
 │ │ tobuf.dir/__/src/google/protobuf/reflection_ops.cc.o
 │ │ [236/1431] Building CXX object third_party/protobuf/cmake/CMakeFiles/libpro
 │ │ tobuf.dir/__/src/google/protobuf/source_context.pb.cc.o
 │ │ [237/1431] Building CXX object third_party/protobuf/cmake/CMakeFiles/libpro
 │ │ tobuf.dir/__/src/google/protobuf/stubs/substitute.cc.o
 │ │ [238/1431] Building CXX object third_party/protobuf/cmake/CMakeFiles/libpro
 │ │ tobuf.dir/__/src/google/protobuf/struct.pb.cc.o
 │ │ [239/1431] Building CXX object third_party/protobuf/cmake/CMakeFiles/libpro
 │ │ tobuf.dir/__/src/google/protobuf/timestamp.pb.cc.o
 │ │ [240/1431] Building CXX object third_party/protobuf/cmake/CMakeFiles/libpro
 │ │ tobuf.dir/__/src/google/protobuf/type.pb.cc.o
 │ │ [241/1431] Building CXX object third_party/protobuf/cmake/CMakeFiles/libpro
 │ │ tobuf.dir/__/src/google/protobuf/util/delimited_message_util.cc.o
 │ │ [242/1431] Building CXX object third_party/protobuf/cmake/CMakeFiles/libpro
 │ │ tobuf.dir/__/src/google/protobuf/text_format.cc.o
 │ │ [243/1431] Building CXX object third_party/protobuf/cmake/CMakeFiles/libpro
 │ │ tobuf.dir/__/src/google/protobuf/unknown_field_set.cc.o
 │ │ [244/1431] Building CXX object third_party/protobuf/cmake/CMakeFiles/libpro
 │ │ tobuf.dir/__/src/google/protobuf/util/field_comparator.cc.o
 │ │ [245/1431] Building CXX object third_party/protobuf/cmake/CMakeFiles/libpro
 │ │ tobuf.dir/__/src/google/protobuf/util/field_mask_util.cc.o
 │ │ [246/1431] Building CXX object third_party/protobuf/cmake/CMakeFiles/libpro
 │ │ tobuf.dir/__/src/google/protobuf/util/internal/error_listener.cc.o
 │ │ [247/1431] Building CXX object third_party/protobuf/cmake/CMakeFiles/libpro
 │ │ tobuf.dir/__/src/google/protobuf/util/internal/datapiece.cc.o
 │ │ [248/1431] Building CXX object third_party/protobuf/cmake/CMakeFiles/libpro
 │ │ tobuf.dir/__/src/google/protobuf/util/internal/default_value_objectwriter.c
 │ │ c.o
 │ │ [249/1431] Building CXX object third_party/protobuf/cmake/CMakeFiles/libpro
 │ │ tobuf.dir/__/src/google/protobuf/util/internal/json_escaping.cc.o
 │ │ [250/1431] Building CXX object third_party/protobuf/cmake/CMakeFiles/libpro
 │ │ tobuf.dir/__/src/google/protobuf/util/internal/field_mask_utility.cc.o
 │ │ [251/1431] Building CXX object third_party/protobuf/cmake/CMakeFiles/libpro
 │ │ tobuf.dir/__/src/google/protobuf/util/internal/json_objectwriter.cc.o
 │ │ [252/1431] Building CXX object third_party/protobuf/cmake/CMakeFiles/libpro
 │ │ tobuf.dir/__/src/google/protobuf/util/internal/json_stream_parser.cc.o
 │ │ [253/1431] Building CXX object third_party/protobuf/cmake/CMakeFiles/libpro
 │ │ tobuf.dir/__/src/google/protobuf/util/internal/object_writer.cc.o
 │ │ [254/1431] Building CXX object third_party/protobuf/cmake/CMakeFiles/libpro
 │ │ tobuf.dir/__/src/google/protobuf/util/internal/proto_writer.cc.o
 │ │ [255/1431] Building CXX object third_party/protobuf/cmake/CMakeFiles/libpro
 │ │ tobuf.dir/__/src/google/protobuf/util/internal/protostream_objectsource.cc.
 │ │ o
 │ │ [256/1431] Building CXX object third_party/protobuf/cmake/CMakeFiles/libpro
 │ │ tobuf.dir/__/src/google/protobuf/util/internal/type_info.cc.o
 │ │ [257/1431] Building CXX object third_party/protobuf/cmake/CMakeFiles/libpro
 │ │ tobuf.dir/__/src/google/protobuf/util/internal/protostream_objectwriter.cc.
 │ │ o
 │ │ [258/1431] Building CXX object third_party/protobuf/cmake/CMakeFiles/libpro
 │ │ tobuf.dir/__/src/google/protobuf/util/internal/type_info_test_helper.cc.o
 │ │ [259/1431] Building CXX object third_party/protobuf/cmake/CMakeFiles/libpro
 │ │ tobuf.dir/__/src/google/protobuf/util/internal/utility.cc.o
 │ │ [260/1431] Building CXX object third_party/protobuf/cmake/CMakeFiles/libpro
 │ │ tobuf.dir/__/src/google/protobuf/util/json_util.cc.o
 │ │ [261/1431] Building CXX object third_party/protobuf/cmake/CMakeFiles/libpro
 │ │ tobuf.dir/__/src/google/protobuf/util/time_util.cc.o
 │ │ [262/1431] Building CXX object third_party/protobuf/cmake/CMakeFiles/libpro
 │ │ tobuf.dir/__/src/google/protobuf/util/type_resolver_util.cc.o
 │ │ [263/1431] Linking CXX static library lib/libonnx.a
 │ │ [264/1431] Linking CXX static library lib/libc10.a
 │ │ [265/1431] Building CXX object third_party/protobuf/cmake/CMakeFiles/libpro
 │ │ tobuf.dir/__/src/google/protobuf/wrappers.pb.cc.o
 │ │ [266/1431] Building CXX object third_party/protobuf/cmake/CMakeFiles/libpro
 │ │ tobuf.dir/__/src/google/protobuf/util/message_differencer.cc.o
 │ │ [267/1431] Building CXX object third_party/protobuf/cmake/CMakeFiles/libpro
 │ │ tobuf.dir/__/src/google/protobuf/wire_format.cc.o
 │ │ [268/1431] Building CXX object caffe2/CMakeFiles/torch_cpu.dir/__/aten/src/
 │ │ ATen/AccumulateType.cpp.o
 │ │ [269/1431] Building CXX object caffe2/CMakeFiles/torch_cpu.dir/__/aten/src/
 │ │ ATen/CPUGeneratorImpl.cpp.o
 │ │ [270/1431] Building CXX object caffe2/CMakeFiles/torch_cpu.dir/__/aten/src/
 │ │ ATen/Context.cpp.o
 │ │ [271/1431] Building CXX object caffe2/CMakeFiles/torch_cpu.dir/__/aten/src/
 │ │ ATen/DeviceAccelerator.cpp.o
 │ │ [272/1431] Building CXX object caffe2/CMakeFiles/torch_cpu.dir/__/aten/src/
 │ │ ATen/ConjugateFallback.cpp.o
 │ │ [273/1431] Building CXX object caffe2/CMakeFiles/torch_cpu.dir/__/aten/src/
 │ │ ATen/Dispatch.cpp.o
 │ │ [274/1431] Building CXX object caffe2/CMakeFiles/torch_cpu.dir/__/aten/src/
 │ │ ATen/CachedTensorUtils.cpp.o
 │ │ [275/1431] Building CXX object caffe2/CMakeFiles/torch_cpu.dir/__/aten/src/
 │ │ ATen/DynamicLibrary.cpp.o
 │ │ [276/1431] Building CXX object caffe2/CMakeFiles/torch_cpu.dir/__/aten/src/
 │ │ ATen/EmptyTensor.cpp.o
 │ │ [277/1431] Building CXX object caffe2/CMakeFiles/torch_cpu.dir/__/aten/src/
 │ │ ATen/FuncTorchTLS.cpp.o
 │ │ [278/1431] Building CXX object caffe2/CMakeFiles/torch_cpu.dir/__/aten/src/
 │ │ ATen/DLConvertor.cpp.o
 │ │ [279/1431] Building CXX object caffe2/CMakeFiles/torch_cpu.dir/__/aten/src/
 │ │ ATen/ExpandUtils.cpp.o
 │ │ [280/1431] Building CXX object caffe2/CMakeFiles/torch_cpu.dir/__/aten/src/
 │ │ ATen/FunctionalStorageImpl.cpp.o
 │ │ [281/1431] Building CXX object caffe2/CMakeFiles/torch_cpu.dir/__/aten/src/
 │ │ ATen/FunctionalTensorWrapper.cpp.o
 │ │ [282/1431] Building CXX object caffe2/CMakeFiles/torch_cpu.dir/__/aten/src/
 │ │ ATen/FunctionalInverses.cpp.o
 │ │ [283/1431] Building CXX object caffe2/CMakeFiles/torch_cpu.dir/__/aten/src/
 │ │ ATen/FunctionalizeFallbackKernel.cpp.o
 │ │ [284/1431] Building CXX object caffe2/CMakeFiles/torch_cpu.dir/__/aten/src/
 │ │ ATen/LegacyVmapMode.cpp.o
 │ │ [285/1431] Building CXX object caffe2/CMakeFiles/torch_cpu.dir/__/aten/src/
 │ │ ATen/LegacyBatchedTensorImpl.cpp.o
 │ │ [286/1431] Building CXX object caffe2/CMakeFiles/torch_cpu.dir/__/aten/src/
 │ │ ATen/LegacyBatchedFallback.cpp.o
 │ │ [287/1431] Building CXX object caffe2/CMakeFiles/torch_cpu.dir/__/aten/src/
 │ │ ATen/MapAllocator.cpp.o
 │ │ [288/1431] Building CXX object caffe2/CMakeFiles/torch_cpu.dir/__/aten/src/
 │ │ ATen/MemoryOverlap.cpp.o
 │ │ [289/1431] Building CXX object caffe2/CMakeFiles/torch_cpu.dir/__/aten/src/
 │ │ ATen/NamedTensorUtils.cpp.o
 │ │ [290/1431] Building CXX object caffe2/CMakeFiles/torch_cpu.dir/__/aten/src/
 │ │ ATen/LegacyVmapTransforms.cpp.o
 │ │ [291/1431] Building CXX object caffe2/CMakeFiles/torch_cpu.dir/__/aten/src/
 │ │ ATen/ParallelCommon.cpp.o
 │ │ [292/1431] Building CXX object caffe2/CMakeFiles/torch_cpu.dir/__/aten/src/
 │ │ ATen/LegacyBatchingRegistrations.cpp.o
 │ │ [293/1431] Building CXX object caffe2/CMakeFiles/torch_cpu.dir/__/aten/src/
 │ │ ATen/NestedTensorImpl.cpp.o
 │ │ [294/1431] Building CXX object caffe2/CMakeFiles/torch_cpu.dir/__/aten/src/
 │ │ ATen/ParallelOpenMP.cpp.o
 │ │ [295/1431] Building CXX object caffe2/CMakeFiles/torch_cpu.dir/__/aten/src/
 │ │ ATen/ParallelNative.cpp.o
 │ │ [296/1431] Building CXX object caffe2/CMakeFiles/torch_cpu.dir/__/aten/src/
 │ │ ATen/PythonTorchFunctionTLS.cpp.o
 │ │ [297/1431] Building CXX object caffe2/CMakeFiles/torch_cpu.dir/__/aten/src/
 │ │ ATen/SavedTensorHooks.cpp.o
 │ │ [298/1431] Building CXX object caffe2/CMakeFiles/torch_cpu.dir/__/aten/src/
 │ │ ATen/SequenceNumber.cpp.o
 │ │ [299/1431] Building CXX object caffe2/CMakeFiles/torch_cpu.dir/__/aten/src/
 │ │ ATen/ParallelThreadPoolNative.cpp.o
 │ │ [300/1431] Building CXX object caffe2/CMakeFiles/torch_cpu.dir/__/aten/src/
 │ │ ATen/ScalarOps.cpp.o
 │ │ [301/1431] Building CXX object caffe2/CMakeFiles/torch_cpu.dir/__/aten/src/
 │ │ ATen/TensorGeometry.cpp.o
 │ │ [302/1431] Building CXX object caffe2/CMakeFiles/torch_cpu.dir/__/aten/src/
 │ │ ATen/SparseTensorImpl.cpp.o
 │ │ [303/1431] Building CXX object caffe2/CMakeFiles/torch_cpu.dir/__/aten/src/
 │ │ ATen/SparseCsrTensorImpl.cpp.o
 │ │ [304/1431] Building CXX object caffe2/CMakeFiles/torch_cpu.dir/__/aten/src/
 │ │ ATen/StorageUtils.cpp.o
 │ │ [305/1431] Building CXX object caffe2/CMakeFiles/torch_cpu.dir/__/aten/src/
 │ │ ATen/TensorIndexing.cpp.o
 │ │ [306/1431] Building CXX object caffe2/CMakeFiles/torch_cpu.dir/__/aten/src/
 │ │ ATen/TensorMeta.cpp.o
 │ │ [307/1431] Building CXX object caffe2/CMakeFiles/torch_cpu.dir/__/aten/src/
 │ │ ATen/ThreadLocalPythonObjects.cpp.o
 │ │ [308/1431] Building CXX object caffe2/CMakeFiles/torch_cpu.dir/__/aten/src/
 │ │ ATen/TensorNames.cpp.o
 │ │ [309/1431] Building CXX object caffe2/CMakeFiles/torch_cpu.dir/__/aten/src/
 │ │ ATen/TensorIterator.cpp.o
 │ │ [310/1431] Building CXX object caffe2/CMakeFiles/torch_cpu.dir/__/aten/src/
 │ │ ATen/Version.cpp.o
 │ │ [311/1431] Building CXX object caffe2/CMakeFiles/torch_cpu.dir/__/aten/src/
 │ │ ATen/TensorUtils.cpp.o
 │ │ [312/1431] Building CXX object caffe2/CMakeFiles/torch_cpu.dir/__/aten/src/
 │ │ ATen/ThreadLocalState.cpp.o
 │ │ [313/1431] Building CXX object caffe2/CMakeFiles/torch_cpu.dir/__/aten/src/
 │ │ ATen/Utils.cpp.o
 │ │ [314/1431] Building CXX object caffe2/CMakeFiles/torch_cpu.dir/__/aten/src/
 │ │ ATen/cpu/FlushDenormal.cpp.o
 │ │ [315/1431] Building CXX object caffe2/CMakeFiles/torch_cpu.dir/__/aten/src/
 │ │ ATen/cpu/Utils.cpp.o
 │ │ [316/1431] Building CXX object caffe2/CMakeFiles/torch_cpu.dir/__/aten/src/
 │ │ ATen/detail/CPUGuardImpl.cpp.o
 │ │ [317/1431] Building CXX object caffe2/CMakeFiles/torch_cpu.dir/__/aten/src/
 │ │ ATen/VmapModeRegistrations.cpp.o
 │ │ [318/1431] Building CXX object caffe2/CMakeFiles/torch_cpu.dir/__/aten/src/
 │ │ ATen/detail/CUDAHooksInterface.cpp.o
 │ │ [319/1431] Building CXX object caffe2/CMakeFiles/torch_cpu.dir/__/aten/src/
 │ │ ATen/detail/HIPHooksInterface.cpp.o
 │ │ [320/1431] Building CXX object caffe2/CMakeFiles/torch_cpu.dir/__/aten/src/
 │ │ ATen/detail/HPUHooksInterface.cpp.o
 │ │ [321/1431] Building CXX object caffe2/CMakeFiles/torch_cpu.dir/__/aten/src/
 │ │ ATen/detail/IPUHooksInterface.cpp.o
 │ │ [322/1431] Building CXX object caffe2/CMakeFiles/torch_cpu.dir/__/aten/src/
 │ │ ATen/ZeroTensorFallback.cpp.o
 │ │ [323/1431] Building CXX object caffe2/CMakeFiles/torch_cpu.dir/__/aten/src/
 │ │ ATen/detail/MAIAHooksInterface.cpp.o
 │ │ [324/1431] Building CXX object caffe2/CMakeFiles/torch_cpu.dir/__/aten/src/
 │ │ ATen/detail/MPSHooksInterface.cpp.o
 │ │ [325/1431] Building CXX object caffe2/CMakeFiles/torch_cpu.dir/__/aten/src/
 │ │ ATen/detail/MetaGuardImpl.cpp.o
 │ │ [326/1431] Building CXX object caffe2/CMakeFiles/torch_cpu.dir/__/aten/src/
 │ │ ATen/detail/MTIAHooksInterface.cpp.o
 │ │ [327/1431] Building CXX object caffe2/CMakeFiles/torch_cpu.dir/__/aten/src/
 │ │ ATen/detail/PrivateUse1HooksInterface.cpp.o
 │ │ [328/1431] Building CXX object caffe2/CMakeFiles/torch_cpu.dir/__/aten/src/
 │ │ ATen/detail/XPUHooksInterface.cpp.o
 │ │ [329/1431] Building CXX object caffe2/CMakeFiles/torch_cpu.dir/__/aten/src/
 │ │ ATen/functorch/ADInterpreters.cpp.o
 │ │ [330/1431] Building CXX object caffe2/CMakeFiles/torch_cpu.dir/__/aten/src/
 │ │ ATen/autocast_mode.cpp.o
 │ │ [331/1431] Building CXX object caffe2/CMakeFiles/torch_cpu.dir/__/aten/src/
 │ │ ATen/functorch/BatchRulesActivation.cpp.o
 │ │ [332/1431] Building CXX object caffe2/CMakeFiles/torch_cpu.dir/__/aten/src/
 │ │ ATen/functorch/BatchRulesBinaryOps.cpp.o
 │ │ [333/1431] Building CXX object caffe2/CMakeFiles/torch_cpu.dir/__/aten/src/
 │ │ ATen/functorch/BatchRulesConvolution.cpp.o
 │ │ [334/1431] Building CXX object caffe2/CMakeFiles/torch_cpu.dir/__/aten/src/
 │ │ ATen/functorch/BatchRulesDynamic.cpp.o
 │ │ [335/1431] Building CXX object caffe2/CMakeFiles/torch_cpu.dir/__/aten/src/
 │ │ ATen/functorch/BatchRulesDecompositions.cpp.o
 │ │ [336/1431] Building CXX object caffe2/CMakeFiles/torch_cpu.dir/__/aten/src/
 │ │ ATen/functorch/BatchRulesHelper.cpp.o
 │ │ [337/1431] Building CXX object caffe2/CMakeFiles/torch_cpu.dir/__/aten/src/
 │ │ ATen/functorch/BatchRulesFactory.cpp.o
 │ │ [338/1431] Building CXX object caffe2/CMakeFiles/torch_cpu.dir/__/aten/src/
 │ │ ATen/functorch/BatchRulesIndexing.cpp.o
 │ │ [339/1431] Building CXX object caffe2/CMakeFiles/torch_cpu.dir/__/aten/src/
 │ │ ATen/functorch/BatchRulesLinearAlgebra.cpp.o
 │ │ [340/1431] Building CXX object caffe2/CMakeFiles/torch_cpu.dir/__/aten/src/
 │ │ ATen/functorch/BatchRulesLoss.cpp.o
 │ │ [341/1431] Building CXX object caffe2/CMakeFiles/torch_cpu.dir/__/aten/src/
 │ │ ATen/functorch/BatchRulesModules.cpp.o
 │ │ [342/1431] Building CXX object caffe2/CMakeFiles/torch_cpu.dir/__/aten/src/
 │ │ ATen/functorch/BatchRulesNorm.cpp.o
 │ │ [343/1431] Building CXX object caffe2/CMakeFiles/torch_cpu.dir/__/aten/src/
 │ │ ATen/functorch/BatchRulesPooling.cpp.o
 │ │ [344/1431] Building CXX object caffe2/CMakeFiles/torch_cpu.dir/__/aten/src/
 │ │ ATen/functorch/BatchRulesRandomness.cpp.o
 │ │ [345/1431] Building CXX object caffe2/CMakeFiles/torch_cpu.dir/__/aten/src/
 │ │ ATen/functorch/BatchRulesReduceOps.cpp.o
 │ │ [346/1431] Building CXX object caffe2/CMakeFiles/torch_cpu.dir/__/aten/src/
 │ │ ATen/functorch/BatchRulesScatterOps.cpp.o
 │ │ [347/1431] Building CXX object caffe2/CMakeFiles/torch_cpu.dir/__/aten/src/
 │ │ ATen/functorch/BatchRulesUnaryOps.cpp.o
 │ │ [348/1431] Building CXX object caffe2/CMakeFiles/torch_cpu.dir/__/aten/src/
 │ │ ATen/functorch/BatchedFallback.cpp.o
 │ │ [349/1431] Building CXX object caffe2/CMakeFiles/torch_cpu.dir/__/aten/src/
 │ │ ATen/functorch/BatchedTensorImpl.cpp.o
 │ │ [350/1431] Building CXX object caffe2/CMakeFiles/torch_cpu.dir/__/aten/src/
 │ │ ATen/functorch/BatchRulesViews.cpp.o
 │ │ [351/1431] Building CXX object caffe2/CMakeFiles/torch_cpu.dir/__/aten/src/
 │ │ ATen/functorch/FunctionalizeInterpreter.cpp.o
 │ │ [352/1431] Building CXX object caffe2/CMakeFiles/torch_cpu.dir/__/aten/src/
 │ │ ATen/functorch/Interpreter.cpp.o
 │ │ [353/1431] Building CXX object caffe2/CMakeFiles/torch_cpu.dir/__/aten/src/
 │ │ ATen/functorch/PlumbingHelper.cpp.o
 │ │ [354/1431] Building CXX object caffe2/CMakeFiles/torch_cpu.dir/__/aten/src/
 │ │ ATen/functorch/DynamicLayer.cpp.o
 │ │ [355/1431] Building CXX object caffe2/CMakeFiles/torch_cpu.dir/__/aten/src/
 │ │ ATen/functorch/LegacyVmapTransforms.cpp.o
 │ │ [356/1431] Building CXX object caffe2/CMakeFiles/torch_cpu.dir/__/aten/src/
 │ │ ATen/functorch/LegacyBatchingRegistrations.cpp.o
 │ │ [357/1431] Building CXX object caffe2/CMakeFiles/torch_cpu.dir/__/aten/src/
 │ │ ATen/functorch/TensorWrapper.cpp.o
 │ │ [358/1431] Building CXX object caffe2/CMakeFiles/torch_cpu.dir/__/aten/src/
 │ │ ATen/functorch/VmapInterpreter.cpp.o
 │ │ [359/1431] Building CXX object caffe2/CMakeFiles/torch_cpu.dir/__/aten/src/
 │ │ ATen/core/ATenGeneral.cpp.o
 │ │ [360/1431] Building CXX object caffe2/CMakeFiles/torch_cpu.dir/__/aten/src/
 │ │ ATen/functorch/PyTorchOperatorHacks.cpp.o
 │ │ [361/1431] Building CXX object caffe2/CMakeFiles/torch_cpu.dir/__/aten/src/
 │ │ ATen/core/CachingHostAllocator.cpp.o
 │ │ [362/1431] Building CXX object caffe2/CMakeFiles/torch_cpu.dir/__/aten/src/
 │ │ ATen/record_function.cpp.o
 │ │ [363/1431] Building CXX object caffe2/CMakeFiles/torch_cpu.dir/__/aten/src/
 │ │ ATen/core/BackendSelectFallbackKernel.cpp.o
 │ │ [364/1431] Building CXX object caffe2/CMakeFiles/torch_cpu.dir/__/aten/src/
 │ │ ATen/core/DeprecatedTypeProperties.cpp.o
 │ │ [365/1431] Building CXX object caffe2/CMakeFiles/torch_cpu.dir/__/aten/src/
 │ │ ATen/core/DeprecatedTypePropertiesRegistry.cpp.o
 │ │ [366/1431] Building CXX object caffe2/CMakeFiles/torch_cpu.dir/__/aten/src/
 │ │ ATen/core/Dimname.cpp.o
 │ │ [367/1431] Building CXX object caffe2/CMakeFiles/torch_cpu.dir/__/aten/src/
 │ │ ATen/functorch/VmapModeRegistrations.cpp.o
 │ │ [368/1431] Building CXX object caffe2/CMakeFiles/torch_cpu.dir/__/aten/src/
 │ │ ATen/core/Dict.cpp.o
 │ │ [369/1431] Building CXX object caffe2/CMakeFiles/torch_cpu.dir/__/aten/src/
 │ │ ATen/core/Generator.cpp.o
 │ │ [370/1431] Building CXX object caffe2/CMakeFiles/torch_cpu.dir/__/aten/src/
 │ │ ATen/core/GeneratorForPrivateuseone.cpp.o
 │ │ [371/1431] Building CXX object caffe2/CMakeFiles/torch_cpu.dir/__/aten/src/
 │ │ ATen/core/Formatting.cpp.o
 │ │ [372/1431] Building CXX object caffe2/CMakeFiles/torch_cpu.dir/__/aten/src/
 │ │ ATen/core/List.cpp.o
 │ │ [373/1431] Building CXX object caffe2/CMakeFiles/torch_cpu.dir/__/aten/src/
 │ │ ATen/core/NamedTensor.cpp.o
 │ │ [374/1431] Building CXX object caffe2/CMakeFiles/torch_cpu.dir/__/aten/src/
 │ │ ATen/core/MetaFallbackKernel.cpp.o
 │ │ [375/1431] Building CXX object caffe2/CMakeFiles/torch_cpu.dir/__/aten/src/
 │ │ ATen/core/NestedIntSymNodeImpl.cpp.o
 │ │ [376/1431] Building CXX object caffe2/CMakeFiles/torch_cpu.dir/__/aten/src/
 │ │ ATen/core/Range.cpp.o
 │ │ [377/1431] Building CXX object caffe2/CMakeFiles/torch_cpu.dir/__/aten/src/
 │ │ ATen/core/NamedRegistrations.cpp.o
 │ │ [378/1431] Building CXX object caffe2/CMakeFiles/torch_cpu.dir/__/aten/src/
 │ │ ATen/core/PythonFallbackKernel.cpp.o
 │ │ [379/1431] Building CXX object caffe2/CMakeFiles/torch_cpu.dir/__/aten/src/
 │ │ ATen/core/PythonOpRegistrationTrampoline.cpp.o
 │ │ [380/1431] Building CXX object caffe2/CMakeFiles/torch_cpu.dir/__/aten/src/
 │ │ ATen/core/Tensor.cpp.o
 │ │ [381/1431] Building CXX object caffe2/CMakeFiles/torch_cpu.dir/__/aten/src/
 │ │ ATen/core/VariableHooksInterface.cpp.o
 │ │ [382/1431] Building CXX object caffe2/CMakeFiles/torch_cpu.dir/__/aten/src/
 │ │ ATen/core/Vitals.cpp.o
 │ │ [383/1431] Building CXX object caffe2/CMakeFiles/torch_cpu.dir/__/aten/src/
 │ │ ATen/core/TorchDispatchUtils.cpp.o
 │ │ [384/1431] Building CXX object caffe2/CMakeFiles/torch_cpu.dir/__/aten/src/
 │ │ ATen/core/VariableFallbackKernel.cpp.o
 │ │ [385/1431] Building CXX object caffe2/CMakeFiles/torch_cpu.dir/__/aten/src/
 │ │ ATen/core/blob.cpp.o
 │ │ [386/1431] Building CXX object caffe2/CMakeFiles/torch_cpu.dir/__/aten/src/
 │ │ ATen/core/adaption.cpp.o
 │ │ [387/1431] Building CXX object caffe2/CMakeFiles/torch_cpu.dir/__/aten/src/
 │ │ ATen/core/boxing/KernelFunction.cpp.o
 │ │ [388/1431] Building CXX object caffe2/CMakeFiles/torch_cpu.dir/__/aten/src/
 │ │ ATen/core/class_type.cpp.o
 │ │ [389/1431] Building CXX object caffe2/CMakeFiles/torch_cpu.dir/__/aten/src/
 │ │ ATen/core/custom_class.cpp.o
 │ │ [390/1431] Building CXX object caffe2/CMakeFiles/torch_cpu.dir/__/aten/src/
 │ │ ATen/core/dispatch/DispatchKeyExtractor.cpp.o
 │ │ [391/1431] Building CXX object caffe2/CMakeFiles/torch_cpu.dir/__/aten/src/
 │ │ ATen/core/dispatch/ObservedOperators.cpp.o
 │ │ [392/1431] Building CXX object caffe2/CMakeFiles/torch_cpu.dir/__/aten/src/
 │ │ ATen/core/dispatch/Dispatcher.cpp.o
 │ │ [393/1431] Building CXX object caffe2/CMakeFiles/torch_cpu.dir/__/aten/src/
 │ │ ATen/core/dispatch/OperatorEntry.cpp.o
 │ │ [394/1431] Building CXX object caffe2/CMakeFiles/torch_cpu.dir/__/aten/src/
 │ │ ATen/core/dynamic_type.cpp.o
 │ │ [395/1431] Building CXX object caffe2/CMakeFiles/torch_cpu.dir/__/aten/src/
 │ │ ATen/core/function_schema.cpp.o
 │ │ [396/1431] Building CXX object caffe2/CMakeFiles/torch_cpu.dir/__/aten/src/
 │ │ ATen/core/interned_strings.cpp.o
 │ │ [397/1431] Building CXX object caffe2/CMakeFiles/torch_cpu.dir/__/aten/src/
 │ │ ATen/core/op_registration/op_registration.cpp.o
 │ │ [398/1431] Building CXX object caffe2/CMakeFiles/torch_cpu.dir/__/aten/src/
 │ │ ATen/core/library.cpp.o
 │ │ [399/1431] Building CXX object caffe2/CMakeFiles/torch_cpu.dir/__/aten/src/
 │ │ ATen/core/operator_name.cpp.o
 │ │ [400/1431] Building CXX object caffe2/CMakeFiles/torch_cpu.dir/__/aten/src/
 │ │ ATen/core/op_registration/infer_schema.cpp.o
 │ │ [401/1431] Building CXX object caffe2/CMakeFiles/torch_cpu.dir/__/aten/src/
 │ │ ATen/core/ivalue.cpp.o
 │ │ [402/1431] Building CXX object caffe2/CMakeFiles/torch_cpu.dir/__/aten/src/
 │ │ ATen/core/register_symbols.cpp.o
 │ │ [403/1431] Building CXX object caffe2/CMakeFiles/torch_cpu.dir/__/aten/src/
 │ │ ATen/core/tensor_type.cpp.o
 │ │ [404/1431] Building CXX object caffe2/CMakeFiles/torch_cpu.dir/__/aten/src/
 │ │ ATen/core/type_factory.cpp.o
 │ │ [405/1431] Building CXX object caffe2/CMakeFiles/torch_cpu.dir/__/torch/csr
 │ │ c/jit/frontend/error_report.cpp.o
 │ │ [406/1431] Building CXX object caffe2/CMakeFiles/torch_cpu.dir/__/aten/src/
 │ │ ATen/core/type.cpp.o
 │ │ [407/1431] Building CXX object caffe2/CMakeFiles/torch_cpu.dir/__/aten/src/
 │ │ ATen/core/union_type.cpp.o
 │ │ [408/1431] Building CXX object caffe2/CMakeFiles/torch_cpu.dir/__/torch/csr
 │ │ c/jit/frontend/strtod.cpp.o
 │ │ [409/1431] Building CXX object caffe2/CMakeFiles/torch_cpu.dir/__/torch/csr
 │ │ c/jit/frontend/lexer.cpp.o
 │ │ [410/1431] Building CXX object caffe2/CMakeFiles/torch_cpu.dir/__/torch/csr
 │ │ c/jit/frontend/function_schema_parser.cpp.o
 │ │ [411/1431] Building CXX object caffe2/CMakeFiles/torch_cpu.dir/__/aten/src/
 │ │ ATen/native/Activation.cpp.o
 │ │ [412/1431] Building CXX object caffe2/CMakeFiles/torch_cpu.dir/__/torch/csr
 │ │ c/jit/frontend/source_range.cpp.o
 │ │ [413/1431] Building CXX object caffe2/CMakeFiles/torch_cpu.dir/__/torch/csr
 │ │ c/jit/frontend/schema_type_parser.cpp.o
 │ │ [414/1431] Building CXX object caffe2/CMakeFiles/torch_cpu.dir/__/aten/src/
 │ │ ATen/native/AdaptiveMaxPooling2d.cpp.o
 │ │ [415/1431] Building CXX object caffe2/CMakeFiles/torch_cpu.dir/__/aten/src/
 │ │ ATen/native/AdaptiveAveragePooling.cpp.o
 │ │ [416/1431] Building CXX object caffe2/CMakeFiles/torch_cpu.dir/__/aten/src/
 │ │ ATen/native/AdaptiveMaxPooling3d.cpp.o
 │ │ [417/1431] Building CXX object caffe2/CMakeFiles/torch_cpu.dir/__/aten/src/
 │ │ ATen/native/AdaptiveAveragePooling3d.cpp.o
 │ │ [418/1431] Building CXX object caffe2/CMakeFiles/torch_cpu.dir/__/aten/src/
 │ │ ATen/native/AffineGridGenerator.cpp.o
 │ │ [419/1431] Building CXX object caffe2/CMakeFiles/torch_cpu.dir/__/aten/src/
 │ │ ATen/native/AmpKernels.cpp.o
 │ │ [420/1431] Building CXX object caffe2/CMakeFiles/torch_cpu.dir/__/aten/src/
 │ │ ATen/native/AutogradComposite.cpp.o
 │ │ [421/1431] Building CXX object caffe2/CMakeFiles/torch_cpu.dir/__/aten/src/
 │ │ ATen/native/AveragePool2d.cpp.o
 │ │ [422/1431] Building CXX object caffe2/CMakeFiles/torch_cpu.dir/__/aten/src/
 │ │ ATen/native/AveragePool3d.cpp.o
 │ │ [423/1431] Building CXX object caffe2/CMakeFiles/torch_cpu.dir/__/aten/src/
 │ │ ATen/native/BatchLinearAlgebraKernel.cpp.o
 │ │ [424/1431] Building CXX object caffe2/CMakeFiles/torch_cpu.dir/__/aten/src/
 │ │ ATen/native/BinaryOps.cpp.o
 │ │ [425/1431] Building CXX object caffe2/CMakeFiles/torch_cpu.dir/__/aten/src/
 │ │ ATen/native/BatchLinearAlgebra.cpp.o
 │ │ [426/1431] Building CXX object caffe2/CMakeFiles/torch_cpu.dir/__/aten/src/
 │ │ ATen/native/BlasKernel.cpp.o
 │ │ [427/1431] Building CXX object caffe2/CMakeFiles/torch_cpu.dir/__/aten/src/
 │ │ ATen/native/Blas.cpp.o
 │ │ [428/1431] Building CXX object caffe2/CMakeFiles/torch_cpu.dir/__/aten/src/
 │ │ ATen/native/CPUBlas.cpp.o
 │ │ [429/1431] Building CXX object caffe2/CMakeFiles/torch_cpu.dir/__/aten/src/
 │ │ ATen/native/CPUFallback.cpp.o
 │ │ [430/1431] Building CXX object caffe2/CMakeFiles/torch_cpu.dir/__/aten/src/
 │ │ ATen/native/Bucketization.cpp.o
 │ │ [431/1431] Building CXX object caffe2/CMakeFiles/torch_cpu.dir/__/aten/src/
 │ │ ATen/native/ChanelShuffle.cpp.o
 │ │ [432/1431] Building CXX object caffe2/CMakeFiles/torch_cpu.dir/__/aten/src/
 │ │ ATen/native/ComparisonUtils.cpp.o
 │ │ [433/1431] Building CXX object caffe2/CMakeFiles/torch_cpu.dir/__/aten/src/
 │ │ ATen/native/Col2Im.cpp.o
 │ │ [434/1431] Building CXX object caffe2/CMakeFiles/torch_cpu.dir/__/aten/src/
 │ │ ATen/native/Constraints.cpp.o
 │ │ [435/1431] Building CXX object caffe2/CMakeFiles/torch_cpu.dir/__/aten/src/
 │ │ ATen/native/ConvolutionTBC.cpp.o
 │ │ [436/1431] Building CXX object caffe2/CMakeFiles/torch_cpu.dir/__/aten/src/
 │ │ ATen/native/Convolution.cpp.o
 │ │ [437/1431] Building CXX object caffe2/CMakeFiles/torch_cpu.dir/__/aten/src/
 │ │ ATen/native/ConvolutionMM2d.cpp.o
 │ │ [438/1431] Building CXX object caffe2/CMakeFiles/torch_cpu.dir/__/aten/src/
 │ │ ATen/native/ConvolutionMM3d.cpp.o
 │ │ [439/1431] Building CXX object caffe2/CMakeFiles/torch_cpu.dir/__/aten/src/
 │ │ ATen/native/Correlation.cpp.o
 │ │ [440/1431] Building CXX object caffe2/CMakeFiles/torch_cpu.dir/__/aten/src/
 │ │ ATen/native/Cross.cpp.o
 │ │ [441/1431] Building CXX object caffe2/CMakeFiles/torch_cpu.dir/__/aten/src/
 │ │ ATen/native/Copy.cpp.o
 │ │ [442/1431] Building CXX object caffe2/CMakeFiles/torch_cpu.dir/__/aten/src/
 │ │ ATen/native/DilatedMaxPool2d.cpp.o
 │ │ [443/1431] Building CXX object caffe2/CMakeFiles/torch_cpu.dir/__/aten/src/
 │ │ ATen/native/DispatchStub.cpp.o
 │ │ [444/1431] Building CXX object caffe2/CMakeFiles/torch_cpu.dir/__/aten/src/
 │ │ ATen/native/DilatedMaxPool3d.cpp.o
 │ │ [445/1431] Building CXX object caffe2/CMakeFiles/torch_cpu.dir/__/aten/src/
 │ │ ATen/native/Distance.cpp.o
 │ │ [446/1431] Building CXX object caffe2/CMakeFiles/torch_cpu.dir/__/aten/src/
 │ │ ATen/native/Dropout.cpp.o
 │ │ [447/1431] Building CXX object caffe2/CMakeFiles/torch_cpu.dir/__/aten/src/
 │ │ ATen/native/Distributions.cpp.o
 │ │ [448/1431] Building CXX object caffe2/CMakeFiles/torch_cpu.dir/__/aten/src/
 │ │ ATen/native/Embedding.cpp.o
 │ │ [449/1431] Building CXX object caffe2/CMakeFiles/torch_cpu.dir/__/aten/src/
 │ │ ATen/native/Fill.cpp.o
 │ │ [450/1431] Building CXX object caffe2/CMakeFiles/torch_cpu.dir/__/aten/src/
 │ │ ATen/native/FractionalMaxPool2d.cpp.o
 │ │ [451/1431] Building CXX object caffe2/CMakeFiles/torch_cpu.dir/__/aten/src/
 │ │ ATen/native/ForeachOpsKernels.cpp.o
 │ │ [452/1431] Building CXX object caffe2/CMakeFiles/torch_cpu.dir/__/aten/src/
 │ │ ATen/native/EmbeddingBag.cpp.o
 │ │ [453/1431] Building CXX object caffe2/CMakeFiles/torch_cpu.dir/__/aten/src/
 │ │ ATen/native/FractionalMaxPool3d.cpp.o
 │ │ [454/1431] Building CXX object caffe2/CMakeFiles/torch_cpu.dir/__/aten/src/
 │ │ ATen/native/FunctionOfAMatrixUtils.cpp.o
 │ │ [455/1431] Building CXX object caffe2/CMakeFiles/torch_cpu.dir/__/aten/src/
 │ │ ATen/native/FusedAdagrad.cpp.o
 │ │ [456/1431] Building CXX object caffe2/CMakeFiles/torch_cpu.dir/__/aten/src/
 │ │ ATen/native/FusedAdam.cpp.o
 │ │ [457/1431] Building CXX object caffe2/CMakeFiles/torch_cpu.dir/__/aten/src/
 │ │ ATen/native/FusedSGD.cpp.o
 │ │ [458/1431] Building CXX object caffe2/CMakeFiles/torch_cpu.dir/__/aten/src/
 │ │ ATen/native/GatedLinearUnit.cpp.o
 │ │ [459/1431] Building CXX object caffe2/CMakeFiles/torch_cpu.dir/__/aten/src/
 │ │ ATen/native/Histogram.cpp.o
 │ │ [460/1431] Building CXX object caffe2/CMakeFiles/torch_cpu.dir/__/aten/src/
 │ │ ATen/native/GridSampler.cpp.o
 │ │ [461/1431] Building CXX object caffe2/CMakeFiles/torch_cpu.dir/__/aten/src/
 │ │ ATen/native/IndexingUtils.cpp.o
 │ │ [462/1431] Building CXX object caffe2/CMakeFiles/torch_cpu.dir/__/aten/src/
 │ │ ATen/native/Im2Col.cpp.o
 │ │ [463/1431] Building CXX object caffe2/CMakeFiles/torch_cpu.dir/__/aten/src/
 │ │ ATen/native/Lerp.cpp.o
 │ │ [464/1431] Building CXX object caffe2/CMakeFiles/torch_cpu.dir/__/aten/src/
 │ │ ATen/native/Integration.cpp.o
 │ │ [465/1431] Building CXX object caffe2/CMakeFiles/torch_cpu.dir/__/aten/src/
 │ │ ATen/native/Itertools.cpp.o
 │ │ [466/1431] Building CXX object caffe2/CMakeFiles/torch_cpu.dir/__/aten/src/
 │ │ ATen/native/LegacyBatching.cpp.o
 │ │ [467/1431] Building CXX object caffe2/CMakeFiles/torch_cpu.dir/__/aten/src/
 │ │ ATen/native/Linear.cpp.o
 │ │ [468/1431] Building CXX object caffe2/CMakeFiles/torch_cpu.dir/__/aten/src/
 │ │ ATen/native/Loss.cpp.o
 │ │ [469/1431] Building CXX object caffe2/CMakeFiles/torch_cpu.dir/__/aten/src/
 │ │ ATen/native/LossCTC.cpp.o
 │ │ [470/1431] Building CXX object caffe2/CMakeFiles/torch_cpu.dir/__/aten/src/
 │ │ ATen/native/LossMultiLabelMargin.cpp.o
 │ │ [471/1431] Building CXX object caffe2/CMakeFiles/torch_cpu.dir/__/aten/src/
 │ │ ATen/native/LossMultiMargin.cpp.o
 │ │ [472/1431] Building CXX object caffe2/CMakeFiles/torch_cpu.dir/__/aten/src/
 │ │ ATen/native/LinearAlgebra.cpp.o
 │ │ [473/1431] Building CXX object caffe2/CMakeFiles/torch_cpu.dir/__/aten/src/
 │ │ ATen/native/MaxPooling.cpp.o
 │ │ [474/1431] Building CXX object caffe2/CMakeFiles/torch_cpu.dir/__/aten/src/
 │ │ ATen/native/LossNLL.cpp.o
 │ │ [475/1431] Building CXX object caffe2/CMakeFiles/torch_cpu.dir/__/aten/src/
 │ │ ATen/native/LossNLL2d.cpp.o
 │ │ [476/1431] Building CXX object caffe2/CMakeFiles/torch_cpu.dir/__/aten/src/
 │ │ ATen/native/MaxUnpooling.cpp.o
 │ │ [477/1431] Building CXX object caffe2/CMakeFiles/torch_cpu.dir/__/aten/src/
 │ │ ATen/native/Memory.cpp.o
 │ │ [478/1431] Building CXX object caffe2/CMakeFiles/torch_cpu.dir/__/aten/src/
 │ │ ATen/native/MetaTensor.cpp.o
 │ │ [479/1431] Building CXX object caffe2/CMakeFiles/torch_cpu.dir/__/aten/src/
 │ │ ATen/native/NNPACK.cpp.o
 │ │ [480/1431] Building CXX object caffe2/CMakeFiles/torch_cpu.dir/__/aten/src/
 │ │ ATen/native/NaiveConvolutionTranspose3d.cpp.o
 │ │ [481/1431] Building CXX object caffe2/CMakeFiles/torch_cpu.dir/__/aten/src/
 │ │ ATen/native/NaiveConvolutionTranspose2d.cpp.o
 │ │ [482/1431] Building CXX object caffe2/CMakeFiles/torch_cpu.dir/__/aten/src/
 │ │ ATen/native/NamedTensor.cpp.o
 │ │ [483/1431] Building CXX object caffe2/CMakeFiles/torch_cpu.dir/__/aten/src/
 │ │ ATen/native/NaiveDilatedConvolution.cpp.o
 │ │ [484/1431] Building CXX object caffe2/CMakeFiles/torch_cpu.dir/__/aten/src/
 │ │ ATen/native/Onehot.cpp.o
 │ │ [485/1431] Building CXX object caffe2/CMakeFiles/torch_cpu.dir/__/aten/src/
 │ │ ATen/native/NegateFallback.cpp.o
 │ │ [486/1431] Building CXX object caffe2/CMakeFiles/torch_cpu.dir/__/aten/src/
 │ │ ATen/native/PackedSequence.cpp.o
 │ │ [487/1431] Building CXX object caffe2/CMakeFiles/torch_cpu.dir/__/aten/src/
 │ │ ATen/native/PixelShuffle.cpp.o
 │ │ [488/1431] Building CXX object caffe2/CMakeFiles/torch_cpu.dir/__/aten/src/
 │ │ ATen/native/PadNd.cpp.o
 │ │ [489/1431] Building CXX object caffe2/CMakeFiles/torch_cpu.dir/__/aten/src/
 │ │ ATen/native/PointwiseOps.cpp.o
 │ │ [490/1431] Building CXX object caffe2/CMakeFiles/torch_cpu.dir/__/aten/src/
 │ │ ATen/native/Normalization.cpp.o
 │ │ [491/1431] Building CXX object caffe2/CMakeFiles/torch_cpu.dir/__/aten/src/
 │ │ ATen/native/Pooling.cpp.o
 │ │ [492/1431] Building CXX object caffe2/CMakeFiles/torch_cpu.dir/__/aten/src/
 │ │ ATen/native/Pow.cpp.o
 │ │ [493/1431] Building CXX object caffe2/CMakeFiles/torch_cpu.dir/__/aten/src/
 │ │ ATen/native/QuantizedLinear.cpp.o
 │ │ [494/1431] Building CXX object caffe2/CMakeFiles/torch_cpu.dir/__/aten/src/
 │ │ ATen/native/ReduceAllOps.cpp.o
 │ │ [495/1431] Building CXX object caffe2/CMakeFiles/torch_cpu.dir/__/aten/src/
 │ │ ATen/native/RangeFactories.cpp.o
 │ │ [496/1431] Building CXX object caffe2/CMakeFiles/torch_cpu.dir/__/aten/src/
 │ │ ATen/native/ReflectionPad.cpp.o
 │ │ [497/1431] Building CXX object caffe2/CMakeFiles/torch_cpu.dir/__/aten/src/
 │ │ ATen/native/ReduceOps.cpp.o
 │ │ [498/1431] Building CXX object caffe2/CMakeFiles/torch_cpu.dir/__/aten/src/
 │ │ ATen/native/Repeat.cpp.o
 │ │ [499/1431] Building CXX object caffe2/CMakeFiles/torch_cpu.dir/__/aten/src/
 │ │ ATen/native/RNN.cpp.o
 │ │ [500/1431] Building CXX object caffe2/CMakeFiles/torch_cpu.dir/__/aten/src/
 │ │ ATen/native/ReplicationPadding.cpp.o
 │ │ [501/1431] Building CXX object caffe2/CMakeFiles/torch_cpu.dir/__/aten/src/
 │ │ ATen/native/Resize.cpp.o
 │ │ [502/1431] Building CXX object caffe2/CMakeFiles/torch_cpu.dir/__/aten/src/
 │ │ ATen/native/RowwisePrune.cpp.o
 │ │ [503/1431] Building CXX object caffe2/CMakeFiles/torch_cpu.dir/__/aten/src/
 │ │ ATen/native/Scalar.cpp.o
 │ │ [504/1431] Building CXX object caffe2/CMakeFiles/torch_cpu.dir/__/aten/src/
 │ │ ATen/native/SobolEngineOps.cpp.o
 │ │ [505/1431] Building CXX object caffe2/CMakeFiles/torch_cpu.dir/__/aten/src/
 │ │ ATen/native/SegmentReduce.cpp.o
 │ │ [506/1431] Building CXX object caffe2/CMakeFiles/torch_cpu.dir/__/aten/src/
 │ │ ATen/native/SobolEngineOpsUtils.cpp.o
 │ │ [507/1431] Building CXX object caffe2/CMakeFiles/torch_cpu.dir/__/aten/src/
 │ │ ATen/native/SoftMax.cpp.o
 │ │ [508/1431] Building CXX object caffe2/CMakeFiles/torch_cpu.dir/__/aten/src/
 │ │ ATen/native/SpectralOps.cpp.o
 │ │ [509/1431] Building CXX object caffe2/CMakeFiles/torch_cpu.dir/__/aten/src/
 │ │ ATen/native/SummaryOps.cpp.o
 │ │ [510/1431] Building CXX object caffe2/CMakeFiles/torch_cpu.dir/__/aten/src/
 │ │ ATen/native/SparseTensorUtils.cpp.o
 │ │ [511/1431] Building CXX object caffe2/CMakeFiles/torch_cpu.dir/__/aten/src/
 │ │ ATen/native/Sorting.cpp.o
 │ │ [512/1431] Building CXX object caffe2/CMakeFiles/torch_cpu.dir/__/aten/src/
 │ │ ATen/native/TensorCompare.cpp.o
 │ │ [513/1431] Building CXX object caffe2/CMakeFiles/torch_cpu.dir/__/aten/src/
 │ │ ATen/native/TensorIteratorReduce.cpp.o
 │ │ [514/1431] Building CXX object caffe2/CMakeFiles/torch_cpu.dir/__/aten/src/
 │ │ ATen/native/TensorFactories.cpp.o
 │ │ [515/1431] Building CXX object caffe2/CMakeFiles/torch_cpu.dir/__/aten/src/
 │ │ ATen/native/TensorProperties.cpp.o
 │ │ [516/1431] Building CXX object caffe2/CMakeFiles/torch_cpu.dir/__/aten/src/
 │ │ ATen/native/TensorConversions.cpp.o
 │ │ [517/1431] Building CXX object caffe2/CMakeFiles/torch_cpu.dir/__/aten/src/
 │ │ ATen/native/TensorTransformations.cpp.o
 │ │ [518/1431] Building CXX object caffe2/CMakeFiles/torch_cpu.dir/__/aten/src/
 │ │ ATen/native/TensorAdvancedIndexing.cpp.o
 │ │ [519/1431] Building CXX object caffe2/CMakeFiles/torch_cpu.dir/__/aten/src/
 │ │ ATen/native/TestOps.cpp.o
 │ │ [520/1431] Building CXX object caffe2/CMakeFiles/torch_cpu.dir/__/aten/src/
 │ │ ATen/native/TypeProperties.cpp.o
 │ │ [521/1431] Building CXX object caffe2/CMakeFiles/torch_cpu.dir/__/aten/src/
 │ │ ATen/native/TensorShape.cpp.o
 │ │ [522/1431] Building CXX object caffe2/CMakeFiles/torch_cpu.dir/__/aten/src/
 │ │ ATen/native/Unfold2d.cpp.o
 │ │ [523/1431] Building CXX object caffe2/CMakeFiles/torch_cpu.dir/__/aten/src/
 │ │ ATen/native/UnaryOps.cpp.o
 │ │ [524/1431] Building CXX object caffe2/CMakeFiles/torch_cpu.dir/__/aten/src/
 │ │ ATen/native/UnfoldBackward.cpp.o
 │ │ [525/1431] Building CXX object caffe2/CMakeFiles/torch_cpu.dir/__/aten/src/
 │ │ ATen/native/TriangularOps.cpp.o
 │ │ [526/1431] Building CXX object caffe2/CMakeFiles/torch_cpu.dir/__/aten/src/
 │ │ ATen/native/Unfold3d.cpp.o
 │ │ [527/1431] Building CXX object caffe2/CMakeFiles/torch_cpu.dir/__/aten/src/
 │ │ ATen/native/UpSample.cpp.o
 │ │ [528/1431] Building CXX object caffe2/CMakeFiles/torch_cpu.dir/__/aten/src/
 │ │ ATen/native/UpSampleBicubic2d.cpp.o
 │ │ [529/1431] Building CXX object caffe2/CMakeFiles/torch_cpu.dir/__/aten/src/
 │ │ ATen/native/UpSampleBilinear2d.cpp.o
 │ │ [530/1431] Building CXX object caffe2/CMakeFiles/torch_cpu.dir/__/aten/src/
 │ │ ATen/native/UpSampleLinear1d.cpp.o
 │ │ [531/1431] Building CXX object caffe2/CMakeFiles/torch_cpu.dir/__/aten/src/
 │ │ ATen/native/UpSampleNearest1d.cpp.o
 │ │ [532/1431] Building CXX object caffe2/CMakeFiles/torch_cpu.dir/__/aten/src/
 │ │ ATen/native/UpSampleNearest2d.cpp.o
 │ │ [533/1431] Building CXX object caffe2/CMakeFiles/torch_cpu.dir/__/aten/src/
 │ │ ATen/native/UpSampleNearest3d.cpp.o
 │ │ [534/1431] Building CXX object caffe2/CMakeFiles/torch_cpu.dir/__/aten/src/
 │ │ ATen/native/Unique.cpp.o
 │ │ [535/1431] Building CXX object caffe2/CMakeFiles/torch_cpu.dir/__/aten/src/
 │ │ ATen/native/VariableMethodStubs.cpp.o
 │ │ [536/1431] Building CXX object caffe2/CMakeFiles/torch_cpu.dir/__/aten/src/
 │ │ ATen/native/UpSampleTrilinear3d.cpp.o
 │ │ [537/1431] Building CXX object caffe2/CMakeFiles/torch_cpu.dir/__/aten/src/
 │ │ ATen/native/WeightNorm.cpp.o
 │ │ [538/1431] Building CXX object caffe2/CMakeFiles/torch_cpu.dir/__/aten/src/
 │ │ ATen/native/verbose_wrapper.cpp.o
 │ │ [539/1431] Building CXX object caffe2/CMakeFiles/torch_cpu.dir/__/aten/src/
 │ │ ATen/native/prim_native_functions.cpp.o
 │ │ [540/1431] Building CXX object caffe2/CMakeFiles/torch_cpu.dir/__/aten/src/
 │ │ ATen/native/group_norm.cpp.o
 │ │ [541/1431] Building CXX object caffe2/CMakeFiles/torch_cpu.dir/__/aten/src/
 │ │ ATen/native/layer_norm.cpp.o
 │ │ [542/1431] Building CXX object caffe2/CMakeFiles/torch_cpu.dir/__/aten/src/
 │ │ ATen/native/ao_sparse/library.cpp.o
 │ │ [543/1431] Building CXX object caffe2/CMakeFiles/torch_cpu.dir/__/aten/src/
 │ │ ATen/native/ao_sparse/quantized/cpu/qlinear.cpp.o
 │ │ [544/1431] Building CXX object caffe2/CMakeFiles/torch_cpu.dir/__/aten/src/
 │ │ ATen/native/ao_sparse/quantized/cpu/fbgemm_utils.cpp.o
 │ │ [545/1431] Building CXX object caffe2/CMakeFiles/torch_cpu.dir/__/aten/src/
 │ │ ATen/native/ao_sparse/quantized/cpu/qlinear_dynamic.cpp.o
 │ │ [546/1431] Building CXX object caffe2/CMakeFiles/torch_cpu.dir/__/aten/src/
 │ │ ATen/native/ao_sparse/quantized/cpu/qlinear_deserialize.cpp.o
 │ │ [547/1431] Building CXX object caffe2/CMakeFiles/torch_cpu.dir/__/aten/src/
 │ │ ATen/native/ao_sparse/quantized/cpu/qlinear_prepack.cpp.o
 │ │ [548/1431] Building CXX object caffe2/CMakeFiles/torch_cpu.dir/__/aten/src/
 │ │ ATen/native/ao_sparse/quantized/cpu/qlinear_unpack.cpp.o
 │ │ [549/1431] Building CXX object caffe2/CMakeFiles/torch_cpu.dir/__/aten/src/
 │ │ ATen/native/ao_sparse/quantized/cpu/qlinear_serialize.cpp.o
 │ │ [550/1431] Building CXX object caffe2/CMakeFiles/torch_cpu.dir/__/aten/src/
 │ │ ATen/native/sparse/ParamUtils.cpp.o
 │ │ [551/1431] Building CXX object caffe2/CMakeFiles/torch_cpu.dir/__/aten/src/
 │ │ ATen/native/sparse/FlattenIndicesKernel.cpp.o
 │ │ [552/1431] Building CXX object caffe2/CMakeFiles/torch_cpu.dir/__/aten/src/
 │ │ ATen/native/sparse/SparseBlas.cpp.o
 │ │ [553/1431] Building CXX object caffe2/CMakeFiles/torch_cpu.dir/__/aten/src/
 │ │ ATen/native/sparse/SoftMax.cpp.o
 │ │ [554/1431] Building CXX object caffe2/CMakeFiles/torch_cpu.dir/__/aten/src/
 │ │ ATen/native/sparse/SparseBlasImpl.cpp.o
 │ │ [555/1431] Building CXX object caffe2/CMakeFiles/torch_cpu.dir/__/aten/src/
 │ │ ATen/native/sparse/SparseBinaryOpIntersectionKernel.cpp.o
 │ │ [556/1431] Building CXX object caffe2/CMakeFiles/torch_cpu.dir/__/aten/src/
 │ │ ATen/native/sparse/SparseCsrTensor.cpp.o
 │ │ [557/1431] Building CXX object caffe2/CMakeFiles/torch_cpu.dir/__/aten/src/
 │ │ ATen/native/sparse/SparseFactories.cpp.o
 │ │ [558/1431] Building CXX object caffe2/CMakeFiles/torch_cpu.dir/__/aten/src/
 │ │ ATen/native/sparse/SparseMatMul.cpp.o
 │ │ [559/1431] Building CXX object caffe2/CMakeFiles/torch_cpu.dir/__/aten/src/
 │ │ ATen/native/sparse/SparseTensor.cpp.o
 │ │ [560/1431] Building CXX object caffe2/CMakeFiles/torch_cpu.dir/__/aten/src/
 │ │ ATen/native/sparse/SparseUnaryOps.cpp.o
 │ │ [561/1431] Building CXX object caffe2/CMakeFiles/torch_cpu.dir/__/aten/src/
 │ │ ATen/native/sparse/ValidateCompressedIndicesKernel.cpp.o
 │ │ [562/1431] Building CXX object caffe2/CMakeFiles/torch_cpu.dir/__/aten/src/
 │ │ ATen/native/sparse/SparseTensorMath.cpp.o
 │ │ [563/1431] Building CXX object caffe2/CMakeFiles/torch_cpu.dir/__/aten/src/
 │ │ ATen/native/nested/NestedTensorAliases.cpp.o
 │ │ [564/1431] Building CXX object caffe2/CMakeFiles/torch_cpu.dir/__/aten/src/
 │ │ ATen/native/sparse/SparseCsrTensorMath.cpp.o
 │ │ [565/1431] Building CXX object caffe2/CMakeFiles/torch_cpu.dir/__/aten/src/
 │ │ ATen/native/nested/NestedTensorBackward.cpp.o
 │ │ [566/1431] Building CXX object caffe2/CMakeFiles/torch_cpu.dir/__/aten/src/
 │ │ ATen/native/nested/NestedTensorFactories.cpp.o
 │ │ [567/1431] Building CXX object caffe2/CMakeFiles/torch_cpu.dir/__/aten/src/
 │ │ ATen/native/nested/NestedTensorBinaryOps.cpp.o
 │ │ [568/1431] Building CXX object caffe2/CMakeFiles/torch_cpu.dir/__/aten/src/
 │ │ ATen/native/nested/NestedTensorMath.cpp.o
 │ │ [569/1431] Building CXX object caffe2/CMakeFiles/torch_cpu.dir/__/aten/src/
 │ │ ATen/native/nested/NestedTensorMatmul.cpp.o
 │ │ [570/1431] Building CXX object caffe2/CMakeFiles/torch_cpu.dir/__/aten/src/
 │ │ ATen/native/nested/NestedTensorUtils.cpp.o
 │ │ [571/1431] Building CXX object caffe2/CMakeFiles/torch_cpu.dir/__/aten/src/
 │ │ ATen/native/quantized/AffineQuantizer.cpp.o
 │ │ [572/1431] Building CXX object caffe2/CMakeFiles/torch_cpu.dir/__/aten/src/
 │ │ ATen/native/nested/NestedTensorUnaryOps.cpp.o
 │ │ [573/1431] Building CXX object caffe2/CMakeFiles/torch_cpu.dir/__/aten/src/
 │ │ ATen/native/quantized/AffineQuantizerBase.cpp.o
 │ │ [574/1431] Building CXX object caffe2/CMakeFiles/torch_cpu.dir/__/aten/src/
 │ │ ATen/native/nested/NestedTensorTransformerFunctions.cpp.o
 │ │ [575/1431] Building CXX object caffe2/CMakeFiles/torch_cpu.dir/__/aten/src/
 │ │ ATen/native/quantized/Copy.cpp.o
 │ │ [576/1431] Building CXX object caffe2/CMakeFiles/torch_cpu.dir/__/aten/src/
 │ │ ATen/native/quantized/FakeQuantPerTensorAffine.cpp.o
 │ │ [577/1431] Building CXX object caffe2/CMakeFiles/torch_cpu.dir/__/aten/src/
 │ │ ATen/native/quantized/FakeQuantPerChannelAffine.cpp.o
 │ │ [578/1431] Building CXX object caffe2/CMakeFiles/torch_cpu.dir/__/aten/src/
 │ │ ATen/native/quantized/QTensor.cpp.o
 │ │ [579/1431] Building CXX object caffe2/CMakeFiles/torch_cpu.dir/__/aten/src/
 │ │ ATen/native/quantized/cpu/ACLUtils.cpp.o
 │ │ [580/1431] Building CXX object caffe2/CMakeFiles/torch_cpu.dir/__/aten/src/
 │ │ ATen/native/quantized/cpu/AdaptiveAveragePooling.cpp.o
 │ │ [581/1431] Building CXX object caffe2/CMakeFiles/torch_cpu.dir/__/aten/src/
 │ │ ATen/native/quantized/TensorAdvancedIndexing.cpp.o
 │ │ [582/1431] Building CXX object caffe2/CMakeFiles/torch_cpu.dir/__/aten/src/
 │ │ ATen/native/quantized/TensorCompare.cpp.o
 │ │ [583/1431] Building CXX object caffe2/CMakeFiles/torch_cpu.dir/__/aten/src/
 │ │ ATen/native/quantized/TensorFactories.cpp.o
 │ │ [584/1431] Building CXX object caffe2/CMakeFiles/torch_cpu.dir/__/aten/src/
 │ │ ATen/native/quantized/cpu/AveragePool2d.cpp.o
 │ │ [585/1431] Building CXX object caffe2/CMakeFiles/torch_cpu.dir/__/aten/src/
 │ │ ATen/native/quantized/cpu/ChannelShuffle.cpp.o
 │ │ [586/1431] Building CXX object caffe2/CMakeFiles/torch_cpu.dir/__/aten/src/
 │ │ ATen/native/quantized/cpu/AveragePool3d.cpp.o
 │ │ [587/1431] Building CXX object caffe2/CMakeFiles/torch_cpu.dir/__/aten/src/
 │ │ ATen/native/quantized/cpu/BinaryOps.cpp.o
 │ │ [588/1431] Building CXX object caffe2/CMakeFiles/torch_cpu.dir/__/aten/src/
 │ │ ATen/native/quantized/cpu/IntReprQuant.cpp.o
 │ │ [589/1431] Building CXX object caffe2/CMakeFiles/torch_cpu.dir/__/aten/src/
 │ │ ATen/native/quantized/cpu/MakePerTensorQuantizedTensor.cpp.o
 │ │ [590/1431] Building CXX object caffe2/CMakeFiles/torch_cpu.dir/__/aten/src/
 │ │ ATen/native/quantized/cpu/LinearUnpackImpl.cpp.o
 │ │ [591/1431] Building CXX object caffe2/CMakeFiles/torch_cpu.dir/__/aten/src/
 │ │ ATen/native/quantized/cpu/RuyUtils.cpp.o
 │ │ [592/1431] Building CXX object caffe2/CMakeFiles/torch_cpu.dir/__/aten/src/
 │ │ ATen/native/quantized/cpu/Normalization.cpp.o
 │ │ [593/1431] Building CXX object caffe2/CMakeFiles/torch_cpu.dir/__/aten/src/
 │ │ ATen/native/quantized/cpu/ReduceOps.cpp.o
 │ │ [594/1431] Building CXX object caffe2/CMakeFiles/torch_cpu.dir/__/aten/src/
 │ │ ATen/native/quantized/cpu/Sorting.cpp.o
 │ │ [595/1431] Building CXX object caffe2/CMakeFiles/torch_cpu.dir/__/aten/src/
 │ │ ATen/native/quantized/cpu/Pooling.cpp.o
 │ │ [596/1431] Building CXX object caffe2/CMakeFiles/torch_cpu.dir/__/aten/src/
 │ │ ATen/native/quantized/cpu/TensorOperators.cpp.o
 │ │ [597/1431] Building CXX object caffe2/CMakeFiles/torch_cpu.dir/__/aten/src/
 │ │ ATen/native/quantized/cpu/UpSampleBilinear2d.cpp.o
 │ │ [598/1431] Building CXX object caffe2/CMakeFiles/torch_cpu.dir/__/aten/src/
 │ │ ATen/native/quantized/cpu/XnnpackUtils.cpp.o
 │ │ [599/1431] Building CXX object caffe2/CMakeFiles/torch_cpu.dir/__/aten/src/
 │ │ ATen/native/quantized/cpu/TensorShape.cpp.o
 │ │ [600/1431] Building CXX object caffe2/CMakeFiles/torch_cpu.dir/__/aten/src/
 │ │ ATen/native/quantized/cpu/UpSampleNearest3d.cpp.o
 │ │ [601/1431] Building CXX object caffe2/CMakeFiles/torch_cpu.dir/__/aten/src/
 │ │ ATen/native/quantized/cpu/init_qnnpack.cpp.o
 │ │ [602/1431] Building CXX object caffe2/CMakeFiles/torch_cpu.dir/__/aten/src/
 │ │ ATen/native/quantized/cpu/UpSampleNearest2d.cpp.o
 │ │ [603/1431] Building CXX object caffe2/CMakeFiles/torch_cpu.dir/__/aten/src/
 │ │ ATen/native/quantized/cpu/fused_obs_fake_quant.cpp.o
 │ │ [604/1431] Building CXX object caffe2/CMakeFiles/torch_cpu.dir/__/aten/src/
 │ │ ATen/native/quantized/cpu/qclamp.cpp.o
 │ │ [605/1431] Building CXX object caffe2/CMakeFiles/torch_cpu.dir/__/aten/src/
 │ │ ATen/native/quantized/cpu/qconv_dynamic.cpp.o
 │ │ [606/1431] Building CXX object caffe2/CMakeFiles/torch_cpu.dir/__/aten/src/
 │ │ ATen/native/quantized/cpu/qconv.cpp.o
 │ │ /workspace/.src/pytorch/aten/src/ATen/native/quantized/cpu/qconv.cpp:98:23:
 │ │  warning: function 'compute_deconv_shape' is not needed and will not be emi
 │ │ tted [-Wunneeded-internal-declaration]
 │ │    98 | static inline int64_t compute_deconv_shape(int64_t input,
 │ │       |                       ^~~~~~~~~~~~~~~~~~~~
 │ │ 1 warning generated.
 │ │ [607/1431] Building CXX object caffe2/CMakeFiles/torch_cpu.dir/__/aten/src/
 │ │ ATen/native/quantized/cpu/fbgemm_utils.cpp.o
 │ │ [608/1431] Building CXX object caffe2/CMakeFiles/torch_cpu.dir/__/aten/src/
 │ │ ATen/native/quantized/cpu/qconv_prepack.cpp.o
 │ │ [609/1431] Building CXX object caffe2/CMakeFiles/torch_cpu.dir/__/aten/src/
 │ │ ATen/native/quantized/cpu/qelu.cpp.o
 │ │ [610/1431] Building CXX object caffe2/CMakeFiles/torch_cpu.dir/__/aten/src/
 │ │ ATen/native/quantized/cpu/qconv_unpack_impl.cpp.o
 │ │ [611/1431] Building CXX object caffe2/CMakeFiles/torch_cpu.dir/__/aten/src/
 │ │ ATen/native/quantized/cpu/qdropout.cpp.o
 │ │ [612/1431] Building CXX object caffe2/CMakeFiles/torch_cpu.dir/__/aten/src/
 │ │ ATen/native/quantized/cpu/qembeddingbag.cpp.o
 │ │ [613/1431] Building CXX object caffe2/CMakeFiles/torch_cpu.dir/__/aten/src/
 │ │ ATen/native/quantized/cpu/qembeddingbag_prepack.cpp.o
 │ │ [614/1431] Building CXX object caffe2/CMakeFiles/torch_cpu.dir/__/aten/src/
 │ │ ATen/native/quantized/cpu/qgelu.cpp.o
 │ │ [615/1431] Building CXX object caffe2/CMakeFiles/torch_cpu.dir/__/aten/src/
 │ │ ATen/native/quantized/cpu/qembeddingbag_unpack.cpp.o
 │ │ [616/1431] Building CXX object caffe2/CMakeFiles/torch_cpu.dir/__/aten/src/
 │ │ ATen/native/quantized/cpu/qhardsigmoid.cpp.o
 │ │ [617/1431] Building CXX object caffe2/CMakeFiles/torch_cpu.dir/__/aten/src/
 │ │ ATen/native/quantized/cpu/qhardswish.cpp.o
 │ │ [618/1431] Building CXX object caffe2/CMakeFiles/torch_cpu.dir/__/aten/src/
 │ │ ATen/native/quantized/cpu/qlinear.cpp.o
 │ │ [619/1431] Building CXX object caffe2/CMakeFiles/torch_cpu.dir/__/aten/src/
 │ │ ATen/native/quantized/cpu/qlinear_dynamic.cpp.o
 │ │ [620/1431] Building CXX object caffe2/CMakeFiles/torch_cpu.dir/__/aten/src/
 │ │ ATen/native/quantized/cpu/qlinear_prepack.cpp.o
 │ │ [621/1431] Building CXX object caffe2/CMakeFiles/torch_cpu.dir/__/aten/src/
 │ │ ATen/native/quantized/cpu/qnormalization.cpp.o
 │ │ [622/1431] Building CXX object caffe2/CMakeFiles/torch_cpu.dir/__/aten/src/
 │ │ ATen/native/quantized/cpu/qmul.cpp.o
 │ │ [623/1431] Building CXX object caffe2/CMakeFiles/torch_cpu.dir/__/aten/src/
 │ │ ATen/native/quantized/cpu/qmatmul.cpp.o
 │ │ [624/1431] Building CXX object caffe2/CMakeFiles/torch_cpu.dir/__/aten/src/
 │ │ ATen/native/quantized/cpu/qrelu.cpp.o
 │ │ [625/1431] Building CXX object caffe2/CMakeFiles/torch_cpu.dir/__/aten/src/
 │ │ ATen/native/quantized/cpu/qtanh.cpp.o
 │ │ [626/1431] Building CXX object caffe2/CMakeFiles/torch_cpu.dir/__/aten/src/
 │ │ ATen/native/quantized/cpu/qsigmoid.cpp.o
 │ │ [627/1431] Building CXX object caffe2/CMakeFiles/torch_cpu.dir/__/aten/src/
 │ │ ATen/native/quantized/cpu/qthreshold.cpp.o
 │ │ [628/1431] Building CXX object caffe2/CMakeFiles/torch_cpu.dir/__/aten/src/
 │ │ ATen/native/quantized/cpu/qsoftmax.cpp.o
 │ │ [629/1431] Building CXX object caffe2/CMakeFiles/torch_cpu.dir/__/aten/src/
 │ │ ATen/native/quantized/library.cpp.o
 │ │ [630/1431] Building CXX object caffe2/CMakeFiles/torch_cpu.dir/__/aten/src/
 │ │ ATen/native/mkl/MklAllocationHelper.cpp.o
 │ │ [631/1431] Building CXX object caffe2/CMakeFiles/torch_cpu.dir/__/aten/src/
 │ │ ATen/native/mkl/LinearAlgebra.cpp.o
 │ │ [632/1431] Building CXX object caffe2/CMakeFiles/torch_cpu.dir/__/aten/src/
 │ │ ATen/native/quantized/qconv_unpack.cpp.o
 │ │ [633/1431] Building CXX object caffe2/CMakeFiles/torch_cpu.dir/__/aten/src/
 │ │ ATen/native/mkl/SparseBlasImpl.cpp.o
 │ │ [634/1431] Building CXX object caffe2/CMakeFiles/torch_cpu.dir/__/aten/src/
 │ │ ATen/native/mkl/SparseCsrLinearAlgebra.cpp.o
 │ │ [635/1431] Building CXX object caffe2/CMakeFiles/torch_cpu.dir/__/aten/src/
 │ │ ATen/native/quantized/qlinear_unpack.cpp.o
 │ │ [636/1431] Building CXX object caffe2/CMakeFiles/torch_cpu.dir/__/aten/src/
 │ │ ATen/native/mkldnn/BinaryOps.cpp.o
 │ │ [637/1431] Building CXX object caffe2/CMakeFiles/torch_cpu.dir/__/aten/src/
 │ │ ATen/native/mkldnn/Conv.cpp.o
 │ │ [638/1431] Building CXX object caffe2/CMakeFiles/torch_cpu.dir/__/aten/src/
 │ │ ATen/native/mkl/SpectralOps.cpp.o
 │ │ [639/1431] Building CXX object caffe2/CMakeFiles/torch_cpu.dir/__/aten/src/
 │ │ ATen/native/mkldnn/IDeepRegistration.cpp.o
 │ │ [640/1431] Building CXX object caffe2/CMakeFiles/torch_cpu.dir/__/aten/src/
 │ │ ATen/native/mkldnn/Copy.cpp.o
 │ │ [641/1431] Building CXX object caffe2/CMakeFiles/torch_cpu.dir/__/aten/src/
 │ │ ATen/native/mkldnn/Gelu.cpp.o
 │ │ [642/1431] Building CXX object caffe2/CMakeFiles/torch_cpu.dir/__/aten/src/
 │ │ ATen/native/mkldnn/ConvPrepack.cpp.o
 │ │ [643/1431] Building CXX object caffe2/CMakeFiles/torch_cpu.dir/__/aten/src/
 │ │ ATen/native/mkldnn/Linear.cpp.o
 │ │ [644/1431] Building CXX object caffe2/CMakeFiles/torch_cpu.dir/__/aten/src/
 │ │ ATen/native/mkldnn/MKLDNNCommon.cpp.o
 │ │ [645/1431] Building CXX object caffe2/CMakeFiles/torch_cpu.dir/__/aten/src/
 │ │ ATen/native/mkldnn/MKLDNNConversions.cpp.o
 │ │ [646/1431] Building CXX object caffe2/CMakeFiles/torch_cpu.dir/__/aten/src/
 │ │ ATen/native/mkldnn/MkldnnTensorMath.cpp.o
 │ │ [647/1431] Building CXX object caffe2/CMakeFiles/torch_cpu.dir/__/aten/src/
 │ │ ATen/native/mkldnn/Matmul.cpp.o
 │ │ [648/1431] Building CXX object caffe2/CMakeFiles/torch_cpu.dir/__/aten/src/
 │ │ ATen/native/mkldnn/Normalization.cpp.o
 │ │ [649/1431] Building CXX object caffe2/CMakeFiles/torch_cpu.dir/__/aten/src/
 │ │ ATen/native/mkldnn/Pooling.cpp.o
 │ │ [650/1431] Building CXX object caffe2/CMakeFiles/torch_cpu.dir/__/aten/src/
 │ │ ATen/native/mkldnn/RegisterMkldnnOpContextClass.cpp.o
 │ │ [651/1431] Building CXX object caffe2/CMakeFiles/torch_cpu.dir/__/aten/src/
 │ │ ATen/native/mkldnn/Relu.cpp.o
 │ │ [652/1431] Building CXX object caffe2/CMakeFiles/torch_cpu.dir/__/aten/src/
 │ │ ATen/native/mkldnn/OpContext.cpp.o
 │ │ [653/1431] Building CXX object caffe2/CMakeFiles/torch_cpu.dir/__/aten/src/
 │ │ ATen/native/mkldnn/Prelu.cpp.o
 │ │ [654/1431] Building CXX object caffe2/CMakeFiles/torch_cpu.dir/__/aten/src/
 │ │ ATen/native/mkldnn/SoftMax.cpp.o
 │ │ [655/1431] Building CXX object caffe2/CMakeFiles/torch_cpu.dir/__/aten/src/
 │ │ ATen/native/mkldnn/TensorFactories.cpp.o
 │ │ [656/1431] Building CXX object caffe2/CMakeFiles/torch_cpu.dir/__/aten/src/
 │ │ ATen/native/mkldnn/RNN.cpp.o
 │ │ [657/1431] Building CXX object caffe2/CMakeFiles/torch_cpu.dir/__/aten/src/
 │ │ ATen/native/mkldnn/TensorShape.cpp.o
 │ │ [658/1431] Building CXX object caffe2/CMakeFiles/torch_cpu.dir/__/aten/src/
 │ │ ATen/native/mkldnn/UnaryOps.cpp.o
 │ │ [659/1431] Building CXX object caffe2/CMakeFiles/torch_cpu.dir/__/aten/src/
 │ │ ATen/native/mkldnn/Utils.cpp.o
 │ │ [660/1431] Building CXX object caffe2/CMakeFiles/torch_cpu.dir/__/aten/src/
 │ │ ATen/native/transformers/sdp_utils_cpp.cpp.o
 │ │ [661/1431] Building CXX object caffe2/CMakeFiles/torch_cpu.dir/__/aten/src/
 │ │ ATen/native/xnnpack/Activation.cpp.o
 │ │ [662/1431] Building CXX object caffe2/CMakeFiles/torch_cpu.dir/__/aten/src/
 │ │ ATen/native/xnnpack/AveragePooling.cpp.o
 │ │ [663/1431] Building CXX object caffe2/CMakeFiles/torch_cpu.dir/__/aten/src/
 │ │ ATen/native/xnnpack/ChannelShuffle.cpp.o
 │ │ [664/1431] Building CXX object caffe2/CMakeFiles/torch_cpu.dir/__/aten/src/
 │ │ ATen/native/xnnpack/Convolution.cpp.o
 │ │ [665/1431] Building CXX object caffe2/CMakeFiles/torch_cpu.dir/__/aten/src/
 │ │ ATen/native/xnnpack/Init.cpp.o
 │ │ [666/1431] Building CXX object caffe2/CMakeFiles/torch_cpu.dir/__/aten/src/
 │ │ ATen/native/xnnpack/Linear.cpp.o
 │ │ [667/1431] Building CXX object caffe2/CMakeFiles/torch_cpu.dir/__/aten/src/
 │ │ ATen/native/xnnpack/MaxPooling.cpp.o
 │ │ [668/1431] Building CXX object caffe2/CMakeFiles/torch_cpu.dir/__/aten/src/
 │ │ ATen/native/xnnpack/OpContext.cpp.o
 │ │ [669/1431] Building CXX object caffe2/CMakeFiles/torch_cpu.dir/__/aten/src/
 │ │ ATen/native/transformers/attention.cpp.o
 │ │ [670/1431] Building CXX object caffe2/CMakeFiles/torch_cpu.dir/__/aten/src/
 │ │ ATen/native/xnnpack/RegisterOpContextClass.cpp.o
 │ │ [671/1431] Building CXX object caffe2/CMakeFiles/torch_cpu.dir/__/aten/src/
 │ │ ATen/native/transformers/transformer.cpp.o
 │ │ [672/1431] Building CXX object caffe2/CMakeFiles/torch_cpu.dir/__/aten/src/
 │ │ ATen/native/utils/Factory.cpp.o
 │ │ [673/1431] Building CXX object caffe2/CMakeFiles/torch_cpu.dir/__/aten/src/
 │ │ ATen/native/xnnpack/Shim.cpp.o
 │ │ [674/1431] Building CXX object caffe2/CMakeFiles/torch_cpu.dir/__/aten/src/
 │ │ ATen/Functions.cpp.o
 │ │ [675/1431] Building CXX object caffe2/CMakeFiles/torch_cpu.dir/__/aten/src/
 │ │ ATen/CompositeViewCopyKernels.cpp.o
 │ │ [676/1431] Building CXX object caffe2/CMakeFiles/torch_cpu.dir/__/aten/src/
 │ │ ATen/Operators_0.cpp.o
 │ │ [677/1431] Building CXX object caffe2/CMakeFiles/torch_cpu.dir/__/aten/src/
 │ │ ATen/Operators_1.cpp.o
 │ │ [678/1431] Building CXX object caffe2/CMakeFiles/torch_cpu.dir/__/aten/src/
 │ │ ATen/Operators_3.cpp.o
 │ │ [679/1431] Building CXX object caffe2/CMakeFiles/torch_cpu.dir/__/aten/src/
 │ │ ATen/RegisterBackendSelect.cpp.o
 │ │ [680/1431] Building CXX object caffe2/CMakeFiles/torch_cpu.dir/__/aten/src/
 │ │ ATen/Operators_2.cpp.o
 │ │ [681/1431] Building CXX object caffe2/CMakeFiles/torch_cpu.dir/__/aten/src/
 │ │ ATen/RegisterCPU_0.cpp.o
 │ │ [682/1431] Building CXX object caffe2/CMakeFiles/torch_cpu.dir/__/aten/src/
 │ │ ATen/RegisterCPU_2.cpp.o
 │ │ [683/1431] Building CXX object caffe2/CMakeFiles/torch_cpu.dir/__/aten/src/
 │ │ ATen/RegisterCPU_1.cpp.o
 │ │ [684/1431] Building CXX object caffe2/CMakeFiles/torch_cpu.dir/__/aten/src/
 │ │ ATen/Operators_4.cpp.o
 │ │ [685/1431] Building CXX object caffe2/CMakeFiles/torch_cpu.dir/__/aten/src/
 │ │ ATen/RegisterCPU_3.cpp.o
 │ │ [686/1431] Building CXX object caffe2/CMakeFiles/torch_cpu.dir/__/aten/src/
 │ │ ATen/RegisterCompositeImplicitAutogradNestedTensor_0.cpp.o
 │ │ [687/1431] Building CXX object caffe2/CMakeFiles/torch_cpu.dir/__/aten/src/
 │ │ ATen/RegisterCompositeExplicitAutogradNonFunctional_0.cpp.o
 │ │ [688/1431] Building CXX object caffe2/CMakeFiles/torch_cpu.dir/__/aten/src/
 │ │ ATen/RegisterCompositeImplicitAutograd_0.cpp.o
 │ │ [689/1431] Building CXX object caffe2/CMakeFiles/torch_cpu.dir/__/aten/src/
 │ │ ATen/RegisterFunctionalization_0.cpp.o
 │ │ [690/1431] Building CXX object caffe2/CMakeFiles/torch_cpu.dir/__/aten/src/
 │ │ ATen/RegisterCompositeExplicitAutograd_0.cpp.o
 │ │ [691/1431] Building CXX object caffe2/CMakeFiles/torch_cpu.dir/__/aten/src/
 │ │ ATen/RegisterFunctionalization_1.cpp.o
 │ │ [692/1431] Building CXX object caffe2/CMakeFiles/torch_cpu.dir/__/aten/src/
 │ │ ATen/RegisterMkldnnCPU_0.cpp.o
 │ │ [693/1431] Building CXX object caffe2/CMakeFiles/torch_cpu.dir/__/aten/src/
 │ │ ATen/RegisterFunctionalization_2.cpp.o
 │ │ [694/1431] Building CXX object caffe2/CMakeFiles/torch_cpu.dir/__/aten/src/
 │ │ ATen/RegisterFunctionalization_3.cpp.o
 │ │ [695/1431] Building CXX object caffe2/CMakeFiles/torch_cpu.dir/__/aten/src/
 │ │ ATen/RegisterNestedTensorCPU_0.cpp.o
 │ │ [696/1431] Building CXX object caffe2/CMakeFiles/torch_cpu.dir/__/aten/src/
 │ │ ATen/RegisterNestedTensorHPU_0.cpp.o
 │ │ [697/1431] Building CXX object caffe2/CMakeFiles/torch_cpu.dir/__/aten/src/
 │ │ ATen/RegisterNestedTensorMeta_0.cpp.o
 │ │ [698/1431] Building CXX object caffe2/CMakeFiles/torch_cpu.dir/__/aten/src/
 │ │ ATen/RegisterNestedTensorXPU_0.cpp.o
 │ │ [699/1431] Building CXX object caffe2/CMakeFiles/torch_cpu.dir/__/aten/src/
 │ │ ATen/RegisterQuantizedMeta_0.cpp.o
 │ │ [700/1431] Building CXX object caffe2/CMakeFiles/torch_cpu.dir/__/aten/src/
 │ │ ATen/RegisterMeta_0.cpp.o
 │ │ [701/1431] Building CXX object caffe2/CMakeFiles/torch_cpu.dir/__/aten/src/
 │ │ ATen/RegisterQuantizedCPU_0.cpp.o
 │ │ [702/1431] Building CXX object caffe2/CMakeFiles/torch_cpu.dir/__/aten/src/
 │ │ ATen/RegisterSchema.cpp.o
 │ │ [703/1431] Building CXX object caffe2/CMakeFiles/torch_cpu.dir/__/aten/src/
 │ │ ATen/RegisterSparseCsrXPU_0.cpp.o
 │ │ [704/1431] Building CXX object caffe2/CMakeFiles/torch_cpu.dir/__/aten/src/
 │ │ ATen/RegisterSparseCsrCPU_0.cpp.o
 │ │ [705/1431] Building CXX object caffe2/CMakeFiles/torch_cpu.dir/__/aten/src/
 │ │ ATen/RegisterSparseCPU_0.cpp.o
 │ │ [706/1431] Building CXX object caffe2/CMakeFiles/torch_cpu.dir/__/aten/src/
 │ │ ATen/RegisterSparseCsrMeta_0.cpp.o
 │ │ [707/1431] Building CXX object caffe2/CMakeFiles/torch_cpu.dir/__/aten/src/
 │ │ ATen/RegisterSparseXPU_0.cpp.o
 │ │ [708/1431] Building CXX object caffe2/CMakeFiles/torch_cpu.dir/__/aten/src/
 │ │ ATen/UfuncCPU_add.cpp.o
 │ │ [709/1431] Building CXX object caffe2/CMakeFiles/torch_cpu.dir/__/aten/src/
 │ │ ATen/RegisterSparseMeta_0.cpp.o
 │ │ [710/1431] Building CXX object caffe2/CMakeFiles/torch_cpu.dir/__/aten/src/
 │ │ ATen/RegisterZeroTensor_0.cpp.o
 │ │ [711/1431] Building CXX object caffe2/CMakeFiles/torch_cpu.dir/__/aten/src/
 │ │ ATen/core/TensorMethods.cpp.o
 │ │ [712/1431] Building CXX object caffe2/CMakeFiles/torch_cpu.dir/__/aten/src/
 │ │ ATen/quantized/QTensorImpl.cpp.o
 │ │ [713/1431] Building CXX object caffe2/CMakeFiles/torch_cpu.dir/__/aten/src/
 │ │ ATen/core/ATenOpList.cpp.o
 │ │ [714/1431] Building CXX object caffe2/CMakeFiles/torch_cpu.dir/__/aten/src/
 │ │ ATen/nnapi/nnapi_model_loader.cpp.o
 │ │ [715/1431] Building CXX object caffe2/CMakeFiles/torch_cpu.dir/__/aten/src/
 │ │ ATen/nnapi/nnapi_wrapper.cpp.o
 │ │ [716/1431] Building CXX object caffe2/CMakeFiles/torch_cpu.dir/__/aten/src/
 │ │ ATen/quantized/Quantizer.cpp.o
 │ │ [717/1431] Building CXX object caffe2/CMakeFiles/torch_cpu.dir/__/aten/src/
 │ │ ATen/UfuncCPUKernel_add.cpp.DEFAULT.cpp.o
 │ │ [718/1431] Building CXX object caffe2/CMakeFiles/torch_cpu.dir/__/aten/src/
 │ │ ATen/nnapi/nnapi_bind.cpp.o
 │ │ [719/1431] Building CXX object caffe2/CMakeFiles/torch_cpu.dir/__/aten/src/
 │ │ ATen/native/cpu/spherical_bessel_j0.cpp.DEFAULT.cpp.o
 │ │ [720/1431] Building CXX object caffe2/CMakeFiles/torch_cpu.dir/__/aten/src/
 │ │ ATen/nnapi/nnapi_register.cpp.o
 │ │ [721/1431] Building CXX object caffe2/CMakeFiles/torch_cpu.dir/__/aten/src/
 │ │ ATen/native/cpu/scaled_modified_bessel_k1.cpp.DEFAULT.cpp.o
 │ │ [722/1431] Building CXX object caffe2/CMakeFiles/torch_cpu.dir/__/aten/src/
 │ │ ATen/native/cpu/scaled_modified_bessel_k0.cpp.DEFAULT.cpp.o
 │ │ [723/1431] Building CXX object caffe2/CMakeFiles/torch_cpu.dir/__/aten/src/
 │ │ ATen/native/cpu/int8mm_kernel.cpp.DEFAULT.cpp.o
 │ │ [724/1431] Building CXX object caffe2/CMakeFiles/torch_cpu.dir/__/aten/src/
 │ │ ATen/native/cpu/int4mm_kernel.cpp.DEFAULT.cpp.o
 │ │ [725/1431] Building CXX object caffe2/CMakeFiles/torch_cpu.dir/__/aten/src/
 │ │ ATen/native/cpu/layer_norm_kernel.cpp.DEFAULT.cpp.o
 │ │ [726/1431] Building CXX object caffe2/CMakeFiles/torch_cpu.dir/__/aten/src/
 │ │ ATen/native/cpu/airy_ai.cpp.DEFAULT.cpp.o
 │ │ [727/1431] Building CXX object caffe2/CMakeFiles/torch_cpu.dir/__/aten/src/
 │ │ ATen/native/cpu/WeightNormKernel.cpp.DEFAULT.cpp.o
 │ │ [728/1431] Building CXX object caffe2/CMakeFiles/torch_cpu.dir/__/aten/src/
 │ │ ATen/native/cpu/batch_norm_kernel.cpp.DEFAULT.cpp.o
 │ │ [729/1431] Building CXX object caffe2/CMakeFiles/torch_cpu.dir/__/aten/src/
 │ │ ATen/native/cpu/group_norm_kernel.cpp.DEFAULT.cpp.o
 │ │ [730/1431] Building CXX object caffe2/CMakeFiles/torch_cpu.dir/__/aten/src/
 │ │ ATen/native/quantized/cpu/kernels/QuantizedOpKernels.cpp.DEFAULT.cpp.o
 │ │ [731/1431] Building CXX object caffe2/CMakeFiles/torch_cpu.dir/__/aten/src/
 │ │ ATen/native/cpu/UnfoldBackwardKernel.cpp.DEFAULT.cpp.o
 │ │ [732/1431] Building CXX object caffe2/CMakeFiles/torch_cpu.dir/__/aten/src/
 │ │ ATen/native/cpu/UpSampleMoreKernel.cpp.DEFAULT.cpp.o
 │ │ [733/1431] Building CXX object caffe2/CMakeFiles/torch_cpu.dir/__/aten/src/
 │ │ ATen/native/cpu/Unfold2d.cpp.DEFAULT.cpp.o
 │ │ [734/1431] Building CXX object caffe2/CMakeFiles/torch_cpu.dir/__/aten/src/
 │ │ ATen/native/cpu/UpSampleKernel.cpp.DEFAULT.cpp.o
 │ │ [735/1431] Building CXX object caffe2/CMakeFiles/torch_cpu.dir/__/aten/src/
 │ │ ATen/native/cpu/StackKernel.cpp.DEFAULT.cpp.o
 │ │ [736/1431] Building CXX object caffe2/CMakeFiles/torch_cpu.dir/__/aten/src/
 │ │ ATen/native/cpu/SumKernel.cpp.DEFAULT.cpp.o
 │ │ [737/1431] Building CXX object caffe2/CMakeFiles/torch_cpu.dir/__/aten/src/
 │ │ ATen/native/cpu/SparseFactories.cpp.DEFAULT.cpp.o
 │ │ [738/1431] Building CXX object caffe2/CMakeFiles/torch_cpu.dir/__/aten/src/
 │ │ ATen/native/cpu/TensorCompareKernel.cpp.DEFAULT.cpp.o
 │ │ [739/1431] Building CXX object caffe2/CMakeFiles/torch_cpu.dir/__/aten/src/
 │ │ ATen/native/cpu/SoftMaxKernel.cpp.DEFAULT.cpp.o
 │ │ [740/1431] Building CXX object caffe2/CMakeFiles/torch_cpu.dir/__/aten/src/
 │ │ ATen/native/cpu/UnaryOpsKernel.cpp.DEFAULT.cpp.o
 │ │ [741/1431] Building CXX object caffe2/CMakeFiles/torch_cpu.dir/__/aten/src/
 │ │ ATen/native/cpu/SpmmReduceKernel.cpp.DEFAULT.cpp.o
 │ │ [742/1431] Building CXX object caffe2/CMakeFiles/torch_cpu.dir/__/aten/src/
 │ │ ATen/native/cpu/SampledAddmmKernel.cpp.DEFAULT.cpp.o
 │ │ [743/1431] Building CXX object caffe2/CMakeFiles/torch_cpu.dir/__/aten/src/
 │ │ ATen/native/cpu/RenormKernel.cpp.DEFAULT.cpp.o
 │ │ [744/1431] Building CXX object caffe2/CMakeFiles/torch_cpu.dir/__/aten/src/
 │ │ ATen/native/cpu/ReducedPrecisionFloatGemvFastPathKernel.cpp.DEFAULT.cpp.o
 │ │ [745/1431] Building CXX object caffe2/CMakeFiles/torch_cpu.dir/__/aten/src/
 │ │ ATen/native/cpu/ScatterGatherKernel.cpp.DEFAULT.cpp.o
 │ │ [746/1431] Building CXX object caffe2/CMakeFiles/torch_cpu.dir/__/aten/src/
 │ │ ATen/native/cpu/RangeFactoriesKernel.cpp.DEFAULT.cpp.o
 │ │ [747/1431] Building CXX object caffe2/CMakeFiles/torch_cpu.dir/__/aten/src/
 │ │ ATen/native/cpu/ReduceAllOpsKernel.cpp.DEFAULT.cpp.o
 │ │ [748/1431] Building CXX object caffe2/CMakeFiles/torch_cpu.dir/__/aten/src/
 │ │ ATen/native/cpu/PowKernel.cpp.DEFAULT.cpp.o
 │ │ [749/1431] Building CXX object caffe2/CMakeFiles/torch_cpu.dir/__/aten/src/
 │ │ ATen/native/cpu/PointwiseOpsKernel.cpp.DEFAULT.cpp.o
 │ │ [750/1431] Building CXX object caffe2/CMakeFiles/torch_cpu.dir/__/aten/src/
 │ │ ATen/native/cpu/PixelShuffleKernel.cpp.DEFAULT.cpp.o
 │ │ [751/1431] Building CXX object caffe2/CMakeFiles/torch_cpu.dir/__/aten/src/
 │ │ ATen/native/cpu/ReduceOpsKernel.cpp.DEFAULT.cpp.o
 │ │ [752/1431] Building CXX object caffe2/CMakeFiles/torch_cpu.dir/__/aten/src/
 │ │ ATen/native/cpu/SortingKernel.cpp.DEFAULT.cpp.o
 │ │ [753/1431] Building CXX object caffe2/CMakeFiles/torch_cpu.dir/__/aten/src/
 │ │ ATen/native/cpu/NativeMultiheadAttnKernel.cpp.DEFAULT.cpp.o
 │ │ [754/1431] Building CXX object caffe2/CMakeFiles/torch_cpu.dir/__/aten/src/
 │ │ ATen/native/cpu/MultinomialKernel.cpp.DEFAULT.cpp.o
 │ │ [755/1431] Building CXX object caffe2/CMakeFiles/torch_cpu.dir/__/aten/src/
 │ │ ATen/native/cpu/MaxPooling.cpp.DEFAULT.cpp.o
 │ │ [756/1431] Building CXX object caffe2/CMakeFiles/torch_cpu.dir/__/aten/src/
 │ │ ATen/native/cpu/MaxUnpoolKernel.cpp.DEFAULT.cpp.o
 │ │ [757/1431] Building CXX object caffe2/CMakeFiles/torch_cpu.dir/__/aten/src/
 │ │ ATen/native/cpu/LerpKernel.cpp.DEFAULT.cpp.o
 │ │ [758/1431] Building CXX object caffe2/CMakeFiles/torch_cpu.dir/__/aten/src/
 │ │ ATen/native/cpu/LinearAlgebraKernel.cpp.DEFAULT.cpp.o
 │ │ [759/1431] Building CXX object caffe2/CMakeFiles/torch_cpu.dir/__/aten/src/
 │ │ ATen/native/cpu/MaxPoolKernel.cpp.DEFAULT.cpp.o
 │ │ [760/1431] Building CXX object caffe2/CMakeFiles/torch_cpu.dir/__/aten/src/
 │ │ ATen/native/cpu/HistogramKernel.cpp.DEFAULT.cpp.o
 │ │ [761/1431] Building CXX object caffe2/CMakeFiles/torch_cpu.dir/__/aten/src/
 │ │ ATen/native/cpu/PaddingKernel.cpp.DEFAULT.cpp.o
 │ │ [762/1431] Building CXX object caffe2/CMakeFiles/torch_cpu.dir/__/aten/src/
 │ │ ATen/native/cpu/FusedSGDKernel.cpp.DEFAULT.cpp.o
 │ │ [763/1431] Building CXX object caffe2/CMakeFiles/torch_cpu.dir/__/aten/src/
 │ │ ATen/native/cpu/FusedAdamKernel.cpp.DEFAULT.cpp.o
 │ │ [764/1431] Building CXX object caffe2/CMakeFiles/torch_cpu.dir/__/aten/src/
 │ │ ATen/native/cpu/FusedAdagradKernel.cpp.DEFAULT.cpp.o
 │ │ [765/1431] Building CXX object caffe2/CMakeFiles/torch_cpu.dir/__/aten/src/
 │ │ ATen/native/cpu/IndexKernel.cpp.DEFAULT.cpp.o
 │ │ [766/1431] Building CXX object caffe2/CMakeFiles/torch_cpu.dir/__/aten/src/
 │ │ ATen/native/cpu/FunctionOfAMatrixUtilsKernel.cpp.DEFAULT.cpp.o
 │ │ [767/1431] Building CXX object caffe2/CMakeFiles/torch_cpu.dir/__/aten/src/
 │ │ ATen/native/cpu/FillKernel.cpp.DEFAULT.cpp.o
 │ │ [768/1431] Building CXX object caffe2/CMakeFiles/torch_cpu.dir/__/aten/src/
 │ │ ATen/native/cpu/DistributionKernels.cpp.DEFAULT.cpp.o
 │ │ [769/1431] Building CXX object caffe2/CMakeFiles/torch_cpu.dir/__/aten/src/
 │ │ ATen/native/cpu/DistanceOpsKernel.cpp.DEFAULT.cpp.o
 │ │ [770/1431] Building CXX object caffe2/CMakeFiles/torch_cpu.dir/__/aten/src/
 │ │ ATen/native/cpu/DepthwiseConvKernel.cpp.DEFAULT.cpp.o
 │ │ [771/1431] Building CXX object caffe2/CMakeFiles/torch_cpu.dir/__/aten/src/
 │ │ ATen/native/cpu/CrossKernel.cpp.DEFAULT.cpp.o
 │ │ [772/1431] Building CXX object caffe2/CMakeFiles/torch_cpu.dir/__/aten/src/
 │ │ ATen/native/cpu/ComplexKernel.cpp.DEFAULT.cpp.o
 │ │ [773/1431] Building CXX object caffe2/CMakeFiles/torch_cpu.dir/__/aten/src/
 │ │ ATen/native/cpu/ChannelShuffleKernel.cpp.DEFAULT.cpp.o
 │ │ [774/1431] Building CXX object caffe2/CMakeFiles/torch_cpu.dir/__/aten/src/
 │ │ ATen/native/cpu/CatKernel.cpp.DEFAULT.cpp.o
 │ │ [775/1431] Building CXX object caffe2/CMakeFiles/torch_cpu.dir/__/aten/src/
 │ │ ATen/native/cpu/BlasKernel.cpp.DEFAULT.cpp.o
 │ │ [776/1431] Building CXX object caffe2/CMakeFiles/torch_cpu.dir/__/aten/src/
 │ │ ATen/native/cpu/GridSamplerKernel.cpp.DEFAULT.cpp.o
 │ │ [777/1431] Building CXX object caffe2/CMakeFiles/torch_cpu.dir/__/aten/src/
 │ │ ATen/native/cpu/CopyKernel.cpp.DEFAULT.cpp.o
 │ │ [778/1431] Building CXX object caffe2/CMakeFiles/torch_cpu.dir/__/aten/src/
 │ │ ATen/native/cpu/AmpGradScalerKernels.cpp.DEFAULT.cpp.o
 │ │ [779/1431] Building CXX object caffe2/CMakeFiles/torch_cpu.dir/__/aten/src/
 │ │ ATen/native/cpu/AvgPoolKernel.cpp.DEFAULT.cpp.o
 │ │ [780/1431] Building CXX object caffe2/CMakeFiles/torch_cpu.dir/__/aten/src/
 │ │ ATen/native/cpu/AdaptiveMaxPoolKernel.cpp.DEFAULT.cpp.o
 │ │ [781/1431] Building CXX object caffe2/CMakeFiles/torch_cpu.dir/__/aten/src/
 │ │ ATen/native/cpu/AdaptiveAvgPoolKernel.cpp.DEFAULT.cpp.o
 │ │ [782/1431] Building CXX object caffe2/CMakeFiles/torch_cpu.dir/__/aten/src/
 │ │ ATen/vulkan/Context.cpp.o
 │ │ [783/1431] Building CXX object caffe2/CMakeFiles/torch_cpu.dir/__/aten/src/
 │ │ ATen/native/cpu/BinaryOpsKernel.cpp.DEFAULT.cpp.o
 │ │ [784/1431] Building CXX object caffe2/CMakeFiles/torch_cpu.dir/core/common.
 │ │ cc.o
 │ │ [785/1431] Building CXX object caffe2/CMakeFiles/torch_cpu.dir/__/aten/src/
 │ │ ATen/metal/Context.cpp.o
 │ │ [786/1431] Building C object caffe2/CMakeFiles/torch_cpu.dir/__/third_party
 │ │ /miniz-3.0.2/miniz.c.o
 │ │ /workspace/.src/pytorch/third_party/miniz-3.0.2/miniz.c:3258:9: warning: Us
 │ │ ing fopen, ftello, fseeko, stat() etc. path for file I/O - this path may no
 │ │ t support large files. [-W#pragma-messages]
 │ │  3258 | #pragma message("Using fopen, ftello, fseeko, stat() etc. path for 
 │ │ file I/O - this path may not support large files.")
 │ │       |         ^
 │ │ 1 warning generated.
 │ │ [787/1431] Building CXX object caffe2/CMakeFiles/torch_cpu.dir/serialize/is
 │ │ tream_adapter.cc.o
 │ │ [788/1431] Building CXX object caffe2/CMakeFiles/torch_cpu.dir/serialize/in
 │ │ line_container.cc.o
 │ │ [789/1431] Building CXX object caffe2/CMakeFiles/torch_cpu.dir/serialize/cr
 │ │ c.cc.o
 │ │ [790/1431] Building CXX object caffe2/CMakeFiles/torch_cpu.dir/serialize/fi
 │ │ le_adapter.cc.o
 │ │ [791/1431] Building CXX object caffe2/CMakeFiles/torch_cpu.dir/serialize/re
 │ │ ad_adapter_interface.cc.o
 │ │ [792/1431] Building CXX object caffe2/CMakeFiles/torch_cpu.dir/utils/string
 │ │ _utils.cc.o
 │ │ [793/1431] Building CXX object caffe2/CMakeFiles/torch_cpu.dir/utils/thread
 │ │ pool/ThreadPool.cc.o
 │ │ [794/1431] Building CXX object caffe2/CMakeFiles/torch_cpu.dir/utils/proto_
 │ │ wrap.cc.o
 │ │ [795/1431] Building CXX object caffe2/CMakeFiles/torch_cpu.dir/perfkernels/
 │ │ embedding_lookup_idx.cc.o
 │ │ [796/1431] Building CXX object caffe2/CMakeFiles/torch_cpu.dir/__/aten/src/
 │ │ ATen/native/cpu/Activation.cpp.DEFAULT.cpp.o
 │ │ [797/1431] Building CXX object caffe2/CMakeFiles/torch_cpu.dir/__/torch/csr
 │ │ c/autograd/generated/ViewFuncs.cpp.o
 │ │ [798/1431] Building CXX object caffe2/CMakeFiles/torch_cpu.dir/__/aten/src/
 │ │ ATen/native/cpu/FlashAttentionKernel.cpp.DEFAULT.cpp.o
 │ │ [799/1431] Building CXX object caffe2/CMakeFiles/torch_cpu.dir/__/torch/csr
 │ │ c/autograd/generated/VariableType_0.cpp.o
 │ │ [800/1431] Building CXX object caffe2/CMakeFiles/torch_cpu.dir/__/torch/csr
 │ │ c/autograd/generated/VariableType_1.cpp.o
 │ │ [801/1431] Building CXX object caffe2/CMakeFiles/torch_cpu.dir/__/torch/csr
 │ │ c/autograd/generated/Functions.cpp.o
 │ │ [802/1431] Building CXX object caffe2/CMakeFiles/torch_cpu.dir/__/torch/csr
 │ │ c/autograd/generated/VariableType_2.cpp.o
 │ │ [803/1431] Building CXX object caffe2/CMakeFiles/torch_cpu.dir/__/torch/csr
 │ │ c/autograd/generated/VariableType_4.cpp.o
 │ │ [804/1431] Building CXX object caffe2/CMakeFiles/torch_cpu.dir/__/torch/csr
 │ │ c/autograd/generated/VariableType_3.cpp.o
 │ │ [805/1431] Building CXX object caffe2/CMakeFiles/torch_cpu.dir/__/torch/csr
 │ │ c/autograd/generated/TraceType_0.cpp.o
 │ │ [806/1431] Building CXX object caffe2/CMakeFiles/torch_cpu.dir/__/torch/csr
 │ │ c/autograd/generated/TraceType_1.cpp.o
 │ │ [807/1431] Building CXX object caffe2/CMakeFiles/torch_cpu.dir/__/torch/csr
 │ │ c/autograd/generated/ADInplaceOrViewType_0.cpp.o
 │ │ [808/1431] Building CXX object caffe2/CMakeFiles/torch_cpu.dir/__/torch/csr
 │ │ c/autograd/generated/TraceType_3.cpp.o
 │ │ [809/1431] Building CXX object caffe2/CMakeFiles/torch_cpu.dir/__/torch/csr
 │ │ c/autograd/generated/TraceType_4.cpp.o
 │ │ [810/1431] Building CXX object caffe2/CMakeFiles/torch_cpu.dir/__/torch/csr
 │ │ c/autograd/generated/TraceType_2.cpp.o
 │ │ [811/1431] Building CXX object caffe2/CMakeFiles/torch_cpu.dir/__/torch/csr
 │ │ c/inductor/aoti_torch/generated/c_shim_cpu.cpp.o
 │ │ [812/1431] Building CXX object caffe2/CMakeFiles/torch_cpu.dir/__/torch/csr
 │ │ c/lazy/generated/RegisterAutogradLazy.cpp.o
 │ │ [813/1431] Building CXX object caffe2/CMakeFiles/torch_cpu.dir/__/torch/csr
 │ │ c/autograd/anomaly_mode.cpp.o
 │ │ [814/1431] Building CXX object caffe2/CMakeFiles/torch_cpu.dir/__/torch/csr
 │ │ c/autograd/autograd.cpp.o
 │ │ [815/1431] Building CXX object caffe2/CMakeFiles/torch_cpu.dir/__/torch/csr
 │ │ c/autograd/generated/ADInplaceOrViewType_1.cpp.o
 │ │ [816/1431] Building CXX object caffe2/CMakeFiles/torch_cpu.dir/__/torch/csr
 │ │ c/autograd/autograd_meta.cpp.o
 │ │ [817/1431] Building CXX object caffe2/CMakeFiles/torch_cpu.dir/__/torch/csr
 │ │ c/lazy/generated/RegisterLazy.cpp.o
 │ │ [818/1431] Building CXX object caffe2/CMakeFiles/torch_cpu.dir/__/torch/csr
 │ │ c/autograd/cpp_hook.cpp.o
 │ │ [819/1431] Building CXX object caffe2/CMakeFiles/torch_cpu.dir/__/torch/csr
 │ │ c/autograd/autograd_not_implemented_fallback.cpp.o
 │ │ [820/1431] Building CXX object caffe2/CMakeFiles/torch_cpu.dir/__/torch/csr
 │ │ c/autograd/forward_grad.cpp.o
 │ │ [821/1431] Building CXX object caffe2/CMakeFiles/torch_cpu.dir/__/torch/csr
 │ │ c/autograd/custom_function.cpp.o
 │ │ [822/1431] Building CXX object caffe2/CMakeFiles/torch_cpu.dir/__/torch/csr
 │ │ c/lazy/generated/LazyNativeFunctions.cpp.o
 │ │ [823/1431] Building CXX object caffe2/CMakeFiles/torch_cpu.dir/__/torch/csr
 │ │ c/autograd/engine.cpp.o
 │ │ [824/1431] Building CXX object caffe2/CMakeFiles/torch_cpu.dir/__/torch/csr
 │ │ c/autograd/function.cpp.o
 │ │ [825/1431] Building CXX object caffe2/CMakeFiles/torch_cpu.dir/__/torch/csr
 │ │ c/autograd/functions/utils.cpp.o
 │ │ [826/1431] Building CXX object caffe2/CMakeFiles/torch_cpu.dir/__/torch/csr
 │ │ c/autograd/functions/accumulate_grad.cpp.o
 │ │ [827/1431] Building CXX object caffe2/CMakeFiles/torch_cpu.dir/__/torch/csr
 │ │ c/autograd/functions/basic_ops.cpp.o
 │ │ [828/1431] Building CXX object caffe2/CMakeFiles/torch_cpu.dir/__/torch/csr
 │ │ c/autograd/functions/tensor.cpp.o
 │ │ [829/1431] Building CXX object caffe2/CMakeFiles/torch_cpu.dir/__/torch/csr
 │ │ c/autograd/jit_decomp_interface.cpp.o
 │ │ [830/1431] Building CXX object caffe2/CMakeFiles/torch_cpu.dir/__/torch/csr
 │ │ c/autograd/input_metadata.cpp.o
 │ │ [831/1431] Building CXX object caffe2/CMakeFiles/torch_cpu.dir/__/torch/csr
 │ │ c/autograd/input_buffer.cpp.o
 │ │ [832/1431] Building CXX object caffe2/CMakeFiles/torch_cpu.dir/__/torch/csr
 │ │ c/autograd/profiler_kineto.cpp.o
 │ │ [833/1431] Building CXX object caffe2/CMakeFiles/torch_cpu.dir/__/torch/csr
 │ │ c/autograd/saved_variable.cpp.o
 │ │ [834/1431] Building CXX object caffe2/CMakeFiles/torch_cpu.dir/__/torch/csr
 │ │ c/autograd/utils/warnings.cpp.o
 │ │ [835/1431] Building CXX object caffe2/CMakeFiles/torch_cpu.dir/__/torch/csr
 │ │ c/autograd/record_function_ops.cpp.o
 │ │ [836/1431] Building CXX object caffe2/CMakeFiles/torch_cpu.dir/__/torch/csr
 │ │ c/autograd/profiler_legacy.cpp.o
 │ │ [837/1431] Building CXX object caffe2/CMakeFiles/torch_cpu.dir/__/torch/csr
 │ │ c/autograd/variable_info.cpp.o
 │ │ [838/1431] Building CXX object caffe2/CMakeFiles/torch_cpu.dir/__/torch/csr
 │ │ c/dynamo/compiled_autograd.cpp.o
 │ │ [839/1431] Building CXX object caffe2/CMakeFiles/torch_cpu.dir/__/torch/csr
 │ │ c/inductor/aoti_runner/model_container_runner_cpu.cpp.o
 │ │ [840/1431] Building CXX object caffe2/CMakeFiles/torch_cpu.dir/__/torch/csr
 │ │ c/inductor/aoti_package/model_package_loader.cpp.o
 │ │ [841/1431] Building CXX object caffe2/CMakeFiles/torch_cpu.dir/__/torch/csr
 │ │ c/autograd/variable.cpp.o
 │ │ [842/1431] Building CXX object caffe2/CMakeFiles/torch_cpu.dir/__/torch/csr
 │ │ c/inductor/aoti_runner/model_container_runner.cpp.o
 │ │ [843/1431] Building CXX object caffe2/CMakeFiles/torch_cpu.dir/__/torch/csr
 │ │ c/inductor/aoti_torch/mkldnn_tensor.cpp.o
 │ │ [844/1431] Building CXX object caffe2/CMakeFiles/torch_cpu.dir/__/torch/csr
 │ │ c/inductor/aoti_torch/shim_cpu.cpp.o
 │ │ [845/1431] Building CXX object caffe2/CMakeFiles/torch_cpu.dir/__/torch/csr
 │ │ c/inductor/aoti_torch/tensor_converter.cpp.o
 │ │ [846/1431] Building CXX object caffe2/CMakeFiles/torch_cpu.dir/__/torch/csr
 │ │ c/inductor/aoti_torch/shim_common.cpp.o
 │ │ [847/1431] Building CXX object caffe2/CMakeFiles/torch_cpu.dir/__/torch/csr
 │ │ c/inductor/aoti_torch/oss_proxy_executor.cpp.o
 │ │ [848/1431] Building CXX object caffe2/CMakeFiles/torch_cpu.dir/__/torch/csr
 │ │ c/inductor/inductor_ops.cpp.o
 │ │ [849/1431] Building CXX object caffe2/CMakeFiles/torch_cpu.dir/__/torch/csr
 │ │ c/jit/api/function_impl.cpp.o
 │ │ [850/1431] Building CXX object caffe2/CMakeFiles/torch_cpu.dir/__/torch/csr
 │ │ c/jit/api/object.cpp.o
 │ │ [851/1431] Building CXX object caffe2/CMakeFiles/torch_cpu.dir/__/torch/csr
 │ │ c/jit/backends/backend_debug_handler.cpp.o
 │ │ [852/1431] Building CXX object caffe2/CMakeFiles/torch_cpu.dir/__/torch/csr
 │ │ c/jit/api/module.cpp.o
 │ │ [853/1431] Building CXX object caffe2/CMakeFiles/torch_cpu.dir/__/torch/csr
 │ │ c/jit/backends/backend_debug_info.cpp.o
 │ │ [854/1431] Building CXX object caffe2/CMakeFiles/torch_cpu.dir/__/torch/csr
 │ │ c/jit/backends/backend_interface.cpp.o
 │ │ [855/1431] Building CXX object caffe2/CMakeFiles/torch_cpu.dir/__/torch/csr
 │ │ c/jit/backends/backend_detail.cpp.o
 │ │ [856/1431] Building CXX object caffe2/CMakeFiles/torch_cpu.dir/__/torch/csr
 │ │ c/jit/backends/backend_resolver.cpp.o
 │ │ [857/1431] Building CXX object caffe2/CMakeFiles/torch_cpu.dir/__/torch/csr
 │ │ c/jit/codegen/fuser/codegen.cpp.o
 │ │ [858/1431] Building CXX object caffe2/CMakeFiles/torch_cpu.dir/__/torch/csr
 │ │ c/jit/codegen/fuser/compiler.cpp.o
 │ │ [859/1431] Building CXX object caffe2/CMakeFiles/torch_cpu.dir/__/torch/csr
 │ │ c/jit/codegen/fuser/executor.cpp.o
 │ │ [860/1431] Building CXX object caffe2/CMakeFiles/torch_cpu.dir/__/torch/csr
 │ │ c/jit/codegen/fuser/fallback.cpp.o
 │ │ [861/1431] Building CXX object caffe2/CMakeFiles/torch_cpu.dir/__/torch/csr
 │ │ c/jit/frontend/canonicalize_modified_loop.cpp.o
 │ │ [862/1431] Building CXX object caffe2/CMakeFiles/torch_cpu.dir/__/torch/csr
 │ │ c/jit/codegen/fuser/interface.cpp.o
 │ │ [863/1431] Building CXX object caffe2/CMakeFiles/torch_cpu.dir/__/torch/csr
 │ │ c/jit/frontend/edit_distance.cpp.o
 │ │ [864/1431] Building CXX object caffe2/CMakeFiles/torch_cpu.dir/__/torch/csr
 │ │ c/jit/frontend/builtin_functions.cpp.o
 │ │ [865/1431] Building CXX object caffe2/CMakeFiles/torch_cpu.dir/__/torch/csr
 │ │ c/jit/codegen/fuser/kernel_cache.cpp.o
 │ │ [866/1431] Building CXX object caffe2/CMakeFiles/torch_cpu.dir/__/torch/csr
 │ │ c/jit/frontend/inline_loop_condition.cpp.o
 │ │ [867/1431] Building CXX object caffe2/CMakeFiles/torch_cpu.dir/__/torch/csr
 │ │ c/jit/frontend/exit_transforms.cpp.o
 │ │ [868/1431] Building CXX object caffe2/CMakeFiles/torch_cpu.dir/__/torch/csr
 │ │ c/jit/frontend/convert_to_ssa.cpp.o
 │ │ [869/1431] Building CXX object caffe2/CMakeFiles/torch_cpu.dir/__/torch/csr
 │ │ c/jit/frontend/name_mangler.cpp.o
 │ │ [870/1431] Building CXX object caffe2/CMakeFiles/torch_cpu.dir/__/torch/csr
 │ │ c/jit/frontend/parser.cpp.o
 │ │ [871/1431] Building CXX object caffe2/CMakeFiles/torch_cpu.dir/__/torch/csr
 │ │ c/jit/frontend/schema_matching.cpp.o
 │ │ [872/1431] Building CXX object caffe2/CMakeFiles/torch_cpu.dir/__/torch/csr
 │ │ c/jit/frontend/script_type_parser.cpp.o
 │ │ [873/1431] Building CXX object caffe2/CMakeFiles/torch_cpu.dir/__/torch/csr
 │ │ c/jit/frontend/sugared_value.cpp.o
 │ │ [874/1431] Building CXX object caffe2/CMakeFiles/torch_cpu.dir/__/torch/csr
 │ │ c/jit/frontend/ir_emitter.cpp.o
 │ │ [875/1431] Building CXX object caffe2/CMakeFiles/torch_cpu.dir/__/torch/csr
 │ │ c/jit/frontend/versioned_symbols.cpp.o
 │ │ [876/1431] Building CXX object caffe2/CMakeFiles/torch_cpu.dir/__/torch/csr
 │ │ c/jit/frontend/tracer.cpp.o
 │ │ [877/1431] Building CXX object caffe2/CMakeFiles/torch_cpu.dir/__/torch/csr
 │ │ c/jit/ir/attributes.cpp.o
 │ │ [878/1431] Building CXX object caffe2/CMakeFiles/torch_cpu.dir/__/torch/csr
 │ │ c/jit/ir/alias_analysis.cpp.o
 │ │ [879/1431] Building CXX object caffe2/CMakeFiles/torch_cpu.dir/__/torch/csr
 │ │ c/jit/ir/graph_utils.cpp.o
 │ │ [880/1431] Building CXX object caffe2/CMakeFiles/torch_cpu.dir/__/torch/csr
 │ │ c/jit/ir/constants.cpp.o
 │ │ [881/1431] Building CXX object caffe2/CMakeFiles/torch_cpu.dir/__/torch/csr
 │ │ c/jit/ir/node_hashing.cpp.o
 │ │ [882/1431] Building CXX object caffe2/CMakeFiles/torch_cpu.dir/__/torch/csr
 │ │ c/jit/ir/irparser.cpp.o
 │ │ [883/1431] Building CXX object caffe2/CMakeFiles/torch_cpu.dir/__/torch/csr
 │ │ c/jit/ir/ir.cpp.o
 │ │ [884/1431] Building CXX object caffe2/CMakeFiles/torch_cpu.dir/__/torch/csr
 │ │ c/jit/ir/scope.cpp.o
 │ │ [885/1431] Building CXX object caffe2/CMakeFiles/torch_cpu.dir/__/torch/csr
 │ │ c/jit/ir/type_hashing.cpp.o
 │ │ [886/1431] Building CXX object caffe2/CMakeFiles/torch_cpu.dir/__/torch/csr
 │ │ c/jit/jit_opt_limit.cpp.o
 │ │ [887/1431] Building CXX object caffe2/CMakeFiles/torch_cpu.dir/__/torch/csr
 │ │ c/jit/jit_log.cpp.o
 │ │ [888/1431] Building CXX object caffe2/CMakeFiles/torch_cpu.dir/__/torch/csr
 │ │ c/jit/ir/subgraph_matcher.cpp.o
 │ │ [889/1431] Building CXX object caffe2/CMakeFiles/torch_cpu.dir/__/torch/csr
 │ │ c/jit/mobile/compatibility/runtime_compatibility.cpp.o
 │ │ [890/1431] Building CXX object caffe2/CMakeFiles/torch_cpu.dir/__/torch/csr
 │ │ c/jit/mobile/function.cpp.o
 │ │ [891/1431] Building CXX object caffe2/CMakeFiles/torch_cpu.dir/__/torch/csr
 │ │ c/jit/mobile/compatibility/model_compatibility.cpp.o
 │ │ [892/1431] Building CXX object caffe2/CMakeFiles/torch_cpu.dir/__/torch/csr
 │ │ c/jit/mobile/interpreter.cpp.o
 │ │ [893/1431] Building CXX object caffe2/CMakeFiles/torch_cpu.dir/__/torch/csr
 │ │ c/jit/mobile/import.cpp.o
 │ │ [894/1431] Building CXX object caffe2/CMakeFiles/torch_cpu.dir/__/torch/csr
 │ │ c/jit/mobile/flatbuffer_loader.cpp.o
 │ │ [895/1431] Building CXX object caffe2/CMakeFiles/torch_cpu.dir/__/torch/csr
 │ │ c/jit/mobile/module.cpp.o
 │ │ [896/1431] Building CXX object caffe2/CMakeFiles/torch_cpu.dir/__/torch/csr
 │ │ c/jit/mobile/nnc/registry.cpp.o
 │ │ [897/1431] Building CXX object caffe2/CMakeFiles/torch_cpu.dir/__/torch/csr
 │ │ c/jit/mobile/observer.cpp.o
 │ │ [898/1431] Building CXX object caffe2/CMakeFiles/torch_cpu.dir/__/torch/csr
 │ │ c/jit/mobile/nnc/backend.cpp.o
 │ │ [899/1431] Building CXX object caffe2/CMakeFiles/torch_cpu.dir/__/torch/csr
 │ │ c/jit/mobile/parse_bytecode.cpp.o
 │ │ [900/1431] Building CXX object caffe2/CMakeFiles/torch_cpu.dir/__/torch/csr
 │ │ c/jit/mobile/parse_operators.cpp.o
 │ │ [901/1431] Building CXX object caffe2/CMakeFiles/torch_cpu.dir/__/torch/csr
 │ │ c/jit/mobile/nnc/context.cpp.o
 │ │ [902/1431] Building CXX object caffe2/CMakeFiles/torch_cpu.dir/__/torch/csr
 │ │ c/jit/mobile/nnc/aot_compiler.cpp.o
 │ │ [903/1431] Building CXX object caffe2/CMakeFiles/torch_cpu.dir/__/torch/csr
 │ │ c/jit/mobile/prim_ops_registery.cpp.o
 │ │ [904/1431] Building CXX object caffe2/CMakeFiles/torch_cpu.dir/__/torch/csr
 │ │ c/jit/mobile/register_ops_common_utils.cpp.o
 │ │ [905/1431] Building CXX object caffe2/CMakeFiles/torch_cpu.dir/__/torch/csr
 │ │ c/jit/mobile/promoted_prim_ops.cpp.o
 │ │ [906/1431] Building CXX object caffe2/CMakeFiles/torch_cpu.dir/__/torch/csr
 │ │ c/jit/mobile/quantization.cpp.o
 │ │ [907/1431] Building CXX object caffe2/CMakeFiles/torch_cpu.dir/__/torch/csr
 │ │ c/jit/mobile/type_parser.cpp.o
 │ │ [908/1431] Building CXX object caffe2/CMakeFiles/torch_cpu.dir/__/torch/csr
 │ │ c/jit/operator_upgraders/utils.cpp.o
 │ │ [909/1431] Building CXX object caffe2/CMakeFiles/torch_cpu.dir/__/torch/csr
 │ │ c/jit/operator_upgraders/version_map.cpp.o
 │ │ [910/1431] Building CXX object caffe2/CMakeFiles/torch_cpu.dir/__/torch/csr
 │ │ c/jit/mobile/upgrader_mobile.cpp.o
 │ │ [911/1431] Building CXX object caffe2/CMakeFiles/torch_cpu.dir/__/torch/csr
 │ │ c/jit/operator_upgraders/upgraders.cpp.o
 │ │ [912/1431] Building CXX object caffe2/CMakeFiles/torch_cpu.dir/__/torch/csr
 │ │ c/jit/operator_upgraders/upgraders_entry.cpp.o
 │ │ [913/1431] Building CXX object caffe2/CMakeFiles/torch_cpu.dir/__/torch/csr
 │ │ c/jit/passes/add_if_then_else.cpp.o
 │ │ [914/1431] Building CXX object caffe2/CMakeFiles/torch_cpu.dir/__/torch/csr
 │ │ c/jit/passes/annotate_warns.cpp.o
 │ │ [915/1431] Building CXX object caffe2/CMakeFiles/torch_cpu.dir/__/torch/csr
 │ │ c/jit/passes/canonicalize.cpp.o
 │ │ [916/1431] Building CXX object caffe2/CMakeFiles/torch_cpu.dir/__/torch/csr
 │ │ c/jit/passes/bailout_graph.cpp.o
 │ │ [917/1431] Building CXX object caffe2/CMakeFiles/torch_cpu.dir/__/torch/csr
 │ │ c/jit/passes/canonicalize_graph_fuser_ops.cpp.o
 │ │ [918/1431] Building CXX object caffe2/CMakeFiles/torch_cpu.dir/__/torch/csr
 │ │ c/jit/passes/batch_mm.cpp.o
 │ │ [919/1431] Building CXX object caffe2/CMakeFiles/torch_cpu.dir/__/torch/csr
 │ │ c/jit/passes/check_strict_fusion.cpp.o
 │ │ [920/1431] Building CXX object caffe2/CMakeFiles/torch_cpu.dir/__/torch/csr
 │ │ c/jit/passes/common_subexpression_elimination.cpp.o
 │ │ [921/1431] Building CXX object caffe2/CMakeFiles/torch_cpu.dir/__/torch/csr
 │ │ c/jit/passes/clear_profiling.cpp.o
 │ │ [922/1431] Building CXX object caffe2/CMakeFiles/torch_cpu.dir/__/torch/csr
 │ │ c/jit/passes/clear_undefinedness.cpp.o
 │ │ [923/1431] Building CXX object caffe2/CMakeFiles/torch_cpu.dir/__/torch/csr
 │ │ c/jit/passes/concat_opt.cpp.o
 │ │ [924/1431] Building CXX object caffe2/CMakeFiles/torch_cpu.dir/__/torch/csr
 │ │ c/jit/passes/constant_pooling.cpp.o
 │ │ [925/1431] Building CXX object caffe2/CMakeFiles/torch_cpu.dir/__/torch/csr
 │ │ c/jit/passes/constant_propagation.cpp.o
 │ │ [926/1431] Building CXX object caffe2/CMakeFiles/torch_cpu.dir/__/torch/csr
 │ │ c/jit/passes/create_autodiff_subgraphs.cpp.o
 │ │ [927/1431] Building CXX object caffe2/CMakeFiles/torch_cpu.dir/__/torch/csr
 │ │ c/jit/passes/create_functional_graphs.cpp.o
 │ │ [928/1431] Building CXX object caffe2/CMakeFiles/torch_cpu.dir/__/torch/csr
 │ │ c/jit/passes/dbr_quantization/remove_redundant_aliases.cpp.o
 │ │ [929/1431] Building CXX object caffe2/CMakeFiles/torch_cpu.dir/__/torch/csr
 │ │ c/jit/passes/dead_code_elimination.cpp.o
 │ │ [930/1431] Building CXX object caffe2/CMakeFiles/torch_cpu.dir/__/torch/csr
 │ │ c/jit/passes/decompose_ops.cpp.o
 │ │ [931/1431] Building CXX object caffe2/CMakeFiles/torch_cpu.dir/__/torch/csr
 │ │ c/jit/passes/device_type_analysis.cpp.o
 │ │ [932/1431] Building CXX object caffe2/CMakeFiles/torch_cpu.dir/__/torch/csr
 │ │ c/jit/passes/eliminate_no_ops.cpp.o
 │ │ [933/1431] Building CXX object caffe2/CMakeFiles/torch_cpu.dir/__/torch/csr
 │ │ c/jit/passes/dtype_analysis.cpp.o
 │ │ [934/1431] Building CXX object caffe2/CMakeFiles/torch_cpu.dir/__/torch/csr
 │ │ c/jit/passes/erase_number_types.cpp.o
 │ │ [935/1431] Building CXX object caffe2/CMakeFiles/torch_cpu.dir/__/torch/csr
 │ │ c/jit/passes/fixup_trace_scope_blocks.cpp.o
 │ │ [936/1431] Building CXX object caffe2/CMakeFiles/torch_cpu.dir/__/torch/csr
 │ │ c/jit/passes/fold_linear_bn.cpp.o
 │ │ [937/1431] Building CXX object caffe2/CMakeFiles/torch_cpu.dir/__/torch/csr
 │ │ c/jit/passes/fold_conv_bn.cpp.o
 │ │ [938/1431] Building CXX object caffe2/CMakeFiles/torch_cpu.dir/__/torch/csr
 │ │ c/jit/passes/frozen_conv_add_relu_fusion.cpp.o
 │ │ [939/1431] Building CXX object caffe2/CMakeFiles/torch_cpu.dir/__/torch/csr
 │ │ c/jit/passes/frozen_concat_linear.cpp.o
 │ │ [940/1431] Building CXX object caffe2/CMakeFiles/torch_cpu.dir/__/torch/csr
 │ │ c/jit/passes/frozen_conv_folding.cpp.o
 │ │ [941/1431] Building CXX object caffe2/CMakeFiles/torch_cpu.dir/__/torch/csr
 │ │ c/jit/passes/freeze_module.cpp.o
 │ │ [942/1431] Building CXX object caffe2/CMakeFiles/torch_cpu.dir/__/torch/csr
 │ │ c/jit/passes/frozen_graph_optimizations.cpp.o
 │ │ [943/1431] Building CXX object caffe2/CMakeFiles/torch_cpu.dir/__/torch/csr
 │ │ c/jit/passes/frozen_linear_folding.cpp.o
 │ │ [944/1431] Building CXX object caffe2/CMakeFiles/torch_cpu.dir/__/torch/csr
 │ │ c/jit/passes/frozen_linear_transpose.cpp.o
 │ │ [945/1431] Building CXX object caffe2/CMakeFiles/torch_cpu.dir/__/torch/csr
 │ │ c/jit/passes/fuse_linear.cpp.o
 │ │ [946/1431] Building CXX object caffe2/CMakeFiles/torch_cpu.dir/__/torch/csr
 │ │ c/jit/passes/fuse_relu.cpp.o
 │ │ [947/1431] Building CXX object caffe2/CMakeFiles/torch_cpu.dir/__/torch/csr
 │ │ c/jit/passes/frozen_ops_to_mkldnn.cpp.o
 │ │ [948/1431] Building CXX object caffe2/CMakeFiles/torch_cpu.dir/__/torch/csr
 │ │ c/jit/passes/graph_rewrite_helper.cpp.o
 │ │ [949/1431] Building CXX object caffe2/CMakeFiles/torch_cpu.dir/__/torch/csr
 │ │ c/jit/passes/graph_fuser.cpp.o
 │ │ [950/1431] Building CXX object caffe2/CMakeFiles/torch_cpu.dir/__/torch/csr
 │ │ c/jit/passes/hoist_conv_packed_params.cpp.o
 │ │ [951/1431] Building CXX object caffe2/CMakeFiles/torch_cpu.dir/__/torch/csr
 │ │ c/jit/passes/guard_elimination.cpp.o
 │ │ [952/1431] Building CXX object caffe2/CMakeFiles/torch_cpu.dir/__/torch/csr
 │ │ c/jit/passes/inline_autodiff_subgraphs.cpp.o
 │ │ [953/1431] Building CXX object caffe2/CMakeFiles/torch_cpu.dir/__/torch/csr
 │ │ c/jit/passes/inline_fork_wait.cpp.o
 │ │ [954/1431] Building CXX object caffe2/CMakeFiles/torch_cpu.dir/__/torch/csr
 │ │ c/jit/passes/inline_forked_closures.cpp.o
 │ │ [955/1431] Building CXX object caffe2/CMakeFiles/torch_cpu.dir/__/torch/csr
 │ │ c/jit/passes/inliner.cpp.o
 │ │ [956/1431] Building CXX object caffe2/CMakeFiles/torch_cpu.dir/__/torch/csr
 │ │ c/jit/passes/inplace_check.cpp.o
 │ │ [957/1431] Building CXX object caffe2/CMakeFiles/torch_cpu.dir/__/torch/csr
 │ │ c/jit/passes/integer_value_refinement.cpp.o
 │ │ [958/1431] Building CXX object caffe2/CMakeFiles/torch_cpu.dir/__/torch/csr
 │ │ c/jit/passes/insert_guards.cpp.o
 │ │ [959/1431] Building CXX object caffe2/CMakeFiles/torch_cpu.dir/__/torch/csr
 │ │ c/jit/passes/lift_closures.cpp.o
 │ │ [960/1431] Building CXX object caffe2/CMakeFiles/torch_cpu.dir/__/torch/csr
 │ │ c/jit/passes/loop_unrolling.cpp.o
 │ │ [961/1431] Building CXX object caffe2/CMakeFiles/torch_cpu.dir/__/torch/csr
 │ │ c/jit/passes/liveness.cpp.o
 │ │ [962/1431] Building CXX object caffe2/CMakeFiles/torch_cpu.dir/__/torch/csr
 │ │ c/jit/passes/lower_grad_of.cpp.o
 │ │ [963/1431] Building CXX object caffe2/CMakeFiles/torch_cpu.dir/__/torch/csr
 │ │ c/jit/passes/lower_tuples.cpp.o
 │ │ [964/1431] Building CXX object caffe2/CMakeFiles/torch_cpu.dir/__/torch/csr
 │ │ c/jit/passes/normalize_ops.cpp.o
 │ │ [965/1431] Building CXX object caffe2/CMakeFiles/torch_cpu.dir/__/torch/csr
 │ │ c/jit/passes/pass_manager.cpp.o
 │ │ [966/1431] Building CXX object caffe2/CMakeFiles/torch_cpu.dir/__/torch/csr
 │ │ c/jit/passes/metal_rewrite.cpp.o
 │ │ [967/1431] Building CXX object caffe2/CMakeFiles/torch_cpu.dir/__/torch/csr
 │ │ c/jit/passes/mkldnn_rewrite.cpp.o
 │ │ [968/1431] Building CXX object caffe2/CMakeFiles/torch_cpu.dir/__/torch/csr
 │ │ c/jit/passes/peephole.cpp.o
 │ │ [969/1431] Building CXX object caffe2/CMakeFiles/torch_cpu.dir/__/torch/csr
 │ │ c/jit/passes/peephole_alias_sensitive.cpp.o
 │ │ [970/1431] Building CXX object caffe2/CMakeFiles/torch_cpu.dir/__/torch/csr
 │ │ c/jit/passes/peephole_non_tensor.cpp.o
 │ │ [971/1431] Building CXX object caffe2/CMakeFiles/torch_cpu.dir/__/torch/csr
 │ │ c/jit/passes/peephole_dict_idioms.cpp.o
 │ │ [972/1431] Building CXX object caffe2/CMakeFiles/torch_cpu.dir/__/torch/csr
 │ │ c/jit/passes/peephole_list_idioms.cpp.o
 │ │ [973/1431] Building CXX object caffe2/CMakeFiles/torch_cpu.dir/__/torch/csr
 │ │ c/jit/passes/prepack_folding.cpp.o
 │ │ [974/1431] Building CXX object caffe2/CMakeFiles/torch_cpu.dir/__/torch/csr
 │ │ c/jit/passes/quantization/fusion_passes.cpp.o
 │ │ [975/1431] Building CXX object caffe2/CMakeFiles/torch_cpu.dir/__/torch/csr
 │ │ c/jit/passes/quantization/dedup_module_uses.cpp.o
 │ │ [976/1431] Building CXX object caffe2/CMakeFiles/torch_cpu.dir/__/torch/csr
 │ │ c/jit/passes/quantization/helper.cpp.o
 │ │ [977/1431] Building CXX object caffe2/CMakeFiles/torch_cpu.dir/__/torch/csr
 │ │ c/jit/passes/quantization/quantization_type.cpp.o
 │ │ [978/1431] Building CXX object caffe2/CMakeFiles/torch_cpu.dir/__/torch/csr
 │ │ c/jit/passes/quantization/finalize.cpp.o
 │ │ [979/1431] Building CXX object caffe2/CMakeFiles/torch_cpu.dir/__/torch/csr
 │ │ c/jit/passes/quantization/insert_observers.cpp.o
 │ │ [980/1431] Building CXX object caffe2/CMakeFiles/torch_cpu.dir/__/torch/csr
 │ │ c/jit/passes/quantization/insert_quant_dequant.cpp.o
 │ │ [981/1431] Building CXX object caffe2/CMakeFiles/torch_cpu.dir/__/torch/csr
 │ │ c/jit/passes/refine_tuple_types.cpp.o
 │ │ [982/1431] Building CXX object caffe2/CMakeFiles/torch_cpu.dir/__/torch/csr
 │ │ c/jit/passes/quantization/register_packed_params.cpp.o
 │ │ [983/1431] Building CXX object caffe2/CMakeFiles/torch_cpu.dir/__/torch/csr
 │ │ c/jit/passes/remove_exceptions.cpp.o
 │ │ [984/1431] Building CXX object caffe2/CMakeFiles/torch_cpu.dir/__/torch/csr
 │ │ c/jit/passes/remove_dropout.cpp.o
 │ │ [985/1431] Building CXX object caffe2/CMakeFiles/torch_cpu.dir/__/torch/csr
 │ │ c/jit/passes/remove_expands.cpp.o
 │ │ [986/1431] Building CXX object caffe2/CMakeFiles/torch_cpu.dir/__/torch/csr
 │ │ c/jit/passes/remove_mutation.cpp.o
 │ │ [987/1431] Building CXX object caffe2/CMakeFiles/torch_cpu.dir/__/torch/csr
 │ │ c/jit/passes/remove_redundant_profiles.cpp.o
 │ │ [988/1431] Building CXX object caffe2/CMakeFiles/torch_cpu.dir/__/torch/csr
 │ │ c/jit/passes/replacement_of_old_operators.cpp.o
 │ │ [989/1431] Building CXX object caffe2/CMakeFiles/torch_cpu.dir/__/torch/csr
 │ │ c/jit/passes/requires_grad_analysis.cpp.o
 │ │ [990/1431] Building CXX object caffe2/CMakeFiles/torch_cpu.dir/__/torch/csr
 │ │ c/jit/passes/restore_mutation.cpp.o
 │ │ [991/1431] Building CXX object caffe2/CMakeFiles/torch_cpu.dir/__/torch/csr
 │ │ c/jit/passes/subgraph_rewrite.cpp.o
 │ │ [992/1431] Building CXX object caffe2/CMakeFiles/torch_cpu.dir/__/torch/csr
 │ │ c/jit/passes/shape_analysis.cpp.o
 │ │ [993/1431] Building CXX object caffe2/CMakeFiles/torch_cpu.dir/__/torch/csr
 │ │ c/jit/passes/specialize_autogradzero.cpp.o
 │ │ [994/1431] Building CXX object caffe2/CMakeFiles/torch_cpu.dir/__/torch/csr
 │ │ c/jit/passes/symbolic_shape_analysis.cpp.o
 │ │ [995/1431] Building CXX object caffe2/CMakeFiles/torch_cpu.dir/__/torch/csr
 │ │ c/jit/passes/symbolic_shape_cache.cpp.o
 │ │ [996/1431] Building CXX object caffe2/CMakeFiles/torch_cpu.dir/__/torch/csr
 │ │ c/jit/passes/update_differentiable_graph_requires_grad.cpp.o
 │ │ [997/1431] Building CXX object caffe2/CMakeFiles/torch_cpu.dir/__/torch/csr
 │ │ c/jit/passes/utils/memory_dag.cpp.o
 │ │ [998/1431] Building CXX object caffe2/CMakeFiles/torch_cpu.dir/__/torch/csr
 │ │ c/jit/passes/utils/op_registry.cpp.o
 │ │ [999/1431] Building CXX object caffe2/CMakeFiles/torch_cpu.dir/__/torch/csr
 │ │ c/jit/passes/symbolic_shape_runtime_fusion.cpp.o
 │ │ [1000/1431] Building CXX object caffe2/CMakeFiles/torch_cpu.dir/__/torch/cs
 │ │ rc/jit/passes/utils/optimization_utils.cpp.o
 │ │ [1001/1431] Building CXX object caffe2/CMakeFiles/torch_cpu.dir/__/torch/cs
 │ │ rc/jit/passes/tensorexpr_fuser.cpp.o
 │ │ [1002/1431] Building CXX object caffe2/CMakeFiles/torch_cpu.dir/__/torch/cs
 │ │ rc/jit/passes/utils/subgraph_utils.cpp.o
 │ │ [1003/1431] Building CXX object caffe2/CMakeFiles/torch_cpu.dir/__/torch/cs
 │ │ rc/jit/passes/variadic_ops.cpp.o
 │ │ [1004/1431] Building CXX object caffe2/CMakeFiles/torch_cpu.dir/__/torch/cs
 │ │ rc/jit/passes/value_refinement_utils.cpp.o
 │ │ [1005/1431] Building CXX object caffe2/CMakeFiles/torch_cpu.dir/__/torch/cs
 │ │ rc/jit/python/utf8_decoding_ignore.cpp.o
 │ │ [1006/1431] Building CXX object caffe2/CMakeFiles/torch_cpu.dir/__/torch/cs
 │ │ rc/jit/python/update_graph_executor_opt.cpp.o
 │ │ [1007/1431] Building CXX object caffe2/CMakeFiles/torch_cpu.dir/__/torch/cs
 │ │ rc/jit/passes/vulkan_rewrite.cpp.o
 │ │ [1008/1431] Building CXX object caffe2/CMakeFiles/torch_cpu.dir/__/torch/cs
 │ │ rc/jit/runtime/argument_spec.cpp.o
 │ │ [1009/1431] Building CXX object caffe2/CMakeFiles/torch_cpu.dir/__/torch/cs
 │ │ rc/jit/runtime/autodiff.cpp.o
 │ │ [1010/1431] Building CXX object caffe2/CMakeFiles/torch_cpu.dir/__/torch/cs
 │ │ rc/jit/passes/xnnpack_rewrite.cpp.o
 │ │ [1011/1431] Building CXX object caffe2/CMakeFiles/torch_cpu.dir/__/torch/cs
 │ │ rc/jit/runtime/instruction.cpp.o
 │ │ [1012/1431] Building CXX object caffe2/CMakeFiles/torch_cpu.dir/__/torch/cs
 │ │ rc/jit/runtime/decomposition_registry_util.cpp.o
 │ │ [1013/1431] Building CXX object caffe2/CMakeFiles/torch_cpu.dir/__/torch/cs
 │ │ rc/jit/runtime/decomposition_registry.cpp.o
 │ │ [1014/1431] Building CXX object caffe2/CMakeFiles/torch_cpu.dir/__/torch/cs
 │ │ rc/jit/runtime/interpreter/preprocess_graph.cpp.o
 │ │ [1015/1431] Building CXX object caffe2/CMakeFiles/torch_cpu.dir/__/torch/cs
 │ │ rc/jit/runtime/jit_exception.cpp.o
 │ │ [1016/1431] Building CXX object caffe2/CMakeFiles/torch_cpu.dir/__/torch/cs
 │ │ rc/jit/runtime/interpreter/frame.cpp.o
 │ │ [1017/1431] Building CXX object caffe2/CMakeFiles/torch_cpu.dir/__/torch/cs
 │ │ rc/jit/runtime/logging.cpp.o
 │ │ [1018/1431] Building CXX object caffe2/CMakeFiles/torch_cpu.dir/__/torch/cs
 │ │ rc/jit/runtime/graph_executor.cpp.o
 │ │ [1019/1431] Building CXX object caffe2/CMakeFiles/torch_cpu.dir/__/torch/cs
 │ │ rc/jit/runtime/print_handler.cpp.o
 │ │ [1020/1431] Building CXX object caffe2/CMakeFiles/torch_cpu.dir/__/torch/cs
 │ │ rc/jit/runtime/interpreter.cpp.o
 │ │ [1021/1431] Building CXX object caffe2/CMakeFiles/torch_cpu.dir/__/torch/cs
 │ │ rc/jit/runtime/jit_trace.cpp.o
 │ │ [1022/1431] Building CXX object caffe2/CMakeFiles/torch_cpu.dir/__/torch/cs
 │ │ rc/jit/runtime/operator.cpp.o
 │ │ [1023/1431] Building CXX object caffe2/CMakeFiles/torch_cpu.dir/__/torch/cs
 │ │ rc/jit/runtime/profiling_graph_executor_impl.cpp.o
 │ │ [1024/1431] Building CXX object caffe2/CMakeFiles/torch_cpu.dir/__/torch/cs
 │ │ rc/jit/runtime/profiling_record.cpp.o
 │ │ [1025/1431] Building CXX object caffe2/CMakeFiles/torch_cpu.dir/__/torch/cs
 │ │ rc/jit/runtime/script_profile.cpp.o
 │ │ [1026/1431] Building CXX object caffe2/CMakeFiles/torch_cpu.dir/__/torch/cs
 │ │ rc/jit/runtime/slice_indices_adjust.cpp.o
 │ │ [1027/1431] Building CXX object caffe2/CMakeFiles/torch_cpu.dir/__/torch/cs
 │ │ rc/jit/runtime/serialized_shape_function_registry.cpp.o
 │ │ [1028/1431] Building CXX object caffe2/CMakeFiles/torch_cpu.dir/__/torch/cs
 │ │ rc/jit/runtime/register_ops_utils.cpp.o
 │ │ [1029/1431] Building CXX object caffe2/CMakeFiles/torch_cpu.dir/__/torch/cs
 │ │ rc/jit/runtime/simple_graph_executor_impl.cpp.o
 │ │ [1030/1431] Building CXX object caffe2/CMakeFiles/torch_cpu.dir/__/torch/cs
 │ │ rc/jit/runtime/static/fusion.cpp.o
 │ │ [1031/1431] Building CXX object caffe2/CMakeFiles/torch_cpu.dir/__/torch/cs
 │ │ rc/jit/runtime/static/impl.cpp.o
 │ │ [1032/1431] Building CXX object caffe2/CMakeFiles/torch_cpu.dir/__/torch/cs
 │ │ rc/jit/runtime/static/memory_planner.cpp.o
 │ │ [1033/1431] Building CXX object caffe2/CMakeFiles/torch_cpu.dir/__/torch/cs
 │ │ rc/jit/runtime/static/passes.cpp.o
 │ │ [1034/1431] Building CXX object caffe2/CMakeFiles/torch_cpu.dir/__/torch/cs
 │ │ rc/jit/runtime/static/native_ops.cpp.o
 │ │ [1035/1431] Building CXX object caffe2/CMakeFiles/torch_cpu.dir/__/torch/cs
 │ │ rc/jit/runtime/static/te_wrapper.cpp.o
 │ │ [1036/1431] Building CXX object caffe2/CMakeFiles/torch_cpu.dir/__/torch/cs
 │ │ rc/jit/runtime/symbolic_script.cpp.o
 │ │ [1037/1431] Building CXX object caffe2/CMakeFiles/torch_cpu.dir/__/torch/cs
 │ │ rc/jit/runtime/static/ops.cpp.o
 │ │ [1038/1431] Building CXX object caffe2/CMakeFiles/torch_cpu.dir/__/torch/cs
 │ │ rc/jit/runtime/symbolic_shape_registry_util.cpp.o
 │ │ [1039/1431] Building CXX object caffe2/CMakeFiles/torch_cpu.dir/__/torch/cs
 │ │ rc/jit/runtime/symbolic_shape_registry.cpp.o
 │ │ [1040/1431] Building CXX object caffe2/CMakeFiles/torch_cpu.dir/__/torch/cs
 │ │ rc/jit/runtime/vararg_functions.cpp.o
 │ │ [1041/1431] Building CXX object caffe2/CMakeFiles/torch_cpu.dir/__/torch/cs
 │ │ rc/jit/runtime/static/generated_ops.cpp.o
 │ │ [1042/1431] Building CXX object caffe2/CMakeFiles/torch_cpu.dir/__/torch/cs
 │ │ rc/jit/serialization/import_export_helpers.cpp.o
 │ │ [1043/1431] Building CXX object caffe2/CMakeFiles/torch_cpu.dir/__/torch/cs
 │ │ rc/jit/serialization/callstack_debug_info_serialization.cpp.o
 │ │ [1044/1431] Building CXX object caffe2/CMakeFiles/torch_cpu.dir/__/torch/cs
 │ │ rc/jit/serialization/import_read.cpp.o
 │ │ [1045/1431] Building CXX object caffe2/CMakeFiles/torch_cpu.dir/__/torch/cs
 │ │ rc/jit/serialization/pickle.cpp.o
 │ │ [1046/1431] Building CXX object caffe2/CMakeFiles/torch_cpu.dir/__/torch/cs
 │ │ rc/jit/serialization/import.cpp.o
 │ │ [1047/1431] Building CXX object caffe2/CMakeFiles/torch_cpu.dir/__/torch/cs
 │ │ rc/jit/serialization/import_source.cpp.o
 │ │ [1048/1431] Building CXX object caffe2/CMakeFiles/torch_cpu.dir/__/torch/cs
 │ │ rc/jit/serialization/pickler.cpp.o
 │ │ [1049/1431] Building CXX object caffe2/CMakeFiles/torch_cpu.dir/__/torch/cs
 │ │ rc/jit/serialization/type_name_uniquer.cpp.o
 │ │ [1050/1431] Building CXX object caffe2/CMakeFiles/torch_cpu.dir/__/torch/cs
 │ │ rc/jit/serialization/source_range_serialization.cpp.o
 │ │ [1051/1431] Building CXX object caffe2/CMakeFiles/torch_cpu.dir/__/torch/cs
 │ │ rc/jit/serialization/python_print.cpp.o
 │ │ [1052/1431] Building CXX object caffe2/CMakeFiles/torch_cpu.dir/__/torch/cs
 │ │ rc/jit/tensorexpr/block_codegen.cpp.o
 │ │ [1053/1431] Building CXX object caffe2/CMakeFiles/torch_cpu.dir/__/torch/cs
 │ │ rc/jit/tensorexpr/bounds_inference.cpp.o
 │ │ [1054/1431] Building CXX object caffe2/CMakeFiles/torch_cpu.dir/__/torch/cs
 │ │ rc/jit/tensorexpr/bounds_overlap.cpp.o
 │ │ [1055/1431] Building CXX object caffe2/CMakeFiles/torch_cpu.dir/__/torch/cs
 │ │ rc/jit/serialization/unpickler.cpp.o
 │ │ [1056/1431] Building CXX object caffe2/CMakeFiles/torch_cpu.dir/__/torch/cs
 │ │ rc/jit/tensorexpr/codegen.cpp.o
 │ │ [1057/1431] Building CXX object caffe2/CMakeFiles/torch_cpu.dir/__/torch/cs
 │ │ rc/jit/tensorexpr/cpp_codegen.cpp.o
 │ │ [1058/1431] Building CXX object caffe2/CMakeFiles/torch_cpu.dir/__/torch/cs
 │ │ rc/jit/tensorexpr/expr.cpp.o
 │ │ [1059/1431] Building CXX object caffe2/CMakeFiles/torch_cpu.dir/__/torch/cs
 │ │ rc/jit/tensorexpr/external_functions_codegen.cpp.o
 │ │ [1060/1431] Building CXX object caffe2/CMakeFiles/torch_cpu.dir/__/torch/cs
 │ │ rc/jit/tensorexpr/external_functions_core.cpp.o
 │ │ [1061/1431] Building CXX object caffe2/CMakeFiles/torch_cpu.dir/__/torch/cs
 │ │ rc/jit/tensorexpr/external_functions_registry.cpp.o
 │ │ [1062/1431] Building CXX object caffe2/CMakeFiles/torch_cpu.dir/__/torch/cs
 │ │ rc/jit/tensorexpr/eval.cpp.o
 │ │ [1063/1431] Building CXX object caffe2/CMakeFiles/torch_cpu.dir/__/torch/cs
 │ │ rc/jit/tensorexpr/intrinsic_symbols.cpp.o
 │ │ [1064/1431] Building CXX object caffe2/CMakeFiles/torch_cpu.dir/__/torch/cs
 │ │ rc/jit/tensorexpr/external_functions.cpp.o
 │ │ [1065/1431] Building CXX object caffe2/CMakeFiles/torch_cpu.dir/__/torch/cs
 │ │ rc/jit/tensorexpr/ir.cpp.o
 │ │ [1066/1431] Building CXX object caffe2/CMakeFiles/torch_cpu.dir/__/torch/cs
 │ │ rc/jit/tensorexpr/hash_provider.cpp.o
 │ │ [1067/1431] Building CXX object caffe2/CMakeFiles/torch_cpu.dir/__/torch/cs
 │ │ rc/jit/tensorexpr/graph_opt.cpp.o
 │ │ [1068/1431] Building CXX object caffe2/CMakeFiles/torch_cpu.dir/__/torch/cs
 │ │ rc/jit/tensorexpr/ir_cloner.cpp.o
 │ │ [1069/1431] Building CXX object caffe2/CMakeFiles/torch_cpu.dir/__/torch/cs
 │ │ rc/jit/tensorexpr/ir_mutator.cpp.o
 │ │ [1070/1431] Building CXX object caffe2/CMakeFiles/torch_cpu.dir/__/torch/cs
 │ │ rc/jit/tensorexpr/ir_printer.cpp.o
 │ │ [1071/1431] Building CXX object caffe2/CMakeFiles/torch_cpu.dir/__/torch/cs
 │ │ rc/jit/tensorexpr/ir_verifier.cpp.o
 │ │ [1072/1431] Building CXX object caffe2/CMakeFiles/torch_cpu.dir/__/torch/cs
 │ │ rc/jit/tensorexpr/llvm_codegen.cpp.o
 │ │ [1073/1431] Building CXX object caffe2/CMakeFiles/torch_cpu.dir/__/torch/cs
 │ │ rc/jit/tensorexpr/llvm_jit.cpp.o
 │ │ [1074/1431] Building CXX object caffe2/CMakeFiles/torch_cpu.dir/__/torch/cs
 │ │ rc/jit/tensorexpr/ir_visitor.cpp.o
 │ │ [1075/1431] Building CXX object caffe2/CMakeFiles/torch_cpu.dir/__/torch/cs
 │ │ rc/jit/tensorexpr/ir_simplifier.cpp.o
 │ │ [1076/1431] Building CXX object caffe2/CMakeFiles/torch_cpu.dir/__/torch/cs
 │ │ rc/jit/tensorexpr/loopnest_randomization.cpp.o
 │ │ [1077/1431] Building CXX object caffe2/CMakeFiles/torch_cpu.dir/__/torch/cs
 │ │ rc/jit/tensorexpr/kernel.cpp.o
 │ │ [1078/1431] Building CXX object caffe2/CMakeFiles/torch_cpu.dir/__/torch/cs
 │ │ rc/jit/tensorexpr/loopnest.cpp.o
 │ │ [1079/1431] Building CXX object caffe2/CMakeFiles/torch_cpu.dir/__/torch/cs
 │ │ rc/jit/tensorexpr/operators/conv2d.cpp.o
 │ │ [1080/1431] Building CXX object caffe2/CMakeFiles/torch_cpu.dir/__/torch/cs
 │ │ rc/jit/tensorexpr/mem_dependency_checker.cpp.o
 │ │ [1081/1431] Building CXX object caffe2/CMakeFiles/torch_cpu.dir/__/torch/cs
 │ │ rc/jit/tensorexpr/operators/matmul.cpp.o
 │ │ [1082/1431] Building CXX object caffe2/CMakeFiles/torch_cpu.dir/__/torch/cs
 │ │ rc/jit/tensorexpr/lowerings.cpp.o
 │ │ [1083/1431] Building CXX object caffe2/CMakeFiles/torch_cpu.dir/__/torch/cs
 │ │ rc/jit/tensorexpr/operators/norm.cpp.o
 │ │ [1084/1431] Building CXX object caffe2/CMakeFiles/torch_cpu.dir/__/torch/cs
 │ │ rc/jit/tensorexpr/operators/misc.cpp.o
 │ │ [1085/1431] Building CXX object caffe2/CMakeFiles/torch_cpu.dir/__/torch/cs
 │ │ rc/jit/tensorexpr/operators/pointwise.cpp.o
 │ │ [1086/1431] Building CXX object caffe2/CMakeFiles/torch_cpu.dir/__/torch/cs
 │ │ rc/jit/tensorexpr/reduction.cpp.o
 │ │ [1087/1431] Building CXX object caffe2/CMakeFiles/torch_cpu.dir/__/torch/cs
 │ │ rc/jit/tensorexpr/operators/reduction.cpp.o
 │ │ [1088/1431] Building CXX object caffe2/CMakeFiles/torch_cpu.dir/__/torch/cs
 │ │ rc/jit/tensorexpr/operators/quantization.cpp.o
 │ │ [1089/1431] Building CXX object caffe2/CMakeFiles/torch_cpu.dir/__/torch/cs
 │ │ rc/jit/tensorexpr/types.cpp.o
 │ │ [1090/1431] Building CXX object caffe2/CMakeFiles/torch_cpu.dir/__/torch/cs
 │ │ rc/jit/tensorexpr/operators/softmax.cpp.o
 │ │ [1091/1431] Building CXX object caffe2/CMakeFiles/torch_cpu.dir/__/torch/cs
 │ │ rc/jit/tensorexpr/unique_name_manager.cpp.o
 │ │ [1092/1431] Building CXX object caffe2/CMakeFiles/torch_cpu.dir/__/torch/cs
 │ │ rc/jit/tensorexpr/tensor.cpp.o
 │ │ [1093/1431] Building CXX object caffe2/CMakeFiles/torch_cpu.dir/__/torch/cs
 │ │ rc/jit/testing/file_check.cpp.o
 │ │ [1094/1431] Building CXX object caffe2/CMakeFiles/torch_cpu.dir/__/torch/cs
 │ │ rc/jit/tensorexpr/registerizer.cpp.o
 │ │ [1095/1431] Building CXX object caffe2/CMakeFiles/torch_cpu.dir/__/torch/cs
 │ │ rc/lazy/backend/backend_device.cpp.o
 │ │ [1096/1431] Building CXX object caffe2/CMakeFiles/torch_cpu.dir/__/torch/cs
 │ │ rc/jit/testing/hooks_for_testing.cpp.o
 │ │ [1097/1431] Building CXX object caffe2/CMakeFiles/torch_cpu.dir/__/torch/cs
 │ │ rc/lazy/core/config.cpp.o
 │ │ [1098/1431] Building CXX object caffe2/CMakeFiles/torch_cpu.dir/__/torch/cs
 │ │ rc/lazy/backend/backend_interface.cpp.o
 │ │ [1099/1431] Building CXX object caffe2/CMakeFiles/torch_cpu.dir/__/torch/cs
 │ │ rc/lazy/core/hash.cpp.o
 │ │ [1100/1431] Building CXX object caffe2/CMakeFiles/torch_cpu.dir/__/torch/cs
 │ │ rc/lazy/backend/lowering_context.cpp.o
 │ │ [1101/1431] Building CXX object caffe2/CMakeFiles/torch_cpu.dir/__/torch/cs
 │ │ rc/lazy/core/debug_util.cpp.o
 │ │ [1102/1431] Building CXX object caffe2/CMakeFiles/torch_cpu.dir/__/torch/cs
 │ │ rc/lazy/core/helpers.cpp.o
 │ │ [1103/1431] Building CXX object caffe2/CMakeFiles/torch_cpu.dir/__/torch/cs
 │ │ rc/lazy/core/ir.cpp.o
 │ │ [1104/1431] Building CXX object caffe2/CMakeFiles/torch_cpu.dir/__/torch/cs
 │ │ rc/lazy/core/ir_metadata.cpp.o
 │ │ [1105/1431] Building CXX object caffe2/CMakeFiles/torch_cpu.dir/__/torch/cs
 │ │ rc/lazy/core/ir_dump_util.cpp.o
 │ │ [1106/1431] Building CXX object caffe2/CMakeFiles/torch_cpu.dir/__/torch/cs
 │ │ rc/lazy/core/multi_wait.cpp.o
 │ │ [1107/1431] Building CXX object caffe2/CMakeFiles/torch_cpu.dir/__/torch/cs
 │ │ rc/lazy/core/ir_util.cpp.o
 │ │ [1108/1431] Building CXX object caffe2/CMakeFiles/torch_cpu.dir/__/torch/cs
 │ │ rc/lazy/core/lazy_graph_executor.cpp.o
 │ │ [1109/1431] Building CXX object caffe2/CMakeFiles/torch_cpu.dir/__/torch/cs
 │ │ rc/lazy/core/metrics.cpp.o
 │ │ [1110/1431] Building CXX object caffe2/CMakeFiles/torch_cpu.dir/__/torch/cs
 │ │ rc/lazy/core/ops/arithmetic_ir_ops.cpp.o
 │ │ [1111/1431] Building CXX object caffe2/CMakeFiles/torch_cpu.dir/__/torch/cs
 │ │ rc/lazy/core/permutation_util.cpp.o
 │ │ [1112/1431] Building CXX object caffe2/CMakeFiles/torch_cpu.dir/__/torch/cs
 │ │ rc/lazy/core/ops/utils.cpp.o
 │ │ [1113/1431] Building CXX object caffe2/CMakeFiles/torch_cpu.dir/__/torch/cs
 │ │ rc/lazy/core/shape.cpp.o
 │ │ [1114/1431] Building CXX object caffe2/CMakeFiles/torch_cpu.dir/__/torch/cs
 │ │ rc/lazy/core/tensor_impl.cpp.o
 │ │ [1115/1431] Building CXX object caffe2/CMakeFiles/torch_cpu.dir/__/torch/cs
 │ │ rc/lazy/core/tensor.cpp.o
 │ │ [1116/1431] Building CXX object caffe2/CMakeFiles/torch_cpu.dir/__/torch/cs
 │ │ rc/lazy/core/thread_pool.cpp.o
 │ │ [1117/1431] Building CXX object caffe2/CMakeFiles/torch_cpu.dir/__/torch/cs
 │ │ rc/monitor/counters.cpp.o
 │ │ [1118/1431] Building CXX object caffe2/CMakeFiles/torch_cpu.dir/__/torch/cs
 │ │ rc/monitor/events.cpp.o
 │ │ [1119/1431] Building CXX object caffe2/CMakeFiles/torch_cpu.dir/__/torch/cs
 │ │ rc/lazy/core/shape_inference.cpp.o
 │ │ [1120/1431] Building CXX object caffe2/CMakeFiles/torch_cpu.dir/__/torch/cs
 │ │ rc/lazy/core/tensor_util.cpp.o
 │ │ [1121/1431] Building CXX object caffe2/CMakeFiles/torch_cpu.dir/__/torch/cs
 │ │ rc/lazy/core/trie.cpp.o
 │ │ [1122/1431] Building CXX object caffe2/CMakeFiles/torch_cpu.dir/__/torch/cs
 │ │ rc/mtia/profiler/MTIAMemoryProfiler.cpp.o
 │ │ [1123/1431] Building CXX object caffe2/CMakeFiles/torch_cpu.dir/__/torch/cs
 │ │ rc/profiler/kineto_client_interface.cpp.o
 │ │ [1124/1431] Building CXX object caffe2/CMakeFiles/torch_cpu.dir/__/torch/cs
 │ │ rc/profiler/combined_traceback.cpp.o
 │ │ [1125/1431] Building CXX object caffe2/CMakeFiles/torch_cpu.dir/__/torch/cs
 │ │ rc/profiler/data_flow.cpp.o
 │ │ [1126/1431] Building CXX object caffe2/CMakeFiles/torch_cpu.dir/__/torch/cs
 │ │ rc/profiler/kineto_shim.cpp.o
 │ │ [1127/1431] Building CXX object caffe2/CMakeFiles/torch_cpu.dir/__/torch/cs
 │ │ rc/profiler/orchestration/observer.cpp.o
 │ │ [1128/1431] Building CXX object caffe2/CMakeFiles/torch_cpu.dir/__/torch/cs
 │ │ rc/profiler/orchestration/python_tracer.cpp.o
 │ │ [1129/1431] Building CXX object caffe2/CMakeFiles/torch_cpu.dir/__/torch/cs
 │ │ rc/profiler/perf.cpp.o
 │ │ [1130/1431] Building CXX object caffe2/CMakeFiles/torch_cpu.dir/__/torch/cs
 │ │ rc/profiler/collection.cpp.o
 │ │ [1131/1431] Building CXX object caffe2/CMakeFiles/torch_cpu.dir/__/torch/cs
 │ │ rc/profiler/orchestration/vulkan.cpp.o
 │ │ [1132/1431] Building CXX object caffe2/CMakeFiles/torch_cpu.dir/__/torch/cs
 │ │ rc/profiler/standalone/privateuse1_observer.cpp.o
 │ │ [1133/1431] Building CXX object caffe2/CMakeFiles/torch_cpu.dir/__/torch/cs
 │ │ rc/profiler/standalone/itt_observer.cpp.o
 │ │ [1134/1431] Building CXX object caffe2/CMakeFiles/torch_cpu.dir/__/torch/cs
 │ │ rc/profiler/standalone/nvtx_observer.cpp.o
 │ │ [1135/1431] Building CXX object caffe2/CMakeFiles/torch_cpu.dir/__/torch/cs
 │ │ rc/profiler/unwind/unwind_fb.cpp.o
 │ │ [1136/1431] Building CXX object caffe2/CMakeFiles/torch_cpu.dir/__/torch/cs
 │ │ rc/profiler/stubs/base.cpp.o
 │ │ [1137/1431] Building CXX object caffe2/CMakeFiles/torch_cpu.dir/__/torch/cs
 │ │ rc/profiler/unwind/unwind.cpp.o
 │ │ [1138/1431] Building CXX object caffe2/CMakeFiles/torch_cpu.dir/__/torch/cs
 │ │ rc/utils/cpp_stacktraces.cpp.o
 │ │ [1139/1431] Building CXX object caffe2/CMakeFiles/torch_cpu.dir/__/torch/cs
 │ │ rc/profiler/standalone/execution_trace_observer.cpp.o
 │ │ [1140/1431] Building CXX object caffe2/CMakeFiles/torch_cpu.dir/__/torch/cs
 │ │ rc/utils/schema_info.cpp.o
 │ │ [1141/1431] Building CXX object caffe2/CMakeFiles/torch_cpu.dir/__/torch/cs
 │ │ rc/utils/variadic.cpp.o
 │ │ [1142/1431] Building CXX object caffe2/CMakeFiles/torch_cpu.dir/__/torch/cs
 │ │ rc/profiler/util.cpp.o
 │ │ [1143/1431] Building CXX object caffe2/CMakeFiles/torch_cpu.dir/__/torch/cs
 │ │ rc/utils/tensor_flatten.cpp.o
 │ │ [1144/1431] Building CXX object caffe2/CMakeFiles/torch_cpu.dir/__/torch/cs
 │ │ rc/jit/passes/remove_inplace_ops.cpp.o
 │ │ [1145/1431] Building CXX object caffe2/CMakeFiles/torch_cpu.dir/__/torch/cs
 │ │ rc/jit/passes/lower_graph.cpp.o
 │ │ [1146/1431] Building CXX object caffe2/CMakeFiles/torch_cpu.dir/__/torch/cs
 │ │ rc/jit/codegen/cuda/interface.cpp.o
 │ │ [1147/1431] Building CXX object caffe2/CMakeFiles/torch_cpu.dir/__/torch/cs
 │ │ rc/jit/passes/autocast.cpp.o
 │ │ [1148/1431] Building CXX object caffe2/CMakeFiles/torch_cpu.dir/__/torch/cs
 │ │ rc/jit/passes/utils/check_alias_annotation.cpp.o
 │ │ [1149/1431] Building CXX object caffe2/CMakeFiles/torch_cpu.dir/__/torch/cs
 │ │ rc/jit/runtime/register_c10_ops.cpp.o
 │ │ [1150/1431] Building CXX object caffe2/CMakeFiles/torch_cpu.dir/__/torch/cs
 │ │ rc/jit/runtime/register_prim_ops_fulljit.cpp.o
 │ │ [1151/1431] Building CXX object caffe2/CMakeFiles/torch_cpu.dir/__/torch/cs
 │ │ rc/jit/runtime/register_special_ops.cpp.o
 │ │ [1152/1431] Building CXX object caffe2/CMakeFiles/torch_cpu.dir/__/torch/na
 │ │ tivert/graph/Graph.cpp.o
 │ │ [1153/1431] Building CXX object caffe2/CMakeFiles/torch_cpu.dir/__/torch/cs
 │ │ rc/jit/runtime/register_prim_ops.cpp.o
 │ │ [1154/1431] Building CXX object caffe2/CMakeFiles/torch_cpu.dir/__/torch/na
 │ │ tivert/graph/GraphSignature.cpp.o
 │ │ [1155/1431] Building CXX object caffe2/CMakeFiles/torch_cpu.dir/__/torch/na
 │ │ tivert/graph/GraphPasses.cpp.o
 │ │ [1156/1431] Building CXX object caffe2/CMakeFiles/torch_cpu.dir/__/torch/na
 │ │ tivert/graph/TensorMeta.cpp.o
 │ │ [1157/1431] Building CXX object caffe2/CMakeFiles/torch_cpu.dir/__/torch/na
 │ │ tivert/executor/Placement.cpp.o
 │ │ [1158/1431] Building CXX object caffe2/CMakeFiles/torch_cpu.dir/__/torch/na
 │ │ tivert/executor/DelegateExecutor.cpp.o
 │ │ [1159/1431] Building CXX object caffe2/CMakeFiles/torch_cpu.dir/__/torch/na
 │ │ tivert/graph/Serialization.cpp.o
 │ │ [1160/1431] Building CXX object caffe2/CMakeFiles/torch_cpu.dir/__/torch/na
 │ │ tivert/executor/ExecutionPlanner.cpp.o
 │ │ [1161/1431] Building CXX object caffe2/CMakeFiles/torch_cpu.dir/__/torch/na
 │ │ tivert/executor/PlacementUtils.cpp.o
 │ │ [1162/1431] Building CXX object caffe2/CMakeFiles/torch_cpu.dir/__/torch/na
 │ │ tivert/executor/ExecutionFrame.cpp.o
 │ │ [1163/1431] Building CXX object caffe2/CMakeFiles/torch_cpu.dir/__/torch/na
 │ │ tivert/executor/GraphExecutorBase.cpp.o
 │ │ /workspace/.src/pytorch/torch/nativert/executor/GraphExecutorBase.cpp:16:58
 │ │ : warning: extra ';' outside of a function is incompatible with C++98 [-Wc+
 │ │ +98-compat-extra-semi]
 │ │    16 |       execPlan_(ExecutionPlanner{graph_}.createPlan()) {};
 │ │       |                                                          ^
 │ │ 1 warning generated.
 │ │ [1164/1431] Building CXX object caffe2/CMakeFiles/torch_cpu.dir/__/torch/na
 │ │ tivert/executor/SerialGraphExecutor.cpp.o
 │ │ [1165/1431] Building CXX object caffe2/CMakeFiles/torch_cpu.dir/__/torch/na
 │ │ tivert/executor/OpKernel.cpp.o
 │ │ [1166/1431] Building CXX object caffe2/CMakeFiles/torch_cpu.dir/__/torch/na
 │ │ tivert/executor/memory/FunctionSchema.cpp.o
 │ │ [1167/1431] Building CXX object caffe2/CMakeFiles/torch_cpu.dir/__/torch/na
 │ │ tivert/common/FileUtil.cpp.o
 │ │ [1168/1431] Building CXX object caffe2/CMakeFiles/torch_cpu.dir/__/torch/na
 │ │ tivert/executor/Weights.cpp.o
 │ │ [1169/1431] Building CXX object caffe2/CMakeFiles/torch_cpu.dir/__/torch/na
 │ │ tivert/detail/ITree.cpp.o
 │ │ [1170/1431] Building CXX object caffe2/CMakeFiles/torch_cpu.dir/__/torch/na
 │ │ tivert/executor/memory/GreedyBySize.cpp.o
 │ │ [1171/1431] Building CXX object caffe2/CMakeFiles/torch_cpu.dir/__/torch/na
 │ │ tivert/executor/memory/Bump.cpp.o
 │ │ [1172/1431] Building CXX object caffe2/CMakeFiles/torch_cpu.dir/__/torch/na
 │ │ tivert/kernels/C10Kernel.cpp.o
 │ │ [1173/1431] Building CXX object caffe2/CMakeFiles/torch_cpu.dir/__/torch/na
 │ │ tivert/kernels/AutoFunctionalizeKernel.cpp.o
 │ │ [1174/1431] Building CXX object caffe2/CMakeFiles/torch_cpu.dir/__/torch/cs
 │ │ rc/lazy/ts_backend/config.cpp.o
 │ │ [1175/1431] Building CXX object caffe2/CMakeFiles/torch_cpu.dir/__/torch/na
 │ │ tivert/kernels/HigherOrderKernel.cpp.o
 │ │ [1176/1431] Building CXX object caffe2/CMakeFiles/torch_cpu.dir/__/torch/cs
 │ │ rc/jit/mobile/debug_info.cpp.o
 │ │ [1177/1431] Building CXX object caffe2/CMakeFiles/torch_cpu.dir/__/torch/cs
 │ │ rc/lazy/ts_backend/dynamic_ir.cpp.o
 │ │ [1178/1431] Building CXX object caffe2/CMakeFiles/torch_cpu.dir/__/torch/cs
 │ │ rc/lazy/ts_backend/ops/device_data.cpp.o
 │ │ [1179/1431] Building CXX object caffe2/CMakeFiles/torch_cpu.dir/__/torch/cs
 │ │ rc/lazy/ts_backend/ops/generic.cpp.o
 │ │ [1180/1431] Building CXX object caffe2/CMakeFiles/torch_cpu.dir/__/torch/cs
 │ │ rc/lazy/ts_backend/tensor_aten_ops.cpp.o
 │ │ [1181/1431] Building CXX object caffe2/CMakeFiles/torch_cpu.dir/__/torch/cs
 │ │ rc/lazy/ts_backend/ts_autograd_functions.cpp.o
 │ │ [1182/1431] Building CXX object caffe2/CMakeFiles/torch_cpu.dir/__/torch/cs
 │ │ rc/lazy/ts_backend/ts_lowering_context.cpp.o
 │ │ [1183/1431] Building CXX object caffe2/CMakeFiles/torch_cpu.dir/__/torch/cs
 │ │ rc/lazy/ts_backend/ts_backend_impl.cpp.o
 │ │ [1184/1431] Building CXX object caffe2/CMakeFiles/torch_cpu.dir/__/torch/cs
 │ │ rc/lazy/ts_backend/ts_eager_fallback.cpp.o
 │ │ [1185/1431] Building CXX object caffe2/CMakeFiles/torch_cpu.dir/__/torch/cs
 │ │ rc/lazy/ts_backend/ts_node.cpp.o
 │ │ [1186/1431] Building CXX object caffe2/CMakeFiles/torch_cpu.dir/__/torch/cs
 │ │ rc/lazy/ts_backend/ts_native_functions.cpp.o
 │ │ [1187/1431] Building CXX object caffe2/CMakeFiles/torch_cpu.dir/__/torch/cs
 │ │ rc/lazy/ts_backend/ts_node_lowering.cpp.o
 │ │ [1188/1431] Building CXX object caffe2/CMakeFiles/torch_cpu.dir/__/torch/cs
 │ │ rc/jit/mobile/import_data.cpp.o
 │ │ [1189/1431] Building CXX object caffe2/CMakeFiles/torch_cpu.dir/__/torch/cs
 │ │ rc/jit/mobile/train/export_data.cpp.o
 │ │ [1190/1431] Building CXX object caffe2/CMakeFiles/torch_cpu.dir/__/torch/cs
 │ │ rc/jit/mobile/train/optim/sgd.cpp.o
 │ │ [1191/1431] Building CXX object caffe2/CMakeFiles/torch_cpu.dir/__/torch/cs
 │ │ rc/jit/mobile/train/random.cpp.o
 │ │ [1192/1431] Building CXX object caffe2/CMakeFiles/torch_cpu.dir/__/torch/cs
 │ │ rc/jit/mobile/train/sequential.cpp.o
 │ │ [1193/1431] Building CXX object caffe2/CMakeFiles/torch_cpu.dir/__/torch/cs
 │ │ rc/utils/out_types.cpp.o
 │ │ [1194/1431] Building CXX object caffe2/CMakeFiles/torch_cpu.dir/__/torch/cs
 │ │ rc/autograd/TraceTypeManual.cpp.o
 │ │ [1195/1431] Building CXX object caffe2/CMakeFiles/torch_cpu.dir/__/torch/cs
 │ │ rc/jit/serialization/flatbuffer_serializer.cpp.o
 │ │ [1196/1431] Building CXX object caffe2/CMakeFiles/torch_cpu.dir/__/torch/cs
 │ │ rc/api/src/jit.cpp.o
 │ │ [1197/1431] Building CXX object caffe2/CMakeFiles/torch_cpu.dir/__/torch/cs
 │ │ rc/jit/mobile/compatibility/backport.cpp.o
 │ │ [1198/1431] Building CXX object caffe2/CMakeFiles/torch_cpu.dir/__/torch/cs
 │ │ rc/autograd/VariableTypeManual.cpp.o
 │ │ [1199/1431] Building CXX object caffe2/CMakeFiles/torch_cpu.dir/__/torch/cs
 │ │ rc/autograd/FunctionsManual.cpp.o
 │ │ [1200/1431] Building CXX object caffe2/CMakeFiles/torch_cpu.dir/__/torch/cs
 │ │ rc/jit/serialization/onnx.cpp.o
 │ │ [1201/1431] Building CXX object caffe2/CMakeFiles/torch_cpu.dir/__/torch/cs
 │ │ rc/jit/mobile/compatibility/backport_manager.cpp.o
 │ │ [1202/1431] Building CXX object caffe2/CMakeFiles/torch_cpu.dir/__/torch/cs
 │ │ rc/jit/serialization/export_bytecode.cpp.o
 │ │ [1203/1431] Building CXX object caffe2/CMakeFiles/torch_cpu.dir/__/torch/cs
 │ │ rc/jit/serialization/export.cpp.o
 │ │ [1204/1431] Building CXX object caffe2/CMakeFiles/torch_cpu.dir/__/torch/cs
 │ │ rc/jit/codegen/fuser/cpu/fused_kernel.cpp.o
 │ │ [1205/1431] Building CXX object caffe2/CMakeFiles/torch_cpu.dir/__/torch/cs
 │ │ rc/utils/byte_order.cpp.o
 │ │ [1206/1431] Building CXX object caffe2/CMakeFiles/torch_cpu.dir/__/torch/cs
 │ │ rc/api/src/cuda.cpp.o
 │ │ [1207/1431] Building CXX object caffe2/CMakeFiles/torch_cpu.dir/__/torch/cs
 │ │ rc/jit/api/module_save.cpp.o
 │ │ [1208/1431] Building CXX object caffe2/CMakeFiles/torch_cpu.dir/__/torch/cs
 │ │ rc/jit/serialization/export_module.cpp.o
 │ │ [1209/1431] Building CXX object caffe2/CMakeFiles/torch_cpu.dir/__/torch/cs
 │ │ rc/api/src/data/datasets/mnist.cpp.o
 │ │ [1210/1431] Building CXX object caffe2/CMakeFiles/torch_cpu.dir/__/torch/cs
 │ │ rc/api/src/data/samplers/distributed.cpp.o
 │ │ [1211/1431] Building CXX object caffe2/CMakeFiles/torch_cpu.dir/__/torch/cs
 │ │ rc/api/src/data/samplers/sequential.cpp.o
 │ │ [1212/1431] Building CXX object caffe2/CMakeFiles/torch_cpu.dir/__/torch/cs
 │ │ rc/api/src/enum.cpp.o
 │ │ [1213/1431] Building CXX object caffe2/CMakeFiles/torch_cpu.dir/__/torch/cs
 │ │ rc/api/src/data/samplers/random.cpp.o
 │ │ [1214/1431] Building CXX object caffe2/CMakeFiles/torch_cpu.dir/__/torch/cs
 │ │ rc/api/src/mps.cpp.o
 │ │ [1215/1431] Building CXX object caffe2/CMakeFiles/torch_cpu.dir/__/torch/cs
 │ │ rc/api/src/imethod.cpp.o
 │ │ [1216/1431] Building CXX object caffe2/CMakeFiles/torch_cpu.dir/__/torch/cs
 │ │ rc/api/src/data/samplers/stream.cpp.o
 │ │ [1217/1431] Building CXX object caffe2/CMakeFiles/torch_cpu.dir/__/torch/cs
 │ │ rc/api/src/serialize.cpp.o
 │ │ [1218/1431] Building CXX object caffe2/CMakeFiles/torch_cpu.dir/__/torch/cs
 │ │ rc/api/src/nn/init.cpp.o
 │ │ [1219/1431] Building CXX object caffe2/CMakeFiles/torch_cpu.dir/__/torch/cs
 │ │ rc/api/src/nn/module.cpp.o
 │ │ [1220/1431] Building CXX object caffe2/CMakeFiles/torch_cpu.dir/__/torch/cs
 │ │ rc/api/src/nn/modules/_functions.cpp.o
 │ │ [1221/1431] Building CXX object caffe2/CMakeFiles/torch_cpu.dir/__/torch/cs
 │ │ rc/api/src/nn/modules/adaptive.cpp.o
 │ │ [1222/1431] Building CXX object caffe2/CMakeFiles/torch_cpu.dir/__/torch/cs
 │ │ rc/api/src/nn/modules/activation.cpp.o
 │ │ [1223/1431] Building CXX object caffe2/CMakeFiles/torch_cpu.dir/__/torch/cs
 │ │ rc/api/src/nn/modules/batchnorm.cpp.o
 │ │ [1224/1431] Building CXX object caffe2/CMakeFiles/torch_cpu.dir/__/torch/cs
 │ │ rc/api/src/nn/modules/normalization.cpp.o
 │ │ [1225/1431] Building CXX object caffe2/CMakeFiles/torch_cpu.dir/__/torch/cs
 │ │ rc/api/src/nn/modules/instancenorm.cpp.o
 │ │ [1226/1431] Building CXX object caffe2/CMakeFiles/torch_cpu.dir/__/torch/cs
 │ │ rc/api/src/nn/modules/dropout.cpp.o
 │ │ [1227/1431] Building CXX object caffe2/CMakeFiles/torch_cpu.dir/__/torch/cs
 │ │ rc/api/src/nn/modules/conv.cpp.o
 │ │ [1228/1431] Building CXX object caffe2/CMakeFiles/torch_cpu.dir/__/torch/cs
 │ │ rc/api/src/nn/modules/distance.cpp.o
 │ │ [1229/1431] Building CXX object caffe2/CMakeFiles/torch_cpu.dir/__/torch/cs
 │ │ rc/api/src/nn/modules/embedding.cpp.o
 │ │ [1230/1431] Building CXX object caffe2/CMakeFiles/torch_cpu.dir/__/torch/cs
 │ │ rc/api/src/nn/modules/fold.cpp.o
 │ │ [1231/1431] Building CXX object caffe2/CMakeFiles/torch_cpu.dir/__/torch/cs
 │ │ rc/api/src/nn/modules/linear.cpp.o
 │ │ [1232/1431] Building CXX object caffe2/CMakeFiles/torch_cpu.dir/__/torch/cs
 │ │ rc/api/src/nn/modules/loss.cpp.o
 │ │ [1233/1431] Building CXX object caffe2/CMakeFiles/torch_cpu.dir/__/torch/cs
 │ │ rc/api/src/nn/modules/padding.cpp.o
 │ │ [1234/1431] Building CXX object caffe2/CMakeFiles/torch_cpu.dir/__/torch/cs
 │ │ rc/api/src/nn/modules/pixelshuffle.cpp.o
 │ │ [1235/1431] Building CXX object caffe2/CMakeFiles/torch_cpu.dir/__/torch/cs
 │ │ rc/api/src/nn/modules/pooling.cpp.o
 │ │ [1236/1431] Building CXX object caffe2/CMakeFiles/torch_cpu.dir/__/torch/cs
 │ │ rc/api/src/nn/modules/upsampling.cpp.o
 │ │ [1237/1431] Building CXX object caffe2/CMakeFiles/torch_cpu.dir/__/torch/cs
 │ │ rc/api/src/nn/modules/rnn.cpp.o
 │ │ [1238/1431] Building CXX object caffe2/CMakeFiles/torch_cpu.dir/__/torch/cs
 │ │ rc/api/src/nn/modules/transformer.cpp.o
 │ │ [1239/1431] Building CXX object caffe2/CMakeFiles/torch_cpu.dir/__/torch/cs
 │ │ rc/api/src/nn/modules/container/functional.cpp.o
 │ │ [1240/1431] Building CXX object caffe2/CMakeFiles/torch_cpu.dir/__/torch/cs
 │ │ rc/api/src/nn/options/activation.cpp.o
 │ │ [1241/1431] Building CXX object caffe2/CMakeFiles/torch_cpu.dir/__/torch/cs
 │ │ rc/api/src/nn/options/adaptive.cpp.o
 │ │ [1242/1431] Building CXX object caffe2/CMakeFiles/torch_cpu.dir/__/torch/cs
 │ │ rc/api/src/nn/options/batchnorm.cpp.o
 │ │ [1243/1431] Building CXX object caffe2/CMakeFiles/torch_cpu.dir/__/torch/cs
 │ │ rc/api/src/nn/options/embedding.cpp.o
 │ │ [1244/1431] Building CXX object caffe2/CMakeFiles/torch_cpu.dir/__/torch/cs
 │ │ rc/api/src/nn/options/instancenorm.cpp.o
 │ │ [1245/1431] Building CXX object caffe2/CMakeFiles/torch_cpu.dir/__/torch/cs
 │ │ rc/api/src/nn/options/normalization.cpp.o
 │ │ [1246/1431] Building CXX object caffe2/CMakeFiles/torch_cpu.dir/__/torch/cs
 │ │ rc/api/src/nn/options/conv.cpp.o
 │ │ [1247/1431] Building CXX object caffe2/CMakeFiles/torch_cpu.dir/__/torch/cs
 │ │ rc/api/src/nn/options/dropout.cpp.o
 │ │ [1248/1431] Building CXX object caffe2/CMakeFiles/torch_cpu.dir/__/torch/cs
 │ │ rc/api/src/nn/options/linear.cpp.o
 │ │ [1249/1431] Building CXX object caffe2/CMakeFiles/torch_cpu.dir/__/torch/cs
 │ │ rc/api/src/nn/options/padding.cpp.o
 │ │ [1250/1431] Building CXX object caffe2/CMakeFiles/torch_cpu.dir/__/torch/cs
 │ │ rc/api/src/nn/options/rnn.cpp.o
 │ │ [1251/1431] Building CXX object caffe2/CMakeFiles/torch_cpu.dir/__/torch/cs
 │ │ rc/api/src/nn/options/pooling.cpp.o
 │ │ [1252/1431] Building CXX object caffe2/CMakeFiles/torch_cpu.dir/__/torch/cs
 │ │ rc/api/src/nn/options/vision.cpp.o
 │ │ [1253/1431] Building CXX object caffe2/CMakeFiles/torch_cpu.dir/__/torch/cs
 │ │ rc/api/src/nn/options/transformer.cpp.o
 │ │ [1254/1431] Building CXX object caffe2/CMakeFiles/torch_cpu.dir/__/torch/cs
 │ │ rc/api/src/optim/adagrad.cpp.o
 │ │ [1255/1431] Building CXX object caffe2/CMakeFiles/torch_cpu.dir/__/torch/cs
 │ │ rc/api/src/optim/adam.cpp.o
 │ │ [1256/1431] Building CXX object caffe2/CMakeFiles/torch_cpu.dir/__/torch/cs
 │ │ rc/api/src/optim/adamw.cpp.o
 │ │ [1257/1431] Building CXX object caffe2/CMakeFiles/torch_cpu.dir/__/torch/cs
 │ │ rc/api/src/optim/optimizer.cpp.o
 │ │ [1258/1431] Building CXX object caffe2/CMakeFiles/torch_cpu.dir/__/torch/cs
 │ │ rc/api/src/optim/lbfgs.cpp.o
 │ │ [1259/1431] Building CXX object caffe2/CMakeFiles/torch_cpu.dir/__/torch/cs
 │ │ rc/api/src/optim/rmsprop.cpp.o
 │ │ [1260/1431] Building CXX object caffe2/CMakeFiles/torch_cpu.dir/__/torch/cs
 │ │ rc/api/src/optim/schedulers/lr_scheduler.cpp.o
 │ │ [1261/1431] Building CXX object caffe2/CMakeFiles/torch_cpu.dir/__/torch/cs
 │ │ rc/api/src/optim/schedulers/step_lr.cpp.o
 │ │ [1262/1431] Building CXX object caffe2/CMakeFiles/torch_cpu.dir/__/torch/cs
 │ │ rc/api/src/optim/serialize.cpp.o
 │ │ [1263/1431] Building CXX object caffe2/CMakeFiles/torch_cpu.dir/__/torch/cs
 │ │ rc/api/src/optim/schedulers/reduce_on_plateau_scheduler.cpp.o
 │ │ [1264/1431] Building CXX object caffe2/CMakeFiles/torch_cpu.dir/__/torch/cs
 │ │ rc/api/src/xpu.cpp.o
 │ │ [1265/1431] Linking CXX static library lib/libprotobuf.a
 │ │ [1266/1431] Building CXX object caffe2/CMakeFiles/torch.dir/__/empty.cpp.o
 │ │ [1267/1431] Building CXX object caffe2/CMakeFiles/torch_cpu.dir/__/torch/cs
 │ │ rc/api/src/optim/sgd.cpp.o
 │ │ [1268/1431] Generating /workspace/.src/pytorch/torch/utils/data/datapipes/d
 │ │ atapipe.pyi
 │ │ FAILED: [code=1] /workspace/.src/pytorch/torch/utils/data/datapipes/datapip
 │ │ e.pyi 
 │ │ cd /workspace/.src/pytorch && $BUILD_PREFIX/bin/cmake -E env PYTHONPATH="/w
 │ │ orkspace/.src/pytorch/torch/.." $BUILD_PREFIX/bin/python3 /workspace/.src/p
 │ │ ytorch/torch/utils/data/datapipes/gen_pyi.py
 │ │ Traceback (most recent call last):
 │ │   File "/workspace/.src/pytorch/torch/utils/data/datapipes/gen_pyi.py", lin
 │ │ e 6, in <module>
 │ │     from typing_extensions import deprecated
 │ │ ModuleNotFoundError: No module named 'typing_extensions'
 │ │ [1269/1431] Generating /workspace/.src/pytorch/torch/_C/__init__.pyi, /work
 │ │ space/.src/pytorch/torch/_C/_VariableFunctions.pyi, /workspace/.src/pytorch
 │ │ /torch/nn/functional.pyi
 │ │ [1270/1431] Building CXX object caffe2/CMakeFiles/torch_cpu.dir/__/torch/cs
 │ │ rc/api/src/serialize/input-archive.cpp.o
 │ │ [1271/1431] Building CXX object caffe2/CMakeFiles/torch_cpu.dir/__/torch/cs
 │ │ rc/api/src/serialize/output-archive.cpp.o
 │ │ ninja: build stopped: subcommand failed.
 │ │ emmake: error: 'cmake --build /workspace/.torch-build --target torch_python
 │ │  -j 4' failed (returned 1)
 │ │ × error Script failed with status 1
 │ │ × error 
 │ │ × error Script execution failed.
 │ │ × error 
 │ │ × error   Work directory: /workspace/.ef-recipes/output/bld/rattler-build_py
 │ │ × error torch_1790114126/work
 │ │ × error   Prefix: /workspace/.ef-recipes/output/bld/rattler-build_pytorch_17
 │ │ × error 90114126/host_env_placehold_placehold_placehold_placehold_placehold_
 │ │ × error placehold_placehold_placehold_placehold_placehold_placehold_placehol
 │ │ × error d_placehold_placehold_placehold_placehold_placehold_placehold
 │ │ × error   Build prefix: /workspace/.ef-recipes/output/bld/rattler-build_pyto
 │ │ × error rch_1790114126/build_env
 │ │ × error 
 │ │ × error To run the script manually, use the following command:
 │ │ × error 
 │ │ × error   cd "/workspace/.ef-recipes/output/bld/rattler-build_pytorch_179011
 │ │ × error 4126/work" && ./conda_build.sh
 │ │ × error 
 │ │ × error To run commands interactively in the build environment:
 │ │ × error 
 │ │ × error   cd "/workspace/.ef-recipes/output/bld/rattler-build_pytorch_179011
 │ │ × error 4126/work" && source build_env.sh
 │ │
 │ ╰─────────────────── (took 22 minutes)
 │
 ╰─────────────────── (took 22 minutes)
Error:   × Script failed to execute

RB_EXIT=1
