[2026-09-22 18:42:29] Building package torch...                                 
Running build script in                                                         
/home/ubuntu/pyodide-recipes/packages/torch/build/torch-2.8.0                   
875:  add_library(Python::Module INTERFACE IMPORTED)  # PYODIDE_PROBE_PYTHON_MODULE_STUB
377:#if defined(NDEBUG) && !defined(__EMSCRIPTEN__) // PYODIDE_PROBE_EMSCRIPTEN_ASSERT
CMake Deprecation Warning at CMakeLists.txt:2 (cmake_minimum_required):
  Compatibility with CMake < 3.5 will be removed from a future version of
  CMake.

  Update the VERSION argument <min> value or use a ...<max> suffix to tell
  CMake that the project does not need compatibility with older versions.


-- The C compiler identification is GNU 13.3.0
-- The CXX compiler identification is GNU 13.3.0
-- Detecting C compiler ABI info
-- Detecting C compiler ABI info - done
-- Check for working C compiler: /usr/bin/gcc - skipped
-- Detecting C compile features
-- Detecting C compile features - done
-- Detecting CXX compiler ABI info
-- Detecting CXX compiler ABI info - done
-- Check for working CXX compiler: /usr/bin/g++ - skipped
-- Detecting CXX compile features
-- Detecting CXX compile features - done
-- 
-- 3.13.0.0
-- Performing Test CMAKE_HAVE_LIBC_PTHREAD
-- Performing Test CMAKE_HAVE_LIBC_PTHREAD - Success
-- Found Threads: TRUE  
-- Found ZLIB: /usr/lib/x86_64-linux-gnu/libz.so (found version "1.3")  
-- Performing Test protobuf_HAVE_BUILTIN_ATOMICS
-- Performing Test protobuf_HAVE_BUILTIN_ATOMICS - Success
-- Configuring done (0.8s)
-- Generating done (0.0s)
-- Build files have been written to: /home/ubuntu/pyodide-recipes/packages/torch/build/torch-2.8.0/build_host_protoc/build
[1/165] Building CXX object CMakeFiles/libprotobuf.dir/home/ubuntu/pyodide-recipes/packages/torch/build/torch-2.8.0/third_party/protobuf/src/google/protobuf/generated_enum_util.cc.o
[2/165] Building CXX object CMakeFiles/libprotobuf.dir/home/ubuntu/pyodide-recipes/packages/torch/build/torch-2.8.0/third_party/protobuf/src/google/protobuf/any_lite.cc.o
[3/165] Building CXX object CMakeFiles/libprotobuf.dir/home/ubuntu/pyodide-recipes/packages/torch/build/torch-2.8.0/third_party/protobuf/src/google/protobuf/arena.cc.o
[4/165] Building CXX object CMakeFiles/libprotobuf.dir/home/ubuntu/pyodide-recipes/packages/torch/build/torch-2.8.0/third_party/protobuf/src/google/protobuf/implicit_weak_message.cc.o
[5/165] Building CXX object CMakeFiles/libprotobuf.dir/home/ubuntu/pyodide-recipes/packages/torch/build/torch-2.8.0/third_party/protobuf/src/google/protobuf/io/coded_stream.cc.o
[6/165] Building CXX object CMakeFiles/libprotobuf.dir/home/ubuntu/pyodide-recipes/packages/torch/build/torch-2.8.0/third_party/protobuf/src/google/protobuf/io/io_win32.cc.o
[7/165] Building CXX object CMakeFiles/libprotobuf.dir/home/ubuntu/pyodide-recipes/packages/torch/build/torch-2.8.0/third_party/protobuf/src/google/protobuf/generated_message_util.cc.o
[8/165] Building CXX object CMakeFiles/libprotobuf.dir/home/ubuntu/pyodide-recipes/packages/torch/build/torch-2.8.0/third_party/protobuf/src/google/protobuf/io/strtod.cc.o
[9/165] Building CXX object CMakeFiles/libprotobuf.dir/home/ubuntu/pyodide-recipes/packages/torch/build/torch-2.8.0/third_party/protobuf/src/google/protobuf/io/zero_copy_stream.cc.o
[10/165] Building CXX object CMakeFiles/libprotobuf.dir/home/ubuntu/pyodide-recipes/packages/torch/build/torch-2.8.0/third_party/protobuf/src/google/protobuf/extension_set.cc.o
[11/165] Building CXX object CMakeFiles/libprotobuf.dir/home/ubuntu/pyodide-recipes/packages/torch/build/torch-2.8.0/third_party/protobuf/src/google/protobuf/io/zero_copy_stream_impl.cc.o
[12/165] Building CXX object CMakeFiles/libprotobuf.dir/home/ubuntu/pyodide-recipes/packages/torch/build/torch-2.8.0/third_party/protobuf/src/google/protobuf/io/zero_copy_stream_impl_lite.cc.o
[13/165] Building CXX object CMakeFiles/libprotobuf.dir/home/ubuntu/pyodide-recipes/packages/torch/build/torch-2.8.0/third_party/protobuf/src/google/protobuf/generated_message_table_driven_lite.cc.o
[14/165] Building CXX object CMakeFiles/libprotobuf.dir/home/ubuntu/pyodide-recipes/packages/torch/build/torch-2.8.0/third_party/protobuf/src/google/protobuf/stubs/bytestream.cc.o
[15/165] Building CXX object CMakeFiles/libprotobuf.dir/home/ubuntu/pyodide-recipes/packages/torch/build/torch-2.8.0/third_party/protobuf/src/google/protobuf/message_lite.cc.o
In file included from /usr/include/string.h:548,
                 from /home/ubuntu/pyodide-recipes/packages/torch/build/torch-2.8.0/third_party/protobuf/src/google/protobuf/stubs/port.h:39,
                 from /home/ubuntu/pyodide-recipes/packages/torch/build/torch-2.8.0/third_party/protobuf/src/google/protobuf/stubs/macros.h:34,
                 from /home/ubuntu/pyodide-recipes/packages/torch/build/torch-2.8.0/third_party/protobuf/src/google/protobuf/stubs/common.h:46,
                 from /home/ubuntu/pyodide-recipes/packages/torch/build/torch-2.8.0/third_party/protobuf/src/google/protobuf/message_lite.h:45,
                 from /home/ubuntu/pyodide-recipes/packages/torch/build/torch-2.8.0/third_party/protobuf/src/google/protobuf/message_lite.cc:36:
In function 'void* memcpy(void*, const void*, size_t)',
    inlined from 'google::protobuf::uint8* google::protobuf::io::EpsCopyOutputStream::WriteRaw(const void*, int, google::protobuf::uint8*)' at /home/ubuntu/pyodide-recipes/packages/torch/build/torch-2.8.0/third_party/protobuf/src/google/protobuf/io/coded_stream.h:699:16,
    inlined from 'virtual google::protobuf::uint8* google::protobuf::internal::ImplicitWeakMessage::_InternalSerialize(google::protobuf::uint8*, google::protobuf::io::EpsCopyOutputStream*) const' at /home/ubuntu/pyodide-recipes/packages/torch/build/torch-2.8.0/third_party/protobuf/src/google/protobuf/implicit_weak_message.h:85:28,
    inlined from 'bool google::protobuf::MessageLite::SerializePartialToZeroCopyStream(google::protobuf::io::ZeroCopyOutputStream*) const' at /home/ubuntu/pyodide-recipes/packages/torch/build/torch-2.8.0/third_party/protobuf/src/google/protobuf/message_lite.cc:419:30:
/usr/include/x86_64-linux-gnu/bits/string_fortified.h:29:33: warning: 'void* __builtin___memcpy_chk(void*, const void*, long unsigned int, long unsigned int)' specified size between 18446744071562067968 and 18446744073709551615 exceeds maximum object size 9223372036854775807 [-Wstringop-overflow=]
   29 |   return __builtin___memcpy_chk (__dest, __src, __len,
      |          ~~~~~~~~~~~~~~~~~~~~~~~^~~~~~~~~~~~~~~~~~~~~~
   30 |                                  __glibc_objsize0 (__dest));
      |                                  ~~~~~~~~~~~~~~~~~~~~~~~~~~
[16/165] Building CXX object CMakeFiles/libprotobuf.dir/home/ubuntu/pyodide-recipes/packages/torch/build/torch-2.8.0/third_party/protobuf/src/google/protobuf/stubs/common.cc.o
[17/165] Building CXX object CMakeFiles/libprotobuf.dir/home/ubuntu/pyodide-recipes/packages/torch/build/torch-2.8.0/third_party/protobuf/src/google/protobuf/parse_context.cc.o
[18/165] Building CXX object CMakeFiles/libprotobuf.dir/home/ubuntu/pyodide-recipes/packages/torch/build/torch-2.8.0/third_party/protobuf/src/google/protobuf/stubs/int128.cc.o
[19/165] Building CXX object CMakeFiles/libprotobuf.dir/home/ubuntu/pyodide-recipes/packages/torch/build/torch-2.8.0/third_party/protobuf/src/google/protobuf/stubs/statusor.cc.o
[20/165] Building CXX object CMakeFiles/libprotobuf.dir/home/ubuntu/pyodide-recipes/packages/torch/build/torch-2.8.0/third_party/protobuf/src/google/protobuf/stubs/status.cc.o
[21/165] Building CXX object CMakeFiles/libprotobuf.dir/home/ubuntu/pyodide-recipes/packages/torch/build/torch-2.8.0/third_party/protobuf/src/google/protobuf/stubs/stringpiece.cc.o
[22/165] Building CXX object CMakeFiles/libprotobuf.dir/home/ubuntu/pyodide-recipes/packages/torch/build/torch-2.8.0/third_party/protobuf/src/google/protobuf/stubs/stringprintf.cc.o
[23/165] Building CXX object CMakeFiles/libprotobuf.dir/home/ubuntu/pyodide-recipes/packages/torch/build/torch-2.8.0/third_party/protobuf/src/google/protobuf/stubs/structurally_valid.cc.o
[24/165] Building CXX object CMakeFiles/libprotobuf.dir/home/ubuntu/pyodide-recipes/packages/torch/build/torch-2.8.0/third_party/protobuf/src/google/protobuf/repeated_field.cc.o
In file included from /usr/include/string.h:548,
                 from /home/ubuntu/pyodide-recipes/packages/torch/build/torch-2.8.0/third_party/protobuf/src/google/protobuf/stubs/port.h:39,
                 from /home/ubuntu/pyodide-recipes/packages/torch/build/torch-2.8.0/third_party/protobuf/src/google/protobuf/stubs/macros.h:34,
                 from /home/ubuntu/pyodide-recipes/packages/torch/build/torch-2.8.0/third_party/protobuf/src/google/protobuf/stubs/logging.h:34,
                 from /home/ubuntu/pyodide-recipes/packages/torch/build/torch-2.8.0/third_party/protobuf/src/google/protobuf/repeated_field.h:60,
                 from /home/ubuntu/pyodide-recipes/packages/torch/build/torch-2.8.0/third_party/protobuf/src/google/protobuf/repeated_field.cc:35:
In function 'void* memcpy(void*, const void*, size_t)',
    inlined from 'void google::protobuf::internal::ElementCopier<Element, true>::operator()(Element*, const Element*, int) [with Element = bool]' at /home/ubuntu/pyodide-recipes/packages/torch/build/torch-2.8.0/third_party/protobuf/src/google/protobuf/repeated_field.h:1641:11,
    inlined from 'void google::protobuf::RepeatedField<Element>::CopyArray(Element*, const Element*, int) [with Element = bool]' at /home/ubuntu/pyodide-recipes/packages/torch/build/torch-2.8.0/third_party/protobuf/src/google/protobuf/repeated_field.h:1626:37,
    inlined from 'void google::protobuf::RepeatedField<Element>::MoveArray(Element*, Element*, int) [with Element = bool]' at /home/ubuntu/pyodide-recipes/packages/torch/build/torch-2.8.0/third_party/protobuf/src/google/protobuf/repeated_field.h:1620:12,
    inlined from 'void google::protobuf::RepeatedField<Element>::Reserve(int) [with Element = bool]' at /home/ubuntu/pyodide-recipes/packages/torch/build/torch-2.8.0/third_party/protobuf/src/google/protobuf/repeated_field.h:1601:14,
    inlined from 'google::protobuf::RepeatedField<Element>::RepeatedField(const google::protobuf::RepeatedField<Element>&) [with Element = bool]' at /home/ubuntu/pyodide-recipes/packages/torch/build/torch-2.8.0/third_party/protobuf/src/google/protobuf/repeated_field.h:1196:12:
/usr/include/x86_64-linux-gnu/bits/string_fortified.h:29:33: warning: 'void* __builtin_memcpy(void*, const void*, long unsigned int)' reading between 1 and 2147483647 bytes from a region of size 0 [-Wstringop-overread]
   29 |   return __builtin___memcpy_chk (__dest, __src, __len,
      |          ~~~~~~~~~~~~~~~~~~~~~~~^~~~~~~~~~~~~~~~~~~~~~
   30 |                                  __glibc_objsize0 (__dest));
      |                                  ~~~~~~~~~~~~~~~~~~~~~~~~~~
In copy constructor 'google::protobuf::RepeatedField<Element>::RepeatedField(const google::protobuf::RepeatedField<Element>&) [with Element = bool]':
cc1plus: note: source object is likely at address zero
In function 'void* memcpy(void*, const void*, size_t)',
    inlined from 'void google::protobuf::internal::ElementCopier<Element, true>::operator()(Element*, const Element*, int) [with Element = int]' at /home/ubuntu/pyodide-recipes/packages/torch/build/torch-2.8.0/third_party/protobuf/src/google/protobuf/repeated_field.h:1641:11,
    inlined from 'void google::protobuf::RepeatedField<Element>::CopyArray(Element*, const Element*, int) [with Element = int]' at /home/ubuntu/pyodide-recipes/packages/torch/build/torch-2.8.0/third_party/protobuf/src/google/protobuf/repeated_field.h:1626:37,
    inlined from 'void google::protobuf::RepeatedField<Element>::MoveArray(Element*, Element*, int) [with Element = int]' at /home/ubuntu/pyodide-recipes/packages/torch/build/torch-2.8.0/third_party/protobuf/src/google/protobuf/repeated_field.h:1620:12,
    inlined from 'void google::protobuf::RepeatedField<Element>::Reserve(int) [with Element = int]' at /home/ubuntu/pyodide-recipes/packages/torch/build/torch-2.8.0/third_party/protobuf/src/google/protobuf/repeated_field.h:1601:14,
    inlined from 'google::protobuf::RepeatedField<Element>::RepeatedField(const google::protobuf::RepeatedField<Element>&) [with Element = int]' at /home/ubuntu/pyodide-recipes/packages/torch/build/torch-2.8.0/third_party/protobuf/src/google/protobuf/repeated_field.h:1196:12:
/usr/include/x86_64-linux-gnu/bits/string_fortified.h:29:33: warning: 'void* __builtin_memcpy(void*, const void*, long unsigned int)' reading between 4 and 8589934588 bytes from a region of size 0 [-Wstringop-overread]
   29 |   return __builtin___memcpy_chk (__dest, __src, __len,
      |          ~~~~~~~~~~~~~~~~~~~~~~~^~~~~~~~~~~~~~~~~~~~~~
   30 |                                  __glibc_objsize0 (__dest));
      |                                  ~~~~~~~~~~~~~~~~~~~~~~~~~~
In copy constructor 'google::protobuf::RepeatedField<Element>::RepeatedField(const google::protobuf::RepeatedField<Element>&) [with Element = int]':
cc1plus: note: source object is likely at address zero
In function 'void* memcpy(void*, const void*, size_t)',
    inlined from 'void google::protobuf::internal::ElementCopier<Element, true>::operator()(Element*, const Element*, int) [with Element = unsigned int]' at /home/ubuntu/pyodide-recipes/packages/torch/build/torch-2.8.0/third_party/protobuf/src/google/protobuf/repeated_field.h:1641:11,
    inlined from 'void google::protobuf::RepeatedField<Element>::CopyArray(Element*, const Element*, int) [with Element = unsigned int]' at /home/ubuntu/pyodide-recipes/packages/torch/build/torch-2.8.0/third_party/protobuf/src/google/protobuf/repeated_field.h:1626:37,
    inlined from 'void google::protobuf::RepeatedField<Element>::MoveArray(Element*, Element*, int) [with Element = unsigned int]' at /home/ubuntu/pyodide-recipes/packages/torch/build/torch-2.8.0/third_party/protobuf/src/google/protobuf/repeated_field.h:1620:12,
    inlined from 'void google::protobuf::RepeatedField<Element>::Reserve(int) [with Element = unsigned int]' at /home/ubuntu/pyodide-recipes/packages/torch/build/torch-2.8.0/third_party/protobuf/src/google/protobuf/repeated_field.h:1601:14,
    inlined from 'google::protobuf::RepeatedField<Element>::RepeatedField(const google::protobuf::RepeatedField<Element>&) [with Element = unsigned int]' at /home/ubuntu/pyodide-recipes/packages/torch/build/torch-2.8.0/third_party/protobuf/src/google/protobuf/repeated_field.h:1196:12:
/usr/include/x86_64-linux-gnu/bits/string_fortified.h:29:33: warning: 'void* __builtin_memcpy(void*, const void*, long unsigned int)' reading between 4 and 8589934588 bytes from a region of size 0 [-Wstringop-overread]
   29 |   return __builtin___memcpy_chk (__dest, __src, __len,
      |          ~~~~~~~~~~~~~~~~~~~~~~~^~~~~~~~~~~~~~~~~~~~~~
   30 |                                  __glibc_objsize0 (__dest));
      |                                  ~~~~~~~~~~~~~~~~~~~~~~~~~~
In copy constructor 'google::protobuf::RepeatedField<Element>::RepeatedField(const google::protobuf::RepeatedField<Element>&) [with Element = unsigned int]':
cc1plus: note: source object is likely at address zero
In function 'void* memcpy(void*, const void*, size_t)',
    inlined from 'void google::protobuf::internal::ElementCopier<Element, true>::operator()(Element*, const Element*, int) [with Element = long int]' at /home/ubuntu/pyodide-recipes/packages/torch/build/torch-2.8.0/third_party/protobuf/src/google/protobuf/repeated_field.h:1641:11,
    inlined from 'void google::protobuf::RepeatedField<Element>::CopyArray(Element*, const Element*, int) [with Element = long int]' at /home/ubuntu/pyodide-recipes/packages/torch/build/torch-2.8.0/third_party/protobuf/src/google/protobuf/repeated_field.h:1626:37,
    inlined from 'void google::protobuf::RepeatedField<Element>::MoveArray(Element*, Element*, int) [with Element = long int]' at /home/ubuntu/pyodide-recipes/packages/torch/build/torch-2.8.0/third_party/protobuf/src/google/protobuf/repeated_field.h:1620:12,
    inlined from 'void google::protobuf::RepeatedField<Element>::Reserve(int) [with Element = long int]' at /home/ubuntu/pyodide-recipes/packages/torch/build/torch-2.8.0/third_party/protobuf/src/google/protobuf/repeated_field.h:1601:14,
    inlined from 'google::protobuf::RepeatedField<Element>::RepeatedField(const google::protobuf::RepeatedField<Element>&) [with Element = long int]' at /home/ubuntu/pyodide-recipes/packages/torch/build/torch-2.8.0/third_party/protobuf/src/google/protobuf/repeated_field.h:1196:12:
/usr/include/x86_64-linux-gnu/bits/string_fortified.h:29:33: warning: 'void* __builtin_memcpy(void*, const void*, long unsigned int)' reading between 8 and 17179869176 bytes from a region of size 0 [-Wstringop-overread]
   29 |   return __builtin___memcpy_chk (__dest, __src, __len,
      |          ~~~~~~~~~~~~~~~~~~~~~~~^~~~~~~~~~~~~~~~~~~~~~
   30 |                                  __glibc_objsize0 (__dest));
      |                                  ~~~~~~~~~~~~~~~~~~~~~~~~~~
In copy constructor 'google::protobuf::RepeatedField<Element>::RepeatedField(const google::protobuf::RepeatedField<Element>&) [with Element = long int]':
cc1plus: note: source object is likely at address zero
In function 'void* memcpy(void*, const void*, size_t)',
    inlined from 'void google::protobuf::internal::ElementCopier<Element, true>::operator()(Element*, const Element*, int) [with Element = long unsigned int]' at /home/ubuntu/pyodide-recipes/packages/torch/build/torch-2.8.0/third_party/protobuf/src/google/protobuf/repeated_field.h:1641:11,
    inlined from 'void google::protobuf::RepeatedField<Element>::CopyArray(Element*, const Element*, int) [with Element = long unsigned int]' at /home/ubuntu/pyodide-recipes/packages/torch/build/torch-2.8.0/third_party/protobuf/src/google/protobuf/repeated_field.h:1626:37,
    inlined from 'void google::protobuf::RepeatedField<Element>::MoveArray(Element*, Element*, int) [with Element = long unsigned int]' at /home/ubuntu/pyodide-recipes/packages/torch/build/torch-2.8.0/third_party/protobuf/src/google/protobuf/repeated_field.h:1620:12,
    inlined from 'void google::protobuf::RepeatedField<Element>::Reserve(int) [with Element = long unsigned int]' at /home/ubuntu/pyodide-recipes/packages/torch/build/torch-2.8.0/third_party/protobuf/src/google/protobuf/repeated_field.h:1601:14,
    inlined from 'google::protobuf::RepeatedField<Element>::RepeatedField(const google::protobuf::RepeatedField<Element>&) [with Element = long unsigned int]' at /home/ubuntu/pyodide-recipes/packages/torch/build/torch-2.8.0/third_party/protobuf/src/google/protobuf/repeated_field.h:1196:12:
/usr/include/x86_64-linux-gnu/bits/string_fortified.h:29:33: warning: 'void* __builtin_memcpy(void*, const void*, long unsigned int)' reading between 8 and 17179869176 bytes from a region of size 0 [-Wstringop-overread]
   29 |   return __builtin___memcpy_chk (__dest, __src, __len,
      |          ~~~~~~~~~~~~~~~~~~~~~~~^~~~~~~~~~~~~~~~~~~~~~
   30 |                                  __glibc_objsize0 (__dest));
      |                                  ~~~~~~~~~~~~~~~~~~~~~~~~~~
In copy constructor 'google::protobuf::RepeatedField<Element>::RepeatedField(const google::protobuf::RepeatedField<Element>&) [with Element = long unsigned int]':
cc1plus: note: source object is likely at address zero
In function 'void* memcpy(void*, const void*, size_t)',
    inlined from 'void google::protobuf::internal::ElementCopier<Element, true>::operator()(Element*, const Element*, int) [with Element = float]' at /home/ubuntu/pyodide-recipes/packages/torch/build/torch-2.8.0/third_party/protobuf/src/google/protobuf/repeated_field.h:1641:11,
    inlined from 'void google::protobuf::RepeatedField<Element>::CopyArray(Element*, const Element*, int) [with Element = float]' at /home/ubuntu/pyodide-recipes/packages/torch/build/torch-2.8.0/third_party/protobuf/src/google/protobuf/repeated_field.h:1626:37,
    inlined from 'void google::protobuf::RepeatedField<Element>::MoveArray(Element*, Element*, int) [with Element = float]' at /home/ubuntu/pyodide-recipes/packages/torch/build/torch-2.8.0/third_party/protobuf/src/google/protobuf/repeated_field.h:1620:12,
    inlined from 'void google::protobuf::RepeatedField<Element>::Reserve(int) [with Element = float]' at /home/ubuntu/pyodide-recipes/packages/torch/build/torch-2.8.0/third_party/protobuf/src/google/protobuf/repeated_field.h:1601:14,
    inlined from 'google::protobuf::RepeatedField<Element>::RepeatedField(const google::protobuf::RepeatedField<Element>&) [with Element = float]' at /home/ubuntu/pyodide-recipes/packages/torch/build/torch-2.8.0/third_party/protobuf/src/google/protobuf/repeated_field.h:1196:12:
/usr/include/x86_64-linux-gnu/bits/string_fortified.h:29:33: warning: 'void* __builtin_memcpy(void*, const void*, long unsigned int)' reading between 4 and 8589934588 bytes from a region of size 0 [-Wstringop-overread]
   29 |   return __builtin___memcpy_chk (__dest, __src, __len,
      |          ~~~~~~~~~~~~~~~~~~~~~~~^~~~~~~~~~~~~~~~~~~~~~
   30 |                                  __glibc_objsize0 (__dest));
      |                                  ~~~~~~~~~~~~~~~~~~~~~~~~~~
In copy constructor 'google::protobuf::RepeatedField<Element>::RepeatedField(const google::protobuf::RepeatedField<Element>&) [with Element = float]':
cc1plus: note: source object is likely at address zero
In function 'void* memcpy(void*, const void*, size_t)',
    inlined from 'void google::protobuf::internal::ElementCopier<Element, true>::operator()(Element*, const Element*, int) [with Element = double]' at /home/ubuntu/pyodide-recipes/packages/torch/build/torch-2.8.0/third_party/protobuf/src/google/protobuf/repeated_field.h:1641:11,
    inlined from 'void google::protobuf::RepeatedField<Element>::CopyArray(Element*, const Element*, int) [with Element = double]' at /home/ubuntu/pyodide-recipes/packages/torch/build/torch-2.8.0/third_party/protobuf/src/google/protobuf/repeated_field.h:1626:37,
    inlined from 'void google::protobuf::RepeatedField<Element>::MoveArray(Element*, Element*, int) [with Element = double]' at /home/ubuntu/pyodide-recipes/packages/torch/build/torch-2.8.0/third_party/protobuf/src/google/protobuf/repeated_field.h:1620:12,
    inlined from 'void google::protobuf::RepeatedField<Element>::Reserve(int) [with Element = double]' at /home/ubuntu/pyodide-recipes/packages/torch/build/torch-2.8.0/third_party/protobuf/src/google/protobuf/repeated_field.h:1601:14,
    inlined from 'google::protobuf::RepeatedField<Element>::RepeatedField(const google::protobuf::RepeatedField<Element>&) [with Element = double]' at /home/ubuntu/pyodide-recipes/packages/torch/build/torch-2.8.0/third_party/protobuf/src/google/protobuf/repeated_field.h:1196:12:
/usr/include/x86_64-linux-gnu/bits/string_fortified.h:29:33: warning: 'void* __builtin_memcpy(void*, const void*, long unsigned int)' reading between 8 and 17179869176 bytes from a region of size 0 [-Wstringop-overread]
   29 |   return __builtin___memcpy_chk (__dest, __src, __len,
      |          ~~~~~~~~~~~~~~~~~~~~~~~^~~~~~~~~~~~~~~~~~~~~~
   30 |                                  __glibc_objsize0 (__dest));
      |                                  ~~~~~~~~~~~~~~~~~~~~~~~~~~
In copy constructor 'google::protobuf::RepeatedField<Element>::RepeatedField(const google::protobuf::RepeatedField<Element>&) [with Element = double]':
cc1plus: note: source object is likely at address zero
[25/165] Building CXX object CMakeFiles/libprotobuf.dir/home/ubuntu/pyodide-recipes/packages/torch/build/torch-2.8.0/third_party/protobuf/src/google/protobuf/stubs/time.cc.o
[26/165] Building CXX object CMakeFiles/libprotobuf.dir/home/ubuntu/pyodide-recipes/packages/torch/build/torch-2.8.0/third_party/protobuf/src/google/protobuf/any.cc.o
[27/165] Building CXX object CMakeFiles/libprotobuf.dir/home/ubuntu/pyodide-recipes/packages/torch/build/torch-2.8.0/third_party/protobuf/src/google/protobuf/wire_format_lite.cc.o
[28/165] Building CXX object CMakeFiles/libprotobuf.dir/home/ubuntu/pyodide-recipes/packages/torch/build/torch-2.8.0/third_party/protobuf/src/google/protobuf/any.pb.cc.o
[29/165] Building CXX object CMakeFiles/libprotobuf.dir/home/ubuntu/pyodide-recipes/packages/torch/build/torch-2.8.0/third_party/protobuf/src/google/protobuf/stubs/strutil.cc.o
[30/165] Building CXX object CMakeFiles/libprotobuf.dir/home/ubuntu/pyodide-recipes/packages/torch/build/torch-2.8.0/third_party/protobuf/src/google/protobuf/api.pb.cc.o
[31/165] Building CXX object CMakeFiles/libprotobuf.dir/home/ubuntu/pyodide-recipes/packages/torch/build/torch-2.8.0/third_party/protobuf/src/google/protobuf/compiler/importer.cc.o
[32/165] Building CXX object CMakeFiles/libprotobuf.dir/home/ubuntu/pyodide-recipes/packages/torch/build/torch-2.8.0/third_party/protobuf/src/google/protobuf/compiler/parser.cc.o
[33/165] Building CXX object CMakeFiles/libprotobuf.dir/home/ubuntu/pyodide-recipes/packages/torch/build/torch-2.8.0/third_party/protobuf/src/google/protobuf/duration.pb.cc.o
[34/165] Building CXX object CMakeFiles/libprotobuf.dir/home/ubuntu/pyodide-recipes/packages/torch/build/torch-2.8.0/third_party/protobuf/src/google/protobuf/descriptor_database.cc.o
[35/165] Building CXX object CMakeFiles/libprotobuf.dir/home/ubuntu/pyodide-recipes/packages/torch/build/torch-2.8.0/third_party/protobuf/src/google/protobuf/empty.pb.cc.o
[36/165] Building CXX object CMakeFiles/libprotobuf.dir/home/ubuntu/pyodide-recipes/packages/torch/build/torch-2.8.0/third_party/protobuf/src/google/protobuf/dynamic_message.cc.o
[37/165] Building CXX object CMakeFiles/libprotobuf.dir/home/ubuntu/pyodide-recipes/packages/torch/build/torch-2.8.0/third_party/protobuf/src/google/protobuf/field_mask.pb.cc.o
[38/165] Building CXX object CMakeFiles/libprotobuf.dir/home/ubuntu/pyodide-recipes/packages/torch/build/torch-2.8.0/third_party/protobuf/src/google/protobuf/extension_set_heavy.cc.o
[39/165] Building CXX object CMakeFiles/libprotobuf.dir/home/ubuntu/pyodide-recipes/packages/torch/build/torch-2.8.0/third_party/protobuf/src/google/protobuf/descriptor.pb.cc.o
[40/165] Building CXX object CMakeFiles/libprotobuf.dir/home/ubuntu/pyodide-recipes/packages/torch/build/torch-2.8.0/third_party/protobuf/src/google/protobuf/io/gzip_stream.cc.o
[41/165] Building CXX object CMakeFiles/libprotobuf.dir/home/ubuntu/pyodide-recipes/packages/torch/build/torch-2.8.0/third_party/protobuf/src/google/protobuf/generated_message_table_driven.cc.o
[42/165] Building CXX object CMakeFiles/libprotobuf.dir/home/ubuntu/pyodide-recipes/packages/torch/build/torch-2.8.0/third_party/protobuf/src/google/protobuf/io/printer.cc.o
[43/165] Building CXX object CMakeFiles/libprotobuf.dir/home/ubuntu/pyodide-recipes/packages/torch/build/torch-2.8.0/third_party/protobuf/src/google/protobuf/generated_message_reflection.cc.o
[44/165] Building CXX object CMakeFiles/libprotobuf.dir/home/ubuntu/pyodide-recipes/packages/torch/build/torch-2.8.0/third_party/protobuf/src/google/protobuf/io/tokenizer.cc.o
[45/165] Building CXX object CMakeFiles/libprotobuf.dir/home/ubuntu/pyodide-recipes/packages/torch/build/torch-2.8.0/third_party/protobuf/src/google/protobuf/descriptor.cc.o
[46/165] Building CXX object CMakeFiles/libprotobuf.dir/home/ubuntu/pyodide-recipes/packages/torch/build/torch-2.8.0/third_party/protobuf/src/google/protobuf/message.cc.o
[47/165] Building CXX object CMakeFiles/libprotobuf.dir/home/ubuntu/pyodide-recipes/packages/torch/build/torch-2.8.0/third_party/protobuf/src/google/protobuf/reflection_ops.cc.o
[48/165] Building CXX object CMakeFiles/libprotobuf.dir/home/ubuntu/pyodide-recipes/packages/torch/build/torch-2.8.0/third_party/protobuf/src/google/protobuf/map_field.cc.o
[49/165] Building CXX object CMakeFiles/libprotobuf.dir/home/ubuntu/pyodide-recipes/packages/torch/build/torch-2.8.0/third_party/protobuf/src/google/protobuf/service.cc.o
[50/165] Building CXX object CMakeFiles/libprotobuf.dir/home/ubuntu/pyodide-recipes/packages/torch/build/torch-2.8.0/third_party/protobuf/src/google/protobuf/stubs/substitute.cc.o
[51/165] Building CXX object CMakeFiles/libprotobuf.dir/home/ubuntu/pyodide-recipes/packages/torch/build/torch-2.8.0/third_party/protobuf/src/google/protobuf/source_context.pb.cc.o
[52/165] Building CXX object CMakeFiles/libprotobuf.dir/home/ubuntu/pyodide-recipes/packages/torch/build/torch-2.8.0/third_party/protobuf/src/google/protobuf/timestamp.pb.cc.o
[53/165] Building CXX object CMakeFiles/libprotobuf.dir/home/ubuntu/pyodide-recipes/packages/torch/build/torch-2.8.0/third_party/protobuf/src/google/protobuf/unknown_field_set.cc.o
[54/165] Building CXX object CMakeFiles/libprotobuf.dir/home/ubuntu/pyodide-recipes/packages/torch/build/torch-2.8.0/third_party/protobuf/src/google/protobuf/util/delimited_message_util.cc.o
[55/165] Building CXX object CMakeFiles/libprotobuf.dir/home/ubuntu/pyodide-recipes/packages/torch/build/torch-2.8.0/third_party/protobuf/src/google/protobuf/type.pb.cc.o
[56/165] Building CXX object CMakeFiles/libprotobuf.dir/home/ubuntu/pyodide-recipes/packages/torch/build/torch-2.8.0/third_party/protobuf/src/google/protobuf/struct.pb.cc.o
[57/165] Building CXX object CMakeFiles/libprotobuf.dir/home/ubuntu/pyodide-recipes/packages/torch/build/torch-2.8.0/third_party/protobuf/src/google/protobuf/util/field_comparator.cc.o
[58/165] Building CXX object CMakeFiles/libprotobuf.dir/home/ubuntu/pyodide-recipes/packages/torch/build/torch-2.8.0/third_party/protobuf/src/google/protobuf/text_format.cc.o
[59/165] Building CXX object CMakeFiles/libprotobuf.dir/home/ubuntu/pyodide-recipes/packages/torch/build/torch-2.8.0/third_party/protobuf/src/google/protobuf/util/field_mask_util.cc.o
[60/165] Building CXX object CMakeFiles/libprotobuf.dir/home/ubuntu/pyodide-recipes/packages/torch/build/torch-2.8.0/third_party/protobuf/src/google/protobuf/util/internal/datapiece.cc.o
[61/165] Building CXX object CMakeFiles/libprotobuf.dir/home/ubuntu/pyodide-recipes/packages/torch/build/torch-2.8.0/third_party/protobuf/src/google/protobuf/util/internal/error_listener.cc.o
[62/165] Building CXX object CMakeFiles/libprotobuf.dir/home/ubuntu/pyodide-recipes/packages/torch/build/torch-2.8.0/third_party/protobuf/src/google/protobuf/util/internal/json_escaping.cc.o
[63/165] Building CXX object CMakeFiles/libprotobuf.dir/home/ubuntu/pyodide-recipes/packages/torch/build/torch-2.8.0/third_party/protobuf/src/google/protobuf/util/internal/default_value_objectwriter.cc.o
[64/165] Building CXX object CMakeFiles/libprotobuf.dir/home/ubuntu/pyodide-recipes/packages/torch/build/torch-2.8.0/third_party/protobuf/src/google/protobuf/util/internal/field_mask_utility.cc.o
[65/165] Building CXX object CMakeFiles/libprotobuf.dir/home/ubuntu/pyodide-recipes/packages/torch/build/torch-2.8.0/third_party/protobuf/src/google/protobuf/util/internal/json_objectwriter.cc.o
[66/165] Building CXX object CMakeFiles/libprotobuf.dir/home/ubuntu/pyodide-recipes/packages/torch/build/torch-2.8.0/third_party/protobuf/src/google/protobuf/util/internal/object_writer.cc.o
[67/165] Building CXX object CMakeFiles/libprotobuf.dir/home/ubuntu/pyodide-recipes/packages/torch/build/torch-2.8.0/third_party/protobuf/src/google/protobuf/util/internal/json_stream_parser.cc.o
[68/165] Building CXX object CMakeFiles/libprotobuf.dir/home/ubuntu/pyodide-recipes/packages/torch/build/torch-2.8.0/third_party/protobuf/src/google/protobuf/util/internal/proto_writer.cc.o
[69/165] Building CXX object CMakeFiles/libprotobuf.dir/home/ubuntu/pyodide-recipes/packages/torch/build/torch-2.8.0/third_party/protobuf/src/google/protobuf/util/internal/type_info.cc.o
[70/165] Building CXX object CMakeFiles/libprotobuf.dir/home/ubuntu/pyodide-recipes/packages/torch/build/torch-2.8.0/third_party/protobuf/src/google/protobuf/util/internal/protostream_objectsource.cc.o
[71/165] Building CXX object CMakeFiles/libprotobuf.dir/home/ubuntu/pyodide-recipes/packages/torch/build/torch-2.8.0/third_party/protobuf/src/google/protobuf/util/internal/protostream_objectwriter.cc.o
[72/165] Building CXX object CMakeFiles/libprotobuf.dir/home/ubuntu/pyodide-recipes/packages/torch/build/torch-2.8.0/third_party/protobuf/src/google/protobuf/util/internal/type_info_test_helper.cc.o
[73/165] Building CXX object CMakeFiles/libprotobuf.dir/home/ubuntu/pyodide-recipes/packages/torch/build/torch-2.8.0/third_party/protobuf/src/google/protobuf/util/json_util.cc.o
[74/165] Building CXX object CMakeFiles/libprotobuf.dir/home/ubuntu/pyodide-recipes/packages/torch/build/torch-2.8.0/third_party/protobuf/src/google/protobuf/util/internal/utility.cc.o
[75/165] Building CXX object CMakeFiles/libprotobuf.dir/home/ubuntu/pyodide-recipes/packages/torch/build/torch-2.8.0/third_party/protobuf/src/google/protobuf/util/time_util.cc.o
[76/165] Building CXX object CMakeFiles/libprotobuf.dir/home/ubuntu/pyodide-recipes/packages/torch/build/torch-2.8.0/third_party/protobuf/src/google/protobuf/util/type_resolver_util.cc.o
[77/165] Building CXX object CMakeFiles/libprotobuf.dir/home/ubuntu/pyodide-recipes/packages/torch/build/torch-2.8.0/third_party/protobuf/src/google/protobuf/wrappers.pb.cc.o
[78/165] Building CXX object CMakeFiles/libprotoc.dir/home/ubuntu/pyodide-recipes/packages/torch/build/torch-2.8.0/third_party/protobuf/src/google/protobuf/compiler/code_generator.cc.o
[79/165] Building CXX object CMakeFiles/libprotobuf.dir/home/ubuntu/pyodide-recipes/packages/torch/build/torch-2.8.0/third_party/protobuf/src/google/protobuf/util/message_differencer.cc.o
[80/165] Building CXX object CMakeFiles/libprotobuf.dir/home/ubuntu/pyodide-recipes/packages/torch/build/torch-2.8.0/third_party/protobuf/src/google/protobuf/wire_format.cc.o
[81/165] Linking CXX static library libprotobuf.a
[82/165] Building CXX object CMakeFiles/libprotoc.dir/home/ubuntu/pyodide-recipes/packages/torch/build/torch-2.8.0/third_party/protobuf/src/google/protobuf/compiler/cpp/cpp_enum.cc.o
[83/165] Building CXX object CMakeFiles/libprotoc.dir/home/ubuntu/pyodide-recipes/packages/torch/build/torch-2.8.0/third_party/protobuf/src/google/protobuf/compiler/cpp/cpp_enum_field.cc.o
[84/165] Building CXX object CMakeFiles/libprotoc.dir/home/ubuntu/pyodide-recipes/packages/torch/build/torch-2.8.0/third_party/protobuf/src/google/protobuf/compiler/cpp/cpp_extension.cc.o
[85/165] Building CXX object CMakeFiles/libprotoc.dir/home/ubuntu/pyodide-recipes/packages/torch/build/torch-2.8.0/third_party/protobuf/src/google/protobuf/compiler/command_line_interface.cc.o
[86/165] Building CXX object CMakeFiles/libprotoc.dir/home/ubuntu/pyodide-recipes/packages/torch/build/torch-2.8.0/third_party/protobuf/src/google/protobuf/compiler/cpp/cpp_field.cc.o
[87/165] Building CXX object CMakeFiles/libprotoc.dir/home/ubuntu/pyodide-recipes/packages/torch/build/torch-2.8.0/third_party/protobuf/src/google/protobuf/compiler/cpp/cpp_generator.cc.o
[88/165] Building CXX object CMakeFiles/libprotoc.dir/home/ubuntu/pyodide-recipes/packages/torch/build/torch-2.8.0/third_party/protobuf/src/google/protobuf/compiler/cpp/cpp_map_field.cc.o
[89/165] Building CXX object CMakeFiles/libprotoc.dir/home/ubuntu/pyodide-recipes/packages/torch/build/torch-2.8.0/third_party/protobuf/src/google/protobuf/compiler/cpp/cpp_file.cc.o
[90/165] Building CXX object CMakeFiles/libprotoc.dir/home/ubuntu/pyodide-recipes/packages/torch/build/torch-2.8.0/third_party/protobuf/src/google/protobuf/compiler/cpp/cpp_helpers.cc.o
[91/165] Building CXX object CMakeFiles/libprotoc.dir/home/ubuntu/pyodide-recipes/packages/torch/build/torch-2.8.0/third_party/protobuf/src/google/protobuf/compiler/cpp/cpp_message_field.cc.o
[92/165] Building CXX object CMakeFiles/libprotoc.dir/home/ubuntu/pyodide-recipes/packages/torch/build/torch-2.8.0/third_party/protobuf/src/google/protobuf/compiler/cpp/cpp_padding_optimizer.cc.o
[93/165] Building CXX object CMakeFiles/libprotoc.dir/home/ubuntu/pyodide-recipes/packages/torch/build/torch-2.8.0/third_party/protobuf/src/google/protobuf/compiler/cpp/cpp_primitive_field.cc.o
[94/165] Building CXX object CMakeFiles/libprotoc.dir/home/ubuntu/pyodide-recipes/packages/torch/build/torch-2.8.0/third_party/protobuf/src/google/protobuf/compiler/cpp/cpp_service.cc.o
[95/165] Building CXX object CMakeFiles/libprotoc.dir/home/ubuntu/pyodide-recipes/packages/torch/build/torch-2.8.0/third_party/protobuf/src/google/protobuf/compiler/csharp/csharp_doc_comment.cc.o
[96/165] Building CXX object CMakeFiles/libprotoc.dir/home/ubuntu/pyodide-recipes/packages/torch/build/torch-2.8.0/third_party/protobuf/src/google/protobuf/compiler/cpp/cpp_message.cc.o
[97/165] Building CXX object CMakeFiles/libprotoc.dir/home/ubuntu/pyodide-recipes/packages/torch/build/torch-2.8.0/third_party/protobuf/src/google/protobuf/compiler/csharp/csharp_enum.cc.o
[98/165] Building CXX object CMakeFiles/libprotoc.dir/home/ubuntu/pyodide-recipes/packages/torch/build/torch-2.8.0/third_party/protobuf/src/google/protobuf/compiler/csharp/csharp_enum_field.cc.o
[99/165] Building CXX object CMakeFiles/libprotoc.dir/home/ubuntu/pyodide-recipes/packages/torch/build/torch-2.8.0/third_party/protobuf/src/google/protobuf/compiler/cpp/cpp_string_field.cc.o
[100/165] Building CXX object CMakeFiles/libprotoc.dir/home/ubuntu/pyodide-recipes/packages/torch/build/torch-2.8.0/third_party/protobuf/src/google/protobuf/compiler/csharp/csharp_generator.cc.o
[101/165] Building CXX object CMakeFiles/libprotoc.dir/home/ubuntu/pyodide-recipes/packages/torch/build/torch-2.8.0/third_party/protobuf/src/google/protobuf/compiler/csharp/csharp_map_field.cc.o
[102/165] Building CXX object CMakeFiles/libprotoc.dir/home/ubuntu/pyodide-recipes/packages/torch/build/torch-2.8.0/third_party/protobuf/src/google/protobuf/compiler/csharp/csharp_helpers.cc.o
[103/165] Building CXX object CMakeFiles/libprotoc.dir/home/ubuntu/pyodide-recipes/packages/torch/build/torch-2.8.0/third_party/protobuf/src/google/protobuf/compiler/csharp/csharp_field_base.cc.o
[104/165] Building CXX object CMakeFiles/libprotoc.dir/home/ubuntu/pyodide-recipes/packages/torch/build/torch-2.8.0/third_party/protobuf/src/google/protobuf/compiler/csharp/csharp_message_field.cc.o
[105/165] Building CXX object CMakeFiles/libprotoc.dir/home/ubuntu/pyodide-recipes/packages/torch/build/torch-2.8.0/third_party/protobuf/src/google/protobuf/compiler/csharp/csharp_primitive_field.cc.o
[106/165] Building CXX object CMakeFiles/libprotoc.dir/home/ubuntu/pyodide-recipes/packages/torch/build/torch-2.8.0/third_party/protobuf/src/google/protobuf/compiler/csharp/csharp_repeated_enum_field.cc.o
[107/165] Building CXX object CMakeFiles/libprotoc.dir/home/ubuntu/pyodide-recipes/packages/torch/build/torch-2.8.0/third_party/protobuf/src/google/protobuf/compiler/csharp/csharp_reflection_class.cc.o
[108/165] Building CXX object CMakeFiles/libprotoc.dir/home/ubuntu/pyodide-recipes/packages/torch/build/torch-2.8.0/third_party/protobuf/src/google/protobuf/compiler/csharp/csharp_message.cc.o
[109/165] Building CXX object CMakeFiles/libprotoc.dir/home/ubuntu/pyodide-recipes/packages/torch/build/torch-2.8.0/third_party/protobuf/src/google/protobuf/compiler/csharp/csharp_repeated_message_field.cc.o
[110/165] Building CXX object CMakeFiles/libprotoc.dir/home/ubuntu/pyodide-recipes/packages/torch/build/torch-2.8.0/third_party/protobuf/src/google/protobuf/compiler/csharp/csharp_repeated_primitive_field.cc.o
[111/165] Building CXX object CMakeFiles/libprotoc.dir/home/ubuntu/pyodide-recipes/packages/torch/build/torch-2.8.0/third_party/protobuf/src/google/protobuf/compiler/csharp/csharp_source_generator_base.cc.o
[112/165] Building CXX object CMakeFiles/libprotoc.dir/home/ubuntu/pyodide-recipes/packages/torch/build/torch-2.8.0/third_party/protobuf/src/google/protobuf/compiler/csharp/csharp_wrapper_field.cc.o
[113/165] Building CXX object CMakeFiles/libprotoc.dir/home/ubuntu/pyodide-recipes/packages/torch/build/torch-2.8.0/third_party/protobuf/src/google/protobuf/compiler/java/java_doc_comment.cc.o
[114/165] Building CXX object CMakeFiles/libprotoc.dir/home/ubuntu/pyodide-recipes/packages/torch/build/torch-2.8.0/third_party/protobuf/src/google/protobuf/compiler/java/java_context.cc.o
[115/165] Building CXX object CMakeFiles/libprotoc.dir/home/ubuntu/pyodide-recipes/packages/torch/build/torch-2.8.0/third_party/protobuf/src/google/protobuf/compiler/java/java_enum.cc.o
[116/165] Building CXX object CMakeFiles/libprotoc.dir/home/ubuntu/pyodide-recipes/packages/torch/build/torch-2.8.0/third_party/protobuf/src/google/protobuf/compiler/java/java_enum_field.cc.o
[117/165] Building CXX object CMakeFiles/libprotoc.dir/home/ubuntu/pyodide-recipes/packages/torch/build/torch-2.8.0/third_party/protobuf/src/google/protobuf/compiler/java/java_enum_field_lite.cc.o
[118/165] Building CXX object CMakeFiles/libprotoc.dir/home/ubuntu/pyodide-recipes/packages/torch/build/torch-2.8.0/third_party/protobuf/src/google/protobuf/compiler/java/java_enum_lite.cc.o
[119/165] Building CXX object CMakeFiles/libprotoc.dir/home/ubuntu/pyodide-recipes/packages/torch/build/torch-2.8.0/third_party/protobuf/src/google/protobuf/compiler/java/java_extension.cc.o
[120/165] Building CXX object CMakeFiles/libprotoc.dir/home/ubuntu/pyodide-recipes/packages/torch/build/torch-2.8.0/third_party/protobuf/src/google/protobuf/compiler/java/java_extension_lite.cc.o
[121/165] Building CXX object CMakeFiles/libprotoc.dir/home/ubuntu/pyodide-recipes/packages/torch/build/torch-2.8.0/third_party/protobuf/src/google/protobuf/compiler/java/java_generator_factory.cc.o
[122/165] Building CXX object CMakeFiles/libprotoc.dir/home/ubuntu/pyodide-recipes/packages/torch/build/torch-2.8.0/third_party/protobuf/src/google/protobuf/compiler/java/java_field.cc.o
[123/165] Building CXX object CMakeFiles/libprotoc.dir/home/ubuntu/pyodide-recipes/packages/torch/build/torch-2.8.0/third_party/protobuf/src/google/protobuf/compiler/java/java_generator.cc.o
[124/165] Building CXX object CMakeFiles/libprotoc.dir/home/ubuntu/pyodide-recipes/packages/torch/build/torch-2.8.0/third_party/protobuf/src/google/protobuf/compiler/java/java_file.cc.o
[125/165] Building CXX object CMakeFiles/libprotoc.dir/home/ubuntu/pyodide-recipes/packages/torch/build/torch-2.8.0/third_party/protobuf/src/google/protobuf/compiler/java/java_map_field.cc.o
[126/165] Building CXX object CMakeFiles/libprotoc.dir/home/ubuntu/pyodide-recipes/packages/torch/build/torch-2.8.0/third_party/protobuf/src/google/protobuf/compiler/java/java_helpers.cc.o
[127/165] Building CXX object CMakeFiles/libprotoc.dir/home/ubuntu/pyodide-recipes/packages/torch/build/torch-2.8.0/third_party/protobuf/src/google/protobuf/compiler/java/java_map_field_lite.cc.o
[128/165] Building CXX object CMakeFiles/libprotoc.dir/home/ubuntu/pyodide-recipes/packages/torch/build/torch-2.8.0/third_party/protobuf/src/google/protobuf/compiler/java/java_message_builder_lite.cc.o
[129/165] Building CXX object CMakeFiles/libprotoc.dir/home/ubuntu/pyodide-recipes/packages/torch/build/torch-2.8.0/third_party/protobuf/src/google/protobuf/compiler/java/java_message_field.cc.o
[130/165] Building CXX object CMakeFiles/libprotoc.dir/home/ubuntu/pyodide-recipes/packages/torch/build/torch-2.8.0/third_party/protobuf/src/google/protobuf/compiler/java/java_message_builder.cc.o
[131/165] Building CXX object CMakeFiles/libprotoc.dir/home/ubuntu/pyodide-recipes/packages/torch/build/torch-2.8.0/third_party/protobuf/src/google/protobuf/compiler/java/java_message.cc.o
[132/165] Building CXX object CMakeFiles/libprotoc.dir/home/ubuntu/pyodide-recipes/packages/torch/build/torch-2.8.0/third_party/protobuf/src/google/protobuf/compiler/java/java_message_field_lite.cc.o
[133/165] Building CXX object CMakeFiles/libprotoc.dir/home/ubuntu/pyodide-recipes/packages/torch/build/torch-2.8.0/third_party/protobuf/src/google/protobuf/compiler/java/java_name_resolver.cc.o
[134/165] Building CXX object CMakeFiles/libprotoc.dir/home/ubuntu/pyodide-recipes/packages/torch/build/torch-2.8.0/third_party/protobuf/src/google/protobuf/compiler/java/java_message_lite.cc.o
[135/165] Building CXX object CMakeFiles/libprotoc.dir/home/ubuntu/pyodide-recipes/packages/torch/build/torch-2.8.0/third_party/protobuf/src/google/protobuf/compiler/java/java_primitive_field.cc.o
[136/165] Building CXX object CMakeFiles/libprotoc.dir/home/ubuntu/pyodide-recipes/packages/torch/build/torch-2.8.0/third_party/protobuf/src/google/protobuf/compiler/java/java_primitive_field_lite.cc.o
[137/165] Building CXX object CMakeFiles/libprotoc.dir/home/ubuntu/pyodide-recipes/packages/torch/build/torch-2.8.0/third_party/protobuf/src/google/protobuf/compiler/java/java_service.cc.o
[138/165] Building CXX object CMakeFiles/libprotoc.dir/home/ubuntu/pyodide-recipes/packages/torch/build/torch-2.8.0/third_party/protobuf/src/google/protobuf/compiler/java/java_shared_code_generator.cc.o
[139/165] Building CXX object CMakeFiles/libprotoc.dir/home/ubuntu/pyodide-recipes/packages/torch/build/torch-2.8.0/third_party/protobuf/src/google/protobuf/compiler/js/well_known_types_embed.cc.o
[140/165] Building CXX object CMakeFiles/libprotoc.dir/home/ubuntu/pyodide-recipes/packages/torch/build/torch-2.8.0/third_party/protobuf/src/google/protobuf/compiler/java/java_string_field.cc.o
[141/165] Building CXX object CMakeFiles/libprotoc.dir/home/ubuntu/pyodide-recipes/packages/torch/build/torch-2.8.0/third_party/protobuf/src/google/protobuf/compiler/java/java_string_field_lite.cc.o
[142/165] Building CXX object CMakeFiles/libprotoc.dir/home/ubuntu/pyodide-recipes/packages/torch/build/torch-2.8.0/third_party/protobuf/src/google/protobuf/compiler/objectivec/objectivec_enum_field.cc.o
[143/165] Building CXX object CMakeFiles/libprotoc.dir/home/ubuntu/pyodide-recipes/packages/torch/build/torch-2.8.0/third_party/protobuf/src/google/protobuf/compiler/objectivec/objectivec_enum.cc.o
[144/165] Building CXX object CMakeFiles/libprotoc.dir/home/ubuntu/pyodide-recipes/packages/torch/build/torch-2.8.0/third_party/protobuf/src/google/protobuf/compiler/objectivec/objectivec_extension.cc.o
[145/165] Building CXX object CMakeFiles/libprotoc.dir/home/ubuntu/pyodide-recipes/packages/torch/build/torch-2.8.0/third_party/protobuf/src/google/protobuf/compiler/objectivec/objectivec_field.cc.o
[146/165] Building CXX object CMakeFiles/libprotoc.dir/home/ubuntu/pyodide-recipes/packages/torch/build/torch-2.8.0/third_party/protobuf/src/google/protobuf/compiler/objectivec/objectivec_generator.cc.o
[147/165] Building CXX object CMakeFiles/libprotoc.dir/home/ubuntu/pyodide-recipes/packages/torch/build/torch-2.8.0/third_party/protobuf/src/google/protobuf/compiler/objectivec/objectivec_file.cc.o
[148/165] Building CXX object CMakeFiles/libprotoc.dir/home/ubuntu/pyodide-recipes/packages/torch/build/torch-2.8.0/third_party/protobuf/src/google/protobuf/compiler/objectivec/objectivec_map_field.cc.o
[149/165] Building CXX object CMakeFiles/libprotoc.dir/home/ubuntu/pyodide-recipes/packages/torch/build/torch-2.8.0/third_party/protobuf/src/google/protobuf/compiler/js/js_generator.cc.o
[150/165] Building CXX object CMakeFiles/libprotoc.dir/home/ubuntu/pyodide-recipes/packages/torch/build/torch-2.8.0/third_party/protobuf/src/google/protobuf/compiler/objectivec/objectivec_message_field.cc.o
[151/165] Building CXX object CMakeFiles/libprotoc.dir/home/ubuntu/pyodide-recipes/packages/torch/build/torch-2.8.0/third_party/protobuf/src/google/protobuf/compiler/objectivec/objectivec_helpers.cc.o
[152/165] Building CXX object CMakeFiles/libprotoc.dir/home/ubuntu/pyodide-recipes/packages/torch/build/torch-2.8.0/third_party/protobuf/src/google/protobuf/compiler/objectivec/objectivec_message.cc.o
[153/165] Building CXX object CMakeFiles/libprotoc.dir/home/ubuntu/pyodide-recipes/packages/torch/build/torch-2.8.0/third_party/protobuf/src/google/protobuf/compiler/objectivec/objectivec_oneof.cc.o
[154/165] Building CXX object CMakeFiles/libprotoc.dir/home/ubuntu/pyodide-recipes/packages/torch/build/torch-2.8.0/third_party/protobuf/src/google/protobuf/compiler/plugin.cc.o
[155/165] Building CXX object CMakeFiles/libprotoc.dir/home/ubuntu/pyodide-recipes/packages/torch/build/torch-2.8.0/third_party/protobuf/src/google/protobuf/compiler/objectivec/objectivec_primitive_field.cc.o
[156/165] Building CXX object CMakeFiles/libprotoc.dir/home/ubuntu/pyodide-recipes/packages/torch/build/torch-2.8.0/third_party/protobuf/src/google/protobuf/compiler/plugin.pb.cc.o
[157/165] Building CXX object CMakeFiles/libprotoc.dir/home/ubuntu/pyodide-recipes/packages/torch/build/torch-2.8.0/third_party/protobuf/src/google/protobuf/compiler/subprocess.cc.o
[158/165] Building CXX object CMakeFiles/libprotoc.dir/home/ubuntu/pyodide-recipes/packages/torch/build/torch-2.8.0/third_party/protobuf/src/google/protobuf/compiler/ruby/ruby_generator.cc.o
[159/165] Building CXX object CMakeFiles/libprotoc.dir/home/ubuntu/pyodide-recipes/packages/torch/build/torch-2.8.0/third_party/protobuf/src/google/protobuf/compiler/php/php_generator.cc.o
[160/165] Building CXX object CMakeFiles/protoc.dir/home/ubuntu/pyodide-recipes/packages/torch/build/torch-2.8.0/third_party/protobuf/src/google/protobuf/compiler/main.cc.o
[161/165] Building CXX object CMakeFiles/libprotoc.dir/home/ubuntu/pyodide-recipes/packages/torch/build/torch-2.8.0/third_party/protobuf/src/google/protobuf/compiler/zip_writer.cc.o
[162/165] Building CXX object CMakeFiles/libprotoc.dir/home/ubuntu/pyodide-recipes/packages/torch/build/torch-2.8.0/third_party/protobuf/src/google/protobuf/compiler/python/python_generator.cc.o
[163/165] Linking CXX static library libprotoc.a
[164/165] Linking CXX executable protoc-3.13.0.0
[165/165] Creating executable symlink protoc
libprotoc 3.13.0
123:set(CAFFE2_CUSTOM_PROTOC_EXECUTABLE "/home/ubuntu/pyodide-recipes/packages/torch/build/torch-2.8.0/build_host_protoc/bin/protoc")  # PYODIDE_PROBE_HOST_PROTOC
364:#if defined(__APPLE__) || defined(__EMSCRIPTEN__)  // PYODIDE_PROBE_EMSCRIPTEN_SIZE_T
72:    using difference_type = std::ptrdiff_t;  // PYODIDE_PROBE_SSIZE_T
390:        build_args += ["--", "-k", "0"]  # PYODIDE_PROBE_KEEPGOING
178:          "-Wl,--whole-archive,\"$<TARGET_FILE:${SRC}>\",--no-whole-archive")
850:    message(WARNING "PYODIDE_PROBE_FORCE_BUILD_PYTHON: Development.Module missing under Emscripten; keeping BUILD_PYTHON ON (SIDE_MODULE resolves Python symbols at load)")
459:        $<$<COMPILE_LANGUAGE:CXX>: -fvisibility=default>)
Creating isolated environment: venv+pip...
Installing packages in isolated environment:
- astunparse
- cmake
- ninja
- numpy==2.0.2
- pyyaml
- requests
- setuptools>=62.3.0,<80.0
- typing-extensions>=4.10.0
- wheel
Getting build dependencies for wheel...
configure: cmake -DCMAKE_C_COMPILER=/home/ubuntu/pyodide-recipes/packages/torch/build/pywasmcross_symlinks/cc -DCMAKE_CXX_COMPILER=/home/ubuntu/pyodide-recipes/packages/torch/build/pywasmcross_symlinks/c++ -DCMAKE_AR=/home/ubuntu/pyodide-recipes/packages/torch/build/pywasmcross_symlinks/ar -DCMAKE_C_COMPILER_AR=/home/ubuntu/pyodide-recipes/packages/torch/build/pywasmcross_symlinks/ar -DCMAKE_CXX_COMPILER_AR=/home/ubuntu/pyodide-recipes/packages/torch/build/pywasmcross_symlinks/ar --version -DCMAKE_TOOLCHAIN_FILE=/home/ubuntu/.cache/pyodide-build/.pyodide-xbuildenv-b2b15c7d3f61/0.27.8/emsdk/upstream/emscripten/cmake/Modules/Platform/Emscripten.cmake -DCMAKE_CROSSCOMPILING_EMULATOR=/home/ubuntu/.cache/pyodide-build/.pyodide-xbuildenv-b2b15c7d3f61/0.27.8/emsdk/node/24.19.0_64bit/bin/node
Building wheel torch-2.8.0a0+gitUnknown
running egg_info
creating torch.egg-info
writing torch.egg-info/PKG-INFO
writing dependency_links to torch.egg-info/dependency_links.txt
writing entry points to torch.egg-info/entry_points.txt
writing requirements to torch.egg-info/requires.txt
writing top-level names to torch.egg-info/top_level.txt
writing manifest file 'torch.egg-info/SOURCES.txt'
reading manifest file 'torch.egg-info/SOURCES.txt'
reading manifest template 'MANIFEST.in'
warning: no files found matching '.gitmodules'
warning: no files found matching '*.*' under directory 'ios'
warning: no files found matching '*.*' under directory 'modules'
warning: no previously-included files matching '*.o' found anywhere in distribution
warning: no previously-included files matching '*.so' found anywhere in distribution
warning: no previously-included files matching '*.dylib' found anywhere in distribution
warning: no previously-included files matching '*.a' found anywhere in distribution
warning: no previously-included files matching '.git' found anywhere in distribution
warning: no previously-included files matching '*.swp' found anywhere in distribution
adding license file 'LICENSE'
adding license file 'NOTICE'
writing manifest file 'torch.egg-info/SOURCES.txt'
/tmp/build-env-kc19rmon/lib/python3.12/site-packages/setuptools/dist.py:334: BuildBackendWarning: Normalizing '2.8.0a0+gitUnknown' to '2.8.0a0+gitunknown'
  self.metadata.version = self._normalize_version(self.metadata.version)
/tmp/build-env-kc19rmon/lib/python3.12/site-packages/setuptools/config/_apply_pyprojecttoml.py:82: BuildBackendWarning: `project.license` as a TOML table is deprecated
!!

        ********************************************************************************
        Please use a simple string containing a SPDX expression for `project.license`. You can also use `project.license-files`. (Both options available on setuptools>=77.0.0).

        This deprecation is overdue, please update your project and remove deprecated
        calls to avoid build errors in the future.

        See https://packaging.python.org/en/latest/guides/writing-pyproject-toml/#license for details.
        ********************************************************************************

!!
  corresp(dist, value, root_dir)
/tmp/build-env-kc19rmon/lib/python3.12/site-packages/setuptools/config/_apply_pyprojecttoml.py:61: BuildBackendWarning: License classifiers are deprecated.
!!

        ********************************************************************************
        Please consider removing the following classifiers in favor of a SPDX license expression:

        License :: OSI Approved :: BSD License

        See https://packaging.python.org/en/latest/guides/writing-pyproject-toml/#license for details.
        ********************************************************************************

!!
  dist._finalize_license_expression()
/tmp/build-env-kc19rmon/lib/python3.12/site-packages/setuptools/dist.py:759: BuildBackendWarning: License classifiers are deprecated.
!!

        ********************************************************************************
        Please consider removing the following classifiers in favor of a SPDX license expression:

        License :: OSI Approved :: BSD License

        See https://packaging.python.org/en/latest/guides/writing-pyproject-toml/#license for details.
        ********************************************************************************

!!
  self._finalize_license_expression()
Building wheel...
configure: cmake -DCMAKE_C_COMPILER=/home/ubuntu/pyodide-recipes/packages/torch/build/pywasmcross_symlinks/cc -DCMAKE_CXX_COMPILER=/home/ubuntu/pyodide-recipes/packages/torch/build/pywasmcross_symlinks/c++ -DCMAKE_AR=/home/ubuntu/pyodide-recipes/packages/torch/build/pywasmcross_symlinks/ar -DCMAKE_C_COMPILER_AR=/home/ubuntu/pyodide-recipes/packages/torch/build/pywasmcross_symlinks/ar -DCMAKE_CXX_COMPILER_AR=/home/ubuntu/pyodide-recipes/packages/torch/build/pywasmcross_symlinks/ar --version -DCMAKE_CROSSCOMPILING_EMULATOR=/home/ubuntu/.cache/pyodide-build/.pyodide-xbuildenv-b2b15c7d3f61/0.27.8/emsdk/node/24.19.0_64bit/bin/node
configure: cmake -DCMAKE_C_COMPILER=/home/ubuntu/pyodide-recipes/packages/torch/build/pywasmcross_symlinks/cc -DCMAKE_CXX_COMPILER=/home/ubuntu/pyodide-recipes/packages/torch/build/pywasmcross_symlinks/c++ -DCMAKE_AR=/home/ubuntu/pyodide-recipes/packages/torch/build/pywasmcross_symlinks/ar -DCMAKE_C_COMPILER_AR=/home/ubuntu/pyodide-recipes/packages/torch/build/pywasmcross_symlinks/ar -DCMAKE_CXX_COMPILER_AR=/home/ubuntu/pyodide-recipes/packages/torch/build/pywasmcross_symlinks/ar -GNinja -DATEN_THREADING=NATIVE -DBUILD_CAFFE2=0 -DBUILD_DEPENDENCY_INDEX_URL=https://pypi.anaconda.org/pyodide/simple -DBUILD_ENV_SCRIPTS_DIR=/tmp/build-env-kc19rmon/bin -DBUILD_PYTHON=True -DBUILD_TEST=False -DCMAKE_BUILD_TYPE=Release -DCMAKE_EXECUTABLE=/home/ubuntu/pyodide-recipes/packages/torch/build/pywasmcross_symlinks/cmake -DCMAKE_INSTALL_PREFIX=/home/ubuntu/pyodide-recipes/packages/torch/build/torch-2.8.0/torch -DCMAKE_PREFIX_PATH=/tmp/build-env-kc19rmon/lib/python3.12/site-packages -DCMAKE_TOOLCHAIN_FILE=/workspace/.venv/lib/python3.12/site-packages/pyodide_build/tools/cmake/Modules/Platform/Emscripten.cmake -DPython_EXECUTABLE=/tmp/build-env-kc19rmon/bin/python -DTORCH_BUILD_VERSION=2.8.0 -DUSE_CUDA=0 -DUSE_DISTRIBUTED=0 -DUSE_FBGEMM=0 -DUSE_GLOO=0 -DUSE_KINETO=0 -DUSE_LEGACY_PLATFORM=0 -DUSE_MKLDNN=0 -DUSE_MPI=0 -DUSE_NNPACK=0 -DUSE_NUMA=0 -DUSE_NUMPY=False -DUSE_OPENMP=0 -DUSE_PYTORCH_QNNPACK=0 -DUSE_QNNPACK=0 -DUSE_ROCM=0 -DUSE_TENSORPIPE=0 -DUSE_XNNPACK=0 -DUSE_XPU=0 /home/ubuntu/pyodide-recipes/packages/torch/build/torch-2.8.0 -DCMAKE_CROSSCOMPILING_EMULATOR=/home/ubuntu/.cache/pyodide-build/.pyodide-xbuildenv-b2b15c7d3f61/0.27.8/emsdk/node/24.19.0_64bit/bin/node
CMake Deprecation Warning at CMakeLists.txt:9 (cmake_policy):
  The OLD behavior for policy CMP0126 will be removed from a future version
  of CMake.

  The cmake-policies(7) manual explains that the OLD behaviors of all
  policies are deprecated and that a policy should be set to OLD only under
  specific short-term circumstances.  Projects should be ported to the NEW
  behavior and not rely on setting a policy to OLD.


-- Not forcing any particular BLAS to be found
-- Could not find ccache. Consider installing ccache to speed up compilation.
-- Performing Test C_HAS_AVX_1
-- Performing Test C_HAS_AVX_1 - Failed
-- Performing Test C_HAS_AVX_2
-- Performing Test C_HAS_AVX_2 - Failed
-- Performing Test C_HAS_AVX_3
-- Performing Test C_HAS_AVX_3 - Failed
-- Performing Test C_HAS_AVX2_1
-- Performing Test C_HAS_AVX2_1 - Failed
-- Performing Test C_HAS_AVX2_2
-- Performing Test C_HAS_AVX2_2 - Failed
-- Performing Test C_HAS_AVX2_3
-- Performing Test C_HAS_AVX2_3 - Failed
-- Performing Test C_HAS_AVX512_1
-- Performing Test C_HAS_AVX512_1 - Failed
-- Performing Test C_HAS_AVX512_2
-- Performing Test C_HAS_AVX512_2 - Failed
-- Performing Test C_HAS_AVX512_3
-- Performing Test C_HAS_AVX512_3 - Failed
-- Performing Test CXX_HAS_AVX_1
-- Performing Test CXX_HAS_AVX_1 - Failed
-- Performing Test CXX_HAS_AVX_2
-- Performing Test CXX_HAS_AVX_2 - Failed
-- Performing Test CXX_HAS_AVX_3
-- Performing Test CXX_HAS_AVX_3 - Failed
-- Performing Test CXX_HAS_AVX2_1
-- Performing Test CXX_HAS_AVX2_1 - Failed
-- Performing Test CXX_HAS_AVX2_2
-- Performing Test CXX_HAS_AVX2_2 - Failed
-- Performing Test CXX_HAS_AVX2_3
-- Performing Test CXX_HAS_AVX2_3 - Failed
-- Performing Test CXX_HAS_AVX512_1
-- Performing Test CXX_HAS_AVX512_1 - Failed
-- Performing Test CXX_HAS_AVX512_2
-- Performing Test CXX_HAS_AVX512_2 - Failed
-- Performing Test CXX_HAS_AVX512_3
-- Performing Test CXX_HAS_AVX512_3 - Failed
-- Performing Test CAFFE2_COMPILER_SUPPORTS_AVX512_EXTENSIONS
-- Performing Test CAFFE2_COMPILER_SUPPORTS_AVX512_EXTENSIONS - Failed
-- Performing Test COMPILER_SUPPORTS_HIDDEN_VISIBILITY
-- Performing Test COMPILER_SUPPORTS_HIDDEN_VISIBILITY - Success
-- Performing Test COMPILER_SUPPORTS_HIDDEN_INLINE_VISIBILITY
-- Performing Test COMPILER_SUPPORTS_HIDDEN_INLINE_VISIBILITY - Success
-- Performing Test COMPILER_SUPPORTS_RDYNAMIC
-- Performing Test COMPILER_SUPPORTS_RDYNAMIC - Success
-- Could not find hardware support for NEON on this machine.
-- No OMAP3 processor on this machine.
-- No OMAP4 processor on this machine.
-- Compiler does not support SVE extension. Will not build perfkernels.
-- Building using own protobuf under third_party per request.
-- Use custom protobuf build.
CMake Deprecation Warning at third_party/protobuf/cmake/CMakeLists.txt:2 (cmake_minimum_required):
  Compatibility with CMake < 3.10 will be removed from a future version of
  CMake.

  Update the VERSION argument <min> value.  Or, use the <min>...<max> syntax
  to tell CMake that the project requires at least <min> but has been updated
  to work with policies introduced by <max> or earlier.


-- 
-- 3.13.0.0
-- Performing Test CMAKE_HAVE_LIBC_PTHREAD
-- Performing Test CMAKE_HAVE_LIBC_PTHREAD - Success
-- Found Threads: TRUE
-- Performing Test protobuf_HAVE_BUILTIN_ATOMICS
-- Performing Test protobuf_HAVE_BUILTIN_ATOMICS - Success
-- Caffe2 protobuf include directory: $<BUILD_INTERFACE:/home/ubuntu/pyodide-recipes/packages/torch/build/torch-2.8.0/third_party/protobuf/src>$<INSTALL_INTERFACE:include>
-- Trying to find preferred BLAS backend of choice: MKL
-- MKL_THREADING = OMP
-- Looking for sys/types.h
-- Looking for sys/types.h - found
-- Looking for stdint.h
-- Looking for stdint.h - found
-- Looking for stddef.h
-- Looking for stddef.h - found
-- Check size of void*
-- Check size of void* - done
-- MKL_THREADING = OMP
CMake Warning at cmake/Dependencies.cmake:208 (message):
  MKL could not be found.  Defaulting to Eigen
Call Stack (most recent call first):
  CMakeLists.txt:863 (include)


CMake Warning at cmake/Dependencies.cmake:256 (message):
  Preferred BLAS (MKL) cannot be found, now searching for a general BLAS
  library
Call Stack (most recent call first):
  CMakeLists.txt:863 (include)


-- MKL_THREADING = OMP
-- Checking for [mkl_intel - mkl_intel_thread - mkl_core - iomp5 - pthread - m]
--   Library mkl_intel: not found
-- Checking for [mkl_intel - mkl_intel_thread - mkl_core - guide - pthread - m]
--   Library mkl_intel: not found
-- Checking for [mkl_intel - mkl_intel_thread - mkl_core - pthread - m]
--   Library mkl_intel: not found
-- Checking for [mkl_intel - mkl_sequential - mkl_core - m]
--   Library mkl_intel: not found
-- Checking for [mkl_intel - mkl_core - iomp5 - pthread - m]
--   Library mkl_intel: not found
-- Checking for [mkl_intel - mkl_core - guide - pthread - m]
--   Library mkl_intel: not found
-- Checking for [mkl_intel - mkl_core - pthread - m]
--   Library mkl_intel: not found
-- Checking for [mkl - guide - pthread - m]
--   Library mkl: not found
-- MKL library not found
-- Checking for [blis]
--   Library blis: BLAS_blis_LIBRARY-NOTFOUND
-- Checking for [Accelerate]
--   Library Accelerate: BLAS_Accelerate_LIBRARY-NOTFOUND
-- Checking for [vecLib]
--   Library vecLib: BLAS_vecLib_LIBRARY-NOTFOUND
-- Checking for [flexiblas]
--   Library flexiblas: BLAS_flexiblas_LIBRARY-NOTFOUND
-- Checking for [openblas]
--   Library openblas: BLAS_openblas_LIBRARY-NOTFOUND
-- Checking for [openblas - pthread - m]
--   Library openblas: BLAS_openblas_LIBRARY-NOTFOUND
-- Checking for [openblas - pthread - m - gomp]
--   Library openblas: BLAS_openblas_LIBRARY-NOTFOUND
-- Checking for [goto2 - gfortran]
--   Library goto2: BLAS_goto2_LIBRARY-NOTFOUND
-- Checking for [goto2 - gfortran - pthread]
--   Library goto2: BLAS_goto2_LIBRARY-NOTFOUND
-- Checking for [acml - gfortran]
--   Library acml: BLAS_acml_LIBRARY-NOTFOUND
-- Checking for [blis]
--   Library blis: BLAS_blis_LIBRARY-NOTFOUND
-- Could NOT find Atlas (missing: Atlas_CBLAS_INCLUDE_DIR Atlas_CLAPACK_INCLUDE_DIR Atlas_CBLAS_LIBRARY Atlas_BLAS_LIBRARY Atlas_LAPACK_LIBRARY) 
-- Checking for [ptf77blas - atlas - gfortran]
--   Library ptf77blas: BLAS_ptf77blas_LIBRARY-NOTFOUND
-- Checking for []
-- Looking for sgemm_
-- Looking for sgemm_ - not found
-- Cannot find a library with BLAS API. Not using BLAS.
-- Using pocketfft in directory: /home/ubuntu/pyodide-recipes/packages/torch/build/torch-2.8.0/third_party/pocketfft/
CMake Deprecation Warning at third_party/cpuinfo/CMakeLists.txt:1 (CMAKE_MINIMUM_REQUIRED):
  Compatibility with CMake < 3.10 will be removed from a future version of
  CMake.

  Update the VERSION argument <min> value.  Or, use the <min>...<max> syntax
  to tell CMake that the project requires at least <min> but has been updated
  to work with policies introduced by <max> or earlier.


CMake Warning at third_party/cpuinfo/CMakeLists.txt:113 (MESSAGE):
  Target operating system "Emscripten" is not supported in cpuinfo.  cpuinfo
  will compile, but cpuinfo_initialize() will always fail.


CMake Warning at cmake/Dependencies.cmake:711 (message):
  Turning USE_FAKELOWP off as it depends on USE_FBGEMM.
Call Stack (most recent call first):
  CMakeLists.txt:863 (include)


CMake Deprecation Warning at third_party/FP16/CMakeLists.txt:1 (CMAKE_MINIMUM_REQUIRED):
  Compatibility with CMake < 3.10 will be removed from a future version of
  CMake.

  Update the VERSION argument <min> value.  Or, use the <min>...<max> syntax
  to tell CMake that the project requires at least <min> but has been updated
  to work with policies introduced by <max> or earlier.


CMake Deprecation Warning at third_party/psimd/CMakeLists.txt:1 (CMAKE_MINIMUM_REQUIRED):
  Compatibility with CMake < 3.10 will be removed from a future version of
  CMake.

  Update the VERSION argument <min> value.  Or, use the <min>...<max> syntax
  to tell CMake that the project requires at least <min> but has been updated
  to work with policies introduced by <max> or earlier.


-- Using third party subdirectory Eigen.
-- Found Python: /tmp/build-env-kc19rmon/bin/python (found version "3.12.3") found components: Interpreter missing components: Development.Module
CMake Warning at cmake/Dependencies.cmake:850 (message):
  PYODIDE_PROBE_FORCE_BUILD_PYTHON: Development.Module missing under
  Emscripten; keeping BUILD_PYTHON ON (SIDE_MODULE resolves Python symbols at
  load)
Call Stack (most recent call first):
  CMakeLists.txt:863 (include)


-- Using third_party/pybind11.
-- pybind11 include dirs: /home/ubuntu/pyodide-recipes/packages/torch/build/torch-2.8.0/cmake/../third_party/pybind11/include
-- Could NOT find OpenTelemetryApi (missing: OpenTelemetryApi_INCLUDE_DIRS) 
-- Using third_party/opentelemetry-cpp.
-- opentelemetry api include dirs: /home/ubuntu/pyodide-recipes/packages/torch/build/torch-2.8.0/cmake/../third_party/opentelemetry-cpp/api/include
-- Found Python3: /tmp/build-env-kc19rmon/bin/python (found version "3.12.3") found components: Interpreter
-- Using custom protoc executable
-- ONNX_PROTOC_EXECUTABLE: /home/ubuntu/pyodide-recipes/packages/torch/build/torch-2.8.0/build_host_protoc/bin/protoc
-- Protobuf_VERSION: Protobuf_VERSION_NOTFOUND
Generated: /home/ubuntu/pyodide-recipes/packages/torch/build/torch-2.8.0/build/third_party/onnx/onnx/onnx_onnx_torch-ml.proto
Generated: /home/ubuntu/pyodide-recipes/packages/torch/build/torch-2.8.0/build/third_party/onnx/onnx/onnx-operators_onnx_torch-ml.proto
Generated: /home/ubuntu/pyodide-recipes/packages/torch/build/torch-2.8.0/build/third_party/onnx/onnx/onnx-data_onnx_torch.proto
-- 
-- ******** Summary ********
--   CMake version                     : 3.31.10
--   CMake command                     : /tmp/build-env-kc19rmon/lib/python3.12/site-packages/cmake/data/bin/cmake
--   System                            : Emscripten
--   C++ compiler                      : /home/ubuntu/pyodide-recipes/packages/torch/build/pywasmcross_symlinks/c++
--   C++ compiler version              : 19.0.0
--   CXX flags                         :  -O2 -g0 -fPIC -Oz -O2 -g0 -fPIC -Oz -O2 -g0 -fPIC -Oz -O2 -g0 -fPIC -Oz -O2 -g0 -fPIC -Oz -fvisibility-inlines-hidden -Wnon-virtual-dtor
--   Build type                        : Release
--   Compile definitions               : ONNX_ML=1;ONNXIFI_ENABLE_EXT=1
--   CMAKE_PREFIX_PATH                 : /tmp/build-env-kc19rmon/lib/python3.12/site-packages
--   CMAKE_INSTALL_PREFIX              : /home/ubuntu/pyodide-recipes/packages/torch/build/torch-2.8.0/torch
--   CMAKE_MODULE_PATH                 : /workspace/.venv/lib/python3.12/site-packages/pyodide_build/tools/cmake/Modules/Platform/..;/workspace/.venv/lib/python3.12/site-packages/pyodide_build/tools/cmake/Modules/Platform/..;/workspace/.venv/lib/python3.12/site-packages/pyodide_build/tools/cmake/Modules/Platform/..;/workspace/.venv/lib/python3.12/site-packages/pyodide_build/tools/cmake/Modules/Platform/..;/workspace/.venv/lib/python3.12/site-packages/pyodide_build/tools/cmake/Modules/Platform/..;/home/ubuntu/.cache/pyodide-build/.pyodide-xbuildenv-b2b15c7d3f61/0.27.8/emsdk/upstream/emscripten/cmake/Modules;/home/ubuntu/.cache/pyodide-build/.pyodide-xbuildenv-b2b15c7d3f61/0.27.8/emsdk/upstream/emscripten/cmake/Modules;/home/ubuntu/.cache/pyodide-build/.pyodide-xbuildenv-b2b15c7d3f61/0.27.8/emsdk/upstream/emscripten/cmake/Modules;/home/ubuntu/.cache/pyodide-build/.pyodide-xbuildenv-b2b15c7d3f61/0.27.8/emsdk/upstream/emscripten/cmake/Modules;/home/ubuntu/.cache/pyodide-build/.pyodide-xbuildenv-b2b15c7d3f61/0.27.8/emsdk/upstream/emscripten/cmake/Modules;/home/ubuntu/pyodide-recipes/packages/torch/build/torch-2.8.0/cmake/Modules
-- 
--   ONNX version                      : 1.18.0
--   ONNX NAMESPACE                    : onnx_torch
--   ONNX_USE_LITE_PROTO               : OFF
--   USE_PROTOBUF_SHARED_LIBS          : OFF
--   ONNX_DISABLE_EXCEPTIONS           : OFF
--   ONNX_DISABLE_STATIC_REGISTRATION  : OFF
--   ONNX_WERROR                       : OFF
--   ONNX_BUILD_TESTS                  : OFF
--   BUILD_SHARED_LIBS                 : OFF
-- 
--   Protobuf compiler                 : /home/ubuntu/pyodide-recipes/packages/torch/build/torch-2.8.0/build_host_protoc/bin/protoc
--   Protobuf includes                 : 
--   Protobuf libraries                : 
--   ONNX_BUILD_PYTHON                 : OFF
-- Found CUDA with FP16 support, compiling with torch.cuda.HalfTensor
-- Adding -DNDEBUG to compile flags
CMake Warning at cmake/Dependencies.cmake:1432 (message):
  Not compiling with MAGMA.  Suppress this warning with -DUSE_MAGMA=OFF.
Call Stack (most recent call first):
  CMakeLists.txt:863 (include)


-- Could not find hardware support for NEON on this machine.
-- No OMAP3 processor on this machine.
-- No OMAP4 processor on this machine.
-- MKL_THREADING = OMP
-- Checking for [mkl_intel - mkl_intel_thread - mkl_core - iomp5 - pthread - m]
--   Library mkl_intel: not found
-- Checking for [mkl_intel - mkl_intel_thread - mkl_core - guide - pthread - m]
--   Library mkl_intel: not found
-- Checking for [mkl_intel - mkl_intel_thread - mkl_core - pthread - m]
--   Library mkl_intel: not found
-- Checking for [mkl_intel - mkl_sequential - mkl_core - m]
--   Library mkl_intel: not found
-- Checking for [mkl_intel - mkl_core - iomp5 - pthread - m]
--   Library mkl_intel: not found
-- Checking for [mkl_intel - mkl_core - guide - pthread - m]
--   Library mkl_intel: not found
-- Checking for [mkl_intel - mkl_core - pthread - m]
--   Library mkl_intel: not found
-- Checking for [mkl - guide - pthread - m]
--   Library mkl: not found
-- MKL library not found
-- Checking for [blis]
--   Library blis: BLAS_blis_LIBRARY-NOTFOUND
-- Checking for [Accelerate]
--   Library Accelerate: BLAS_Accelerate_LIBRARY-NOTFOUND
-- Checking for [vecLib]
--   Library vecLib: BLAS_vecLib_LIBRARY-NOTFOUND
-- Checking for [flexiblas]
--   Library flexiblas: BLAS_flexiblas_LIBRARY-NOTFOUND
-- Checking for [openblas]
--   Library openblas: BLAS_openblas_LIBRARY-NOTFOUND
-- Checking for [openblas - pthread - m]
--   Library openblas: BLAS_openblas_LIBRARY-NOTFOUND
-- Checking for [openblas - pthread - m - gomp]
--   Library openblas: BLAS_openblas_LIBRARY-NOTFOUND
-- Checking for [goto2 - gfortran]
--   Library goto2: BLAS_goto2_LIBRARY-NOTFOUND
-- Checking for [goto2 - gfortran - pthread]
--   Library goto2: BLAS_goto2_LIBRARY-NOTFOUND
-- Checking for [acml - gfortran]
--   Library acml: BLAS_acml_LIBRARY-NOTFOUND
-- Checking for [blis]
--   Library blis: BLAS_blis_LIBRARY-NOTFOUND
-- Could NOT find Atlas (missing: Atlas_CBLAS_INCLUDE_DIR Atlas_CLAPACK_INCLUDE_DIR Atlas_CBLAS_LIBRARY Atlas_BLAS_LIBRARY Atlas_LAPACK_LIBRARY) 
-- Checking for [ptf77blas - atlas - gfortran]
--   Library ptf77blas: BLAS_ptf77blas_LIBRARY-NOTFOUND
-- Checking for []
-- Cannot find a library with BLAS API. Not using BLAS.
-- LAPACK requires BLAS
-- Cannot find a library with LAPACK API. Not using LAPACK.
disabling CUDA because NOT USE_CUDA is set
disabling ROCM because NOT USE_ROCM is set
-- MIOpen not found. Compiling without MIOpen support
disabling MKLDNN because USE_MKLDNN is not set
-- Looking for clock_gettime in rt
-- Looking for clock_gettime in rt - found
-- Looking for mmap
-- Looking for mmap - found
-- Looking for shm_open
-- Looking for shm_open - found
-- Looking for shm_unlink
-- Looking for shm_unlink - found
-- Looking for malloc_usable_size
-- Looking for malloc_usable_size - found
-- {fmt} version: 11.2.0
-- Build type: Release
-- Performing Test HAS_NULLPTR_WARNING
-- Performing Test HAS_NULLPTR_WARNING - Success
-- Performing Test HAS_WERROR_RETURN_TYPE
-- Performing Test HAS_WERROR_RETURN_TYPE - Success
-- Performing Test HAS_WERROR_NON_VIRTUAL_DTOR
-- Performing Test HAS_WERROR_NON_VIRTUAL_DTOR - Success
-- Performing Test HAS_WERROR_BRACED_SCALAR_INIT
-- Performing Test HAS_WERROR_BRACED_SCALAR_INIT - Success
-- Performing Test HAS_WERROR_RANGE_LOOP_CONSTRUCT
-- Performing Test HAS_WERROR_RANGE_LOOP_CONSTRUCT - Success
-- Performing Test HAS_WERROR_BOOL_OPERATION
-- Performing Test HAS_WERROR_BOOL_OPERATION - Success
-- Performing Test HAS_WNARROWING
-- Performing Test HAS_WNARROWING - Success
-- Performing Test HAS_WNO_MISSING_FIELD_INITIALIZERS
-- Performing Test HAS_WNO_MISSING_FIELD_INITIALIZERS - Success
-- Performing Test HAS_WNO_UNKNOWN_PRAGMAS
-- Performing Test HAS_WNO_UNKNOWN_PRAGMAS - Success
-- Performing Test HAS_WNO_UNUSED_PARAMETER
-- Performing Test HAS_WNO_UNUSED_PARAMETER - Success
-- Performing Test HAS_WNO_STRICT_OVERFLOW
-- Performing Test HAS_WNO_STRICT_OVERFLOW - Success
-- Performing Test HAS_WNO_STRICT_ALIASING
-- Performing Test HAS_WNO_STRICT_ALIASING - Success
-- Performing Test HAS_WNO_STRINGOP_OVERFLOW
-- Performing Test HAS_WNO_STRINGOP_OVERFLOW - Failed
-- Performing Test HAS_WVLA_EXTENSION
-- Performing Test HAS_WVLA_EXTENSION - Success
-- Performing Test HAS_WSUGGEST_OVERRIDE
-- Performing Test HAS_WSUGGEST_OVERRIDE - Success
-- Performing Test HAS_WNEWLINE_EOF
-- Performing Test HAS_WNEWLINE_EOF - Success
-- Performing Test HAS_WINCONSISTENT_MISSING_OVERRIDE
-- Performing Test HAS_WINCONSISTENT_MISSING_OVERRIDE - Success
-- Performing Test HAS_WINCONSISTENT_MISSING_DESTRUCTOR_OVERRIDE
-- Performing Test HAS_WINCONSISTENT_MISSING_DESTRUCTOR_OVERRIDE - Success
-- Performing Test HAS_WNO_ERROR_OLD_STYLE_CAST
-- Performing Test HAS_WNO_ERROR_OLD_STYLE_CAST - Success
-- Performing Test HAS_WCONSTANT_CONVERSION
-- Performing Test HAS_WCONSTANT_CONVERSION - Success
-- Performing Test HAS_WNO_ALIGNED_ALLOCATION_UNAVAILABLE
-- Performing Test HAS_WNO_ALIGNED_ALLOCATION_UNAVAILABLE - Failed
-- Performing Test HAS_QUNUSED_ARGUMENTS
-- Performing Test HAS_QUNUSED_ARGUMENTS - Success
-- Performing Test HAS_FALIGNED_NEW
-- Performing Test HAS_FALIGNED_NEW - Success
-- Performing Test HAS_WNO_MAYBE_UNINITIALIZED
-- Performing Test HAS_WNO_MAYBE_UNINITIALIZED - Failed
-- Performing Test HAS_FSTANDALONE_DEBUG
-- Performing Test HAS_FSTANDALONE_DEBUG - Success
-- Performing Test HAS_FNO_MATH_ERRNO
-- Performing Test HAS_FNO_MATH_ERRNO - Success
-- Performing Test HAS_FNO_TRAPPING_MATH
-- Performing Test HAS_FNO_TRAPPING_MATH - Success
-- Performing Test HAS_WERROR_FORMAT
-- Performing Test HAS_WERROR_FORMAT - Success
-- don't use NUMA
-- Looking for backtrace
-- Looking for backtrace - not found
-- Could NOT find Backtrace (missing: Backtrace_LIBRARY Backtrace_INCLUDE_DIR) 
-- headers outputs: 
-- sources outputs: 
-- declarations_yaml outputs: 
-- Using ATen parallel backend: NATIVE
disabling CUDA because USE_CUDA is set false
AT_INSTALL_INCLUDE_DIR include/ATen/core
core header install: /home/ubuntu/pyodide-recipes/packages/torch/build/torch-2.8.0/build/aten/src/ATen/core/TensorBody.h
core header install: /home/ubuntu/pyodide-recipes/packages/torch/build/torch-2.8.0/build/aten/src/ATen/core/aten_interned_strings.h
core header install: /home/ubuntu/pyodide-recipes/packages/torch/build/torch-2.8.0/build/aten/src/ATen/core/enum_tag.h
-- Performing Test HAS_WMISSING_PROTOTYPES
-- Performing Test HAS_WMISSING_PROTOTYPES - Success
-- Performing Test HAS_WERROR_MISSING_PROTOTYPES
-- Performing Test HAS_WERROR_MISSING_PROTOTYPES - Success
CMake Warning at CMakeLists.txt:1266 (message):
  Generated cmake files are only fully tested if one builds with system glog,
  gflags, and protobuf.  Other settings may generate files that are not well
  tested.


-- 
-- ******** Summary ********
-- General:
--   CMake version         : 3.31.10
--   CMake command         : /tmp/build-env-kc19rmon/lib/python3.12/site-packages/cmake/data/bin/cmake
--   System                : Emscripten
--   C++ compiler          : /home/ubuntu/pyodide-recipes/packages/torch/build/pywasmcross_symlinks/c++
--   C++ compiler id       : Clang
--   C++ compiler version  : 19.0.0
--   Using ccache if found : ON
--   Found ccache          : CCACHE_PROGRAM-NOTFOUND
--   CXX flags             :  -O2 -g0 -fPIC -Oz -O2 -g0 -fPIC -Oz -O2 -g0 -fPIC -Oz -O2 -g0 -fPIC -Oz -O2 -g0 -fPIC -Oz -fvisibility-inlines-hidden -DNDEBUG -DSYMBOLICATE_MOBILE_DEBUG_HANDLE -O2 -fPIC -DC10_NODEPRECATED -Wall -Wextra -Werror=return-type -Werror=non-virtual-dtor -Werror=braced-scalar-init -Werror=range-loop-construct -Werror=bool-operation -Wnarrowing -Wno-missing-field-initializers -Wno-unknown-pragmas -Wno-unused-parameter -Wno-strict-overflow -Wno-strict-aliasing -Wvla-extension -Wsuggest-override -Wnewline-eof -Winconsistent-missing-override -Winconsistent-missing-destructor-override -Wno-pass-failed -Wno-error=old-style-cast -Wconstant-conversion -Qunused-arguments -faligned-new -fno-math-errno -fno-trapping-math -Werror=format -Wno-implicit-function-declaration -DEMSCRIPTEN -s DISABLE_EXCEPTION_CATCHING=0
--   Shared LD flags       : -O2 -g0  -L/home/ubuntu/.cache/pyodide-build/.pyodide-xbuildenv-b2b15c7d3f61/0.27.8/xbuildenv/pyodide-root/cpython/installs/python-3.12.7/lib/ -s WASM_BIGINT -s SIDE_MODULE=1 -Oz -O2 -g0  -L/home/ubuntu/.cache/pyodide-build/.pyodide-xbuildenv-b2b15c7d3f61/0.27.8/xbuildenv/pyodide-root/cpython/installs/python-3.12.7/lib/ -s WASM_BIGINT -s SIDE_MODULE=1 -Oz -O2 -g0  -L/home/ubuntu/.cache/pyodide-build/.pyodide-xbuildenv-b2b15c7d3f61/0.27.8/xbuildenv/pyodide-root/cpython/installs/python-3.12.7/lib/ -s WASM_BIGINT -s SIDE_MODULE=1 -Oz -O2 -g0  -L/home/ubuntu/.cache/pyodide-build/.pyodide-xbuildenv-b2b15c7d3f61/0.27.8/xbuildenv/pyodide-root/cpython/installs/python-3.12.7/lib/ -s WASM_BIGINT -s SIDE_MODULE=1 -Oz -rdynamic
--   Static LD flags       : 
--   Module LD flags       : -O2 -g0  -L/home/ubuntu/.cache/pyodide-build/.pyodide-xbuildenv-b2b15c7d3f61/0.27.8/xbuildenv/pyodide-root/cpython/installs/python-3.12.7/lib/ -s WASM_BIGINT -s SIDE_MODULE=1 -Oz -O2 -g0  -L/home/ubuntu/.cache/pyodide-build/.pyodide-xbuildenv-b2b15c7d3f61/0.27.8/xbuildenv/pyodide-root/cpython/installs/python-3.12.7/lib/ -s WASM_BIGINT -s SIDE_MODULE=1 -Oz -O2 -g0  -L/home/ubuntu/.cache/pyodide-build/.pyodide-xbuildenv-b2b15c7d3f61/0.27.8/xbuildenv/pyodide-root/cpython/installs/python-3.12.7/lib/ -s WASM_BIGINT -s SIDE_MODULE=1 -Oz -O2 -g0  -L/home/ubuntu/.cache/pyodide-build/.pyodide-xbuildenv-b2b15c7d3f61/0.27.8/xbuildenv/pyodide-root/cpython/installs/python-3.12.7/lib/ -s WASM_BIGINT -s SIDE_MODULE=1 -Oz
--   Build type            : Release
--   Compile definitions   : ONNX_ML=1;ONNXIFI_ENABLE_EXT=1;ONNX_NAMESPACE=onnx_torch;HAVE_MMAP=1;_FILE_OFFSET_BITS=64;HAVE_SHM_OPEN=1;HAVE_SHM_UNLINK=1;HAVE_MALLOC_USABLE_SIZE=1;USE_EXTERNAL_MZCRC;MINIZ_DISABLE_ZIP_READER_CRC32_CHECKS
--   CMAKE_PREFIX_PATH     : /tmp/build-env-kc19rmon/lib/python3.12/site-packages
--   CMAKE_INSTALL_PREFIX  : /home/ubuntu/pyodide-recipes/packages/torch/build/torch-2.8.0/torch
--   USE_GOLD_LINKER       : OFF
-- 
--   TORCH_VERSION         : 2.8.0
--   BUILD_STATIC_RUNTIME_BENCHMARK: OFF
--   BUILD_BINARY          : OFF
--   BUILD_CUSTOM_PROTOBUF : ON
--     Link local protobuf : ON
--   BUILD_PYTHON          : True
--     Python version      : 3.12.3
--     Python executable   : /tmp/build-env-kc19rmon/bin/python
--     Python library      : 
--     Python includes     : _Python_INCLUDE_DIR-NOTFOUND
--     Python site-package : /tmp/build-env-kc19rmon/lib/python3.12/site-packages
--   BUILD_SHARED_LIBS     : ON
--   CAFFE2_USE_MSVC_STATIC_RUNTIME     : OFF
--   BUILD_TEST            : False
--   BUILD_JNI             : OFF
--   BUILD_MOBILE_AUTOGRAD : OFF
--   BUILD_LITE_INTERPRETER: OFF
--   INTERN_BUILD_MOBILE   : 
--   TRACING_BASED         : OFF
--   USE_BLAS              : 0
--   USE_LAPACK            : 0
--   USE_ASAN              : OFF
--   USE_TSAN              : OFF
--   USE_CPP_CODE_COVERAGE : OFF
--   USE_CUDA              : 0
--   USE_XPU               : 0
--   USE_ROCM              : OFF
--   BUILD_NVFUSER         : 
--   USE_EIGEN_FOR_BLAS    : ON
--   USE_FBGEMM            : OFF
--     USE_FAKELOWP          : OFF
--   USE_KINETO            : 0
--   USE_GFLAGS            : OFF
--   USE_GLOG              : OFF
--   USE_LITE_PROTO        : OFF
--   USE_PYTORCH_METAL     : OFF
--   USE_PYTORCH_METAL_EXPORT     : OFF
--   USE_MPS               : OFF
--   CAN_COMPILE_METAL     : 
--   USE_MKL               : OFF
--   USE_MKLDNN            : OFF
--   USE_UCC               : OFF
--   USE_ITT               : OFF
--   USE_XCCL              : OFF
--   USE_NCCL              : OFF
--   USE_NNPACK            : 0
--   USE_NUMPY             : False
--   USE_OBSERVERS         : ON
--   USE_OPENCL            : OFF
--   USE_OPENMP            : 0
--   USE_MIMALLOC          : OFF
--   USE_VULKAN            : OFF
--   USE_PROF              : OFF
--   USE_PYTORCH_QNNPACK   : 0
--   USE_XNNPACK           : 0
--   USE_DISTRIBUTED       : 0
--   Public Dependencies  : 
--   Private Dependencies : Threads::Threads;cpuinfo;fp16;rt;fmt::fmt-header-only;dl
--   Public CUDA Deps.    : 
--   Private CUDA Deps.   : 
--   USE_COREML_DELEGATE     : OFF
--   BUILD_LAZY_TS_BACKEND   : ON
--   USE_ROCM_KERNEL_ASSERT : OFF
-- Configuring done (52.7s)
-- Generating done (0.4s)
CMake Warning:
  Manually-specified variables were not used by the project:

    BUILD_CAFFE2
    BUILD_DEPENDENCY_INDEX_URL
    BUILD_ENV_SCRIPTS_DIR
    CMAKE_EXECUTABLE
    USE_LEGACY_PLATFORM
    USE_QNNPACK


-- Build files have been written to: /home/ubuntu/pyodide-recipes/packages/torch/build/torch-2.8.0/build
[1/4] Generating ATen declarations_yaml
[2/4] Generating ATen headers
[3/4] Generating ATen sources
[1/1536] Running gen_proto.py on onnx/onnx.in.proto
Processing /home/ubuntu/pyodide-recipes/packages/torch/build/torch-2.8.0/third_party/onnx/onnx/onnx.in.proto
Writing /home/ubuntu/pyodide-recipes/packages/torch/build/torch-2.8.0/build/third_party/onnx/onnx/onnx_onnx_torch-ml.proto
Writing /home/ubuntu/pyodide-recipes/packages/torch/build/torch-2.8.0/build/third_party/onnx/onnx/onnx_onnx_torch-ml.proto3
Writing /home/ubuntu/pyodide-recipes/packages/torch/build/torch-2.8.0/build/third_party/onnx/onnx/onnx-ml.pb.h
generating /home/ubuntu/pyodide-recipes/packages/torch/build/torch-2.8.0/build/third_party/onnx/onnx/onnx_pb.py
[2/1536] Running C++ protocol buffer compiler on /home/ubuntu/pyodide-recipes/packages/torch/build/torch-2.8.0/build/third_party/onnx/onnx/onnx_onnx_torch-ml.proto
[3/1536] Running gen_proto.py on onnx/onnx-operators.in.proto
Processing /home/ubuntu/pyodide-recipes/packages/torch/build/torch-2.8.0/third_party/onnx/onnx/onnx-operators.in.proto
Writing /home/ubuntu/pyodide-recipes/packages/torch/build/torch-2.8.0/build/third_party/onnx/onnx/onnx-operators_onnx_torch-ml.proto
Writing /home/ubuntu/pyodide-recipes/packages/torch/build/torch-2.8.0/build/third_party/onnx/onnx/onnx-operators_onnx_torch-ml.proto3
Writing /home/ubuntu/pyodide-recipes/packages/torch/build/torch-2.8.0/build/third_party/onnx/onnx/onnx-operators-ml.pb.h
generating /home/ubuntu/pyodide-recipes/packages/torch/build/torch-2.8.0/build/third_party/onnx/onnx/onnx_operators_pb.py
[4/1536] Running gen_proto.py on onnx/onnx-data.in.proto
Processing /home/ubuntu/pyodide-recipes/packages/torch/build/torch-2.8.0/third_party/onnx/onnx/onnx-data.in.proto
Writing /home/ubuntu/pyodide-recipes/packages/torch/build/torch-2.8.0/build/third_party/onnx/onnx/onnx-data_onnx_torch.proto
Writing /home/ubuntu/pyodide-recipes/packages/torch/build/torch-2.8.0/build/third_party/onnx/onnx/onnx-data_onnx_torch.proto3
Writing /home/ubuntu/pyodide-recipes/packages/torch/build/torch-2.8.0/build/third_party/onnx/onnx/onnx-data.pb.h
generating /home/ubuntu/pyodide-recipes/packages/torch/build/torch-2.8.0/build/third_party/onnx/onnx/onnx_data_pb.py
[5/1536] Building CXX object third_party/protobuf/cmake/CMakeFiles/libprotobuf.dir/__/src/google/protobuf/arena.cc.o
[6/1536] Building CXX object third_party/protobuf/cmake/CMakeFiles/libprotobuf.dir/__/src/google/protobuf/any_lite.cc.o
[7/1536] Building CXX object third_party/protobuf/cmake/CMakeFiles/libprotobuf.dir/__/src/google/protobuf/generated_enum_util.cc.o
[8/1536] Building CXX object third_party/protobuf/cmake/CMakeFiles/libprotobuf.dir/__/src/google/protobuf/extension_set.cc.o
[9/1536] Building CXX object third_party/protobuf/cmake/CMakeFiles/libprotobuf.dir/__/src/google/protobuf/implicit_weak_message.cc.o
[10/1536] Building CXX object third_party/protobuf/cmake/CMakeFiles/libprotobuf.dir/__/src/google/protobuf/generated_message_util.cc.o
[11/1536] Building CXX object third_party/protobuf/cmake/CMakeFiles/libprotobuf.dir/__/src/google/protobuf/generated_message_table_driven_lite.cc.o
[12/1536] Building CXX object third_party/protobuf/cmake/CMakeFiles/libprotobuf.dir/__/src/google/protobuf/io/io_win32.cc.o
[13/1536] Building CXX object third_party/protobuf/cmake/CMakeFiles/libprotobuf.dir/__/src/google/protobuf/io/coded_stream.cc.o
[14/1536] Building CXX object third_party/protobuf/cmake/CMakeFiles/libprotobuf.dir/__/src/google/protobuf/io/strtod.cc.o
[15/1536] Building CXX object third_party/protobuf/cmake/CMakeFiles/libprotobuf.dir/__/src/google/protobuf/io/zero_copy_stream.cc.o
[16/1536] Building CXX object third_party/protobuf/cmake/CMakeFiles/libprotobuf.dir/__/src/google/protobuf/io/zero_copy_stream_impl.cc.o
[17/1536] Building CXX object third_party/protobuf/cmake/CMakeFiles/libprotobuf.dir/__/src/google/protobuf/io/zero_copy_stream_impl_lite.cc.o
[18/1536] Building CXX object third_party/protobuf/cmake/CMakeFiles/libprotobuf.dir/__/src/google/protobuf/message_lite.cc.o
[19/1536] Building CXX object third_party/protobuf/cmake/CMakeFiles/libprotobuf.dir/__/src/google/protobuf/parse_context.cc.o
[20/1536] Building CXX object third_party/protobuf/cmake/CMakeFiles/libprotobuf.dir/__/src/google/protobuf/stubs/bytestream.cc.o
[21/1536] Building CXX object third_party/protobuf/cmake/CMakeFiles/libprotobuf.dir/__/src/google/protobuf/repeated_field.cc.o
[22/1536] Building CXX object third_party/protobuf/cmake/CMakeFiles/libprotobuf.dir/__/src/google/protobuf/stubs/common.cc.o
[23/1536] Building CXX object third_party/protobuf/cmake/CMakeFiles/libprotobuf.dir/__/src/google/protobuf/stubs/int128.cc.o
[24/1536] Building CXX object third_party/protobuf/cmake/CMakeFiles/libprotobuf.dir/__/src/google/protobuf/stubs/status.cc.o
[25/1536] Building CXX object third_party/protobuf/cmake/CMakeFiles/libprotobuf.dir/__/src/google/protobuf/stubs/statusor.cc.o
[26/1536] Building CXX object third_party/protobuf/cmake/CMakeFiles/libprotobuf.dir/__/src/google/protobuf/stubs/stringpiece.cc.o
[27/1536] Building CXX object third_party/protobuf/cmake/CMakeFiles/libprotobuf.dir/__/src/google/protobuf/stubs/stringprintf.cc.o
[28/1536] Building CXX object third_party/protobuf/cmake/CMakeFiles/libprotobuf.dir/__/src/google/protobuf/stubs/structurally_valid.cc.o
[29/1536] Building CXX object third_party/protobuf/cmake/CMakeFiles/libprotobuf.dir/__/src/google/protobuf/stubs/strutil.cc.o
[30/1536] Building CXX object third_party/protobuf/cmake/CMakeFiles/libprotobuf.dir/__/src/google/protobuf/stubs/time.cc.o
[31/1536] Building CXX object third_party/protobuf/cmake/CMakeFiles/libprotobuf.dir/__/src/google/protobuf/wire_format_lite.cc.o
[32/1536] Building CXX object third_party/protobuf/cmake/CMakeFiles/libprotobuf.dir/__/src/google/protobuf/any.cc.o
[33/1536] Building CXX object third_party/protobuf/cmake/CMakeFiles/libprotobuf.dir/__/src/google/protobuf/any.pb.cc.o
[34/1536] Building CXX object third_party/protobuf/cmake/CMakeFiles/libprotobuf.dir/__/src/google/protobuf/api.pb.cc.o
[35/1536] Building CXX object third_party/protobuf/cmake/CMakeFiles/libprotobuf.dir/__/src/google/protobuf/compiler/importer.cc.o
[36/1536] Building CXX object third_party/protobuf/cmake/CMakeFiles/libprotobuf.dir/__/src/google/protobuf/compiler/parser.cc.o
[37/1536] Building CXX object third_party/protobuf/cmake/CMakeFiles/libprotobuf.dir/__/src/google/protobuf/duration.pb.cc.o
[38/1536] Building CXX object third_party/protobuf/cmake/CMakeFiles/libprotobuf.dir/__/src/google/protobuf/descriptor_database.cc.o
[39/1536] Building CXX object third_party/protobuf/cmake/CMakeFiles/libprotobuf.dir/__/src/google/protobuf/descriptor.pb.cc.o
[40/1536] Building CXX object third_party/protobuf/cmake/CMakeFiles/libprotobuf.dir/__/src/google/protobuf/dynamic_message.cc.o
[41/1536] Building CXX object third_party/protobuf/cmake/CMakeFiles/libprotobuf.dir/__/src/google/protobuf/empty.pb.cc.o
[42/1536] Building CXX object third_party/protobuf/cmake/CMakeFiles/libprotobuf.dir/__/src/google/protobuf/extension_set_heavy.cc.o
[43/1536] Building CXX object third_party/protobuf/cmake/CMakeFiles/libprotobuf.dir/__/src/google/protobuf/field_mask.pb.cc.o
[44/1536] Building CXX object third_party/protobuf/cmake/CMakeFiles/libprotobuf.dir/__/src/google/protobuf/io/gzip_stream.cc.o
[45/1536] Building CXX object third_party/protobuf/cmake/CMakeFiles/libprotobuf.dir/__/src/google/protobuf/descriptor.cc.o
[46/1536] Building CXX object third_party/protobuf/cmake/CMakeFiles/libprotobuf.dir/__/src/google/protobuf/generated_message_reflection.cc.o
[47/1536] Building CXX object third_party/protobuf/cmake/CMakeFiles/libprotobuf.dir/__/src/google/protobuf/generated_message_table_driven.cc.o
[48/1536] Building CXX object third_party/protobuf/cmake/CMakeFiles/libprotobuf.dir/__/src/google/protobuf/io/printer.cc.o
[49/1536] Building CXX object third_party/protobuf/cmake/CMakeFiles/libprotobuf.dir/__/src/google/protobuf/io/tokenizer.cc.o
[50/1536] Building CXX object third_party/protobuf/cmake/CMakeFiles/libprotobuf.dir/__/src/google/protobuf/service.cc.o
[51/1536] Building CXX object third_party/protobuf/cmake/CMakeFiles/libprotobuf.dir/__/src/google/protobuf/map_field.cc.o
[52/1536] Building CXX object third_party/protobuf/cmake/CMakeFiles/libprotobuf.dir/__/src/google/protobuf/reflection_ops.cc.o
[53/1536] Building CXX object third_party/protobuf/cmake/CMakeFiles/libprotobuf.dir/__/src/google/protobuf/message.cc.o
[54/1536] Building CXX object third_party/protobuf/cmake/CMakeFiles/libprotobuf.dir/__/src/google/protobuf/source_context.pb.cc.o
[55/1536] Building CXX object third_party/protobuf/cmake/CMakeFiles/libprotobuf.dir/__/src/google/protobuf/stubs/substitute.cc.o
[56/1536] Building CXX object third_party/protobuf/cmake/CMakeFiles/libprotobuf.dir/__/src/google/protobuf/struct.pb.cc.o
[57/1536] Building CXX object third_party/protobuf/cmake/CMakeFiles/libprotobuf.dir/__/src/google/protobuf/timestamp.pb.cc.o
[58/1536] Building CXX object third_party/protobuf/cmake/CMakeFiles/libprotobuf.dir/__/src/google/protobuf/type.pb.cc.o
[59/1536] Building CXX object third_party/protobuf/cmake/CMakeFiles/libprotobuf.dir/__/src/google/protobuf/util/delimited_message_util.cc.o
[60/1536] Building CXX object third_party/protobuf/cmake/CMakeFiles/libprotobuf.dir/__/src/google/protobuf/text_format.cc.o
[61/1536] Building CXX object third_party/protobuf/cmake/CMakeFiles/libprotobuf.dir/__/src/google/protobuf/unknown_field_set.cc.o
[62/1536] Building CXX object third_party/protobuf/cmake/CMakeFiles/libprotobuf.dir/__/src/google/protobuf/util/field_comparator.cc.o
[63/1536] Building CXX object third_party/protobuf/cmake/CMakeFiles/libprotobuf.dir/__/src/google/protobuf/util/field_mask_util.cc.o
[64/1536] Building CXX object third_party/protobuf/cmake/CMakeFiles/libprotobuf.dir/__/src/google/protobuf/util/internal/datapiece.cc.o
[65/1536] Building CXX object third_party/protobuf/cmake/CMakeFiles/libprotobuf.dir/__/src/google/protobuf/util/internal/error_listener.cc.o
[66/1536] Building CXX object third_party/protobuf/cmake/CMakeFiles/libprotobuf.dir/__/src/google/protobuf/util/internal/default_value_objectwriter.cc.o
[67/1536] Building CXX object third_party/protobuf/cmake/CMakeFiles/libprotobuf.dir/__/src/google/protobuf/util/internal/json_escaping.cc.o
[68/1536] Building CXX object third_party/protobuf/cmake/CMakeFiles/libprotobuf.dir/__/src/google/protobuf/util/internal/field_mask_utility.cc.o
[69/1536] Building CXX object third_party/protobuf/cmake/CMakeFiles/libprotobuf.dir/__/src/google/protobuf/util/internal/json_objectwriter.cc.o
[70/1536] Building CXX object third_party/protobuf/cmake/CMakeFiles/libprotobuf.dir/__/src/google/protobuf/util/internal/json_stream_parser.cc.o
[71/1536] Building CXX object third_party/protobuf/cmake/CMakeFiles/libprotobuf.dir/__/src/google/protobuf/util/internal/object_writer.cc.o
[72/1536] Building CXX object third_party/protobuf/cmake/CMakeFiles/libprotobuf.dir/__/src/google/protobuf/util/internal/proto_writer.cc.o
[73/1536] Building CXX object third_party/protobuf/cmake/CMakeFiles/libprotobuf.dir/__/src/google/protobuf/util/internal/protostream_objectsource.cc.o
[74/1536] Building CXX object third_party/protobuf/cmake/CMakeFiles/libprotobuf.dir/__/src/google/protobuf/util/internal/protostream_objectwriter.cc.o
[75/1536] Building CXX object third_party/protobuf/cmake/CMakeFiles/libprotobuf.dir/__/src/google/protobuf/util/internal/type_info.cc.o
[76/1536] Building CXX object third_party/protobuf/cmake/CMakeFiles/libprotobuf.dir/__/src/google/protobuf/util/internal/type_info_test_helper.cc.o
[77/1536] Building CXX object third_party/protobuf/cmake/CMakeFiles/libprotobuf.dir/__/src/google/protobuf/util/internal/utility.cc.o
[78/1536] Building CXX object third_party/protobuf/cmake/CMakeFiles/libprotobuf.dir/__/src/google/protobuf/util/json_util.cc.o
[79/1536] Building CXX object third_party/protobuf/cmake/CMakeFiles/libprotobuf.dir/__/src/google/protobuf/util/time_util.cc.o
[80/1536] Building CXX object third_party/protobuf/cmake/CMakeFiles/libprotobuf.dir/__/src/google/protobuf/util/type_resolver_util.cc.o
[81/1536] Running C++ protocol buffer compiler on /home/ubuntu/pyodide-recipes/packages/torch/build/torch-2.8.0/build/third_party/onnx/onnx/onnx-operators_onnx_torch-ml.proto
[82/1536] Running C++ protocol buffer compiler on /home/ubuntu/pyodide-recipes/packages/torch/build/torch-2.8.0/build/third_party/onnx/onnx/onnx-data_onnx_torch.proto
[83/1536] Building CXX object third_party/protobuf/cmake/CMakeFiles/libprotobuf.dir/__/src/google/protobuf/util/message_differencer.cc.o
[84/1536] Building C object confu-deps/cpuinfo/CMakeFiles/cpuinfo.dir/src/api.c.o
[85/1536] Building C object confu-deps/cpuinfo/CMakeFiles/cpuinfo.dir/src/cache.c.o
[86/1536] Building C object confu-deps/cpuinfo/CMakeFiles/cpuinfo.dir/src/init.c.o
[87/1536] Building C object confu-deps/cpuinfo/CMakeFiles/cpuinfo.dir/src/log.c.o
[88/1536] Building CXX object third_party/protobuf/cmake/CMakeFiles/libprotobuf.dir/__/src/google/protobuf/wire_format.cc.o
[89/1536] Building CXX object third_party/protobuf/cmake/CMakeFiles/libprotobuf.dir/__/src/google/protobuf/wrappers.pb.cc.o
[90/1536] Linking CXX static library lib/libprotobuf.a
[91/1536] Linking C static library lib/libcpuinfo.a
[92/1536] Building CXX object third_party/onnx/CMakeFiles/onnx_proto.dir/onnx/onnx-operators_onnx_torch-ml.pb.cc.o
[93/1536] Building CXX object third_party/onnx/CMakeFiles/onnx_proto.dir/onnx/onnx-data_onnx_torch.pb.cc.o
[94/1536] Building CXX object third_party/onnx/CMakeFiles/onnx.dir/onnx/common/assertions.cc.o
[95/1536] Building CXX object third_party/onnx/CMakeFiles/onnx.dir/onnx/common/interned_strings.cc.o
[96/1536] Building CXX object third_party/onnx/CMakeFiles/onnx_proto.dir/onnx/onnx_onnx_torch-ml.pb.cc.o
[97/1536] Linking CXX static library lib/libonnx_proto.a
[98/1536] Building CXX object third_party/onnx/CMakeFiles/onnx.dir/onnx/checker.cc.o
[99/1536] Building CXX object third_party/onnx/CMakeFiles/onnx.dir/onnx/common/path.cc.o
[100/1536] Building CXX object third_party/onnx/CMakeFiles/onnx.dir/onnx/common/model_helpers.cc.o
[101/1536] Building CXX object third_party/onnx/CMakeFiles/onnx.dir/onnx/common/status.cc.o
[102/1536] Building CXX object third_party/onnx/CMakeFiles/onnx.dir/onnx/defs/attr_proto_util.cc.o
[103/1536] Building CXX object third_party/onnx/CMakeFiles/onnx.dir/onnx/common/ir_pb_converter.cc.o
[104/1536] Building CXX object third_party/onnx/CMakeFiles/onnx.dir/onnx/defs/controlflow/defs.cc.o
[105/1536] Building CXX object third_party/onnx/CMakeFiles/onnx.dir/onnx/defs/data_type_utils.cc.o
[106/1536] Building CXX object third_party/onnx/CMakeFiles/onnx.dir/onnx/defs/controlflow/utils.cc.o
[107/1536] Building CXX object third_party/onnx/CMakeFiles/onnx.dir/onnx/defs/controlflow/old.cc.o
[108/1536] Building CXX object third_party/onnx/CMakeFiles/onnx.dir/onnx/defs/function.cc.o
[109/1536] Building CXX object third_party/onnx/CMakeFiles/onnx.dir/onnx/defs/generator/utils.cc.o
[110/1536] Building CXX object third_party/onnx/CMakeFiles/onnx.dir/onnx/defs/generator/defs.cc.o
[111/1536] Building CXX object third_party/onnx/CMakeFiles/onnx.dir/onnx/defs/generator/old.cc.o
[112/1536] Building CXX object third_party/onnx/CMakeFiles/onnx.dir/onnx/defs/image/defs.cc.o
[113/1536] Building CXX object third_party/onnx/CMakeFiles/onnx.dir/onnx/defs/logical/defs.cc.o
[114/1536] Building CXX object third_party/onnx/CMakeFiles/onnx.dir/onnx/defs/logical/old.cc.o
[115/1536] Building CXX object third_party/onnx/CMakeFiles/onnx.dir/onnx/defs/math/utils.cc.o
[116/1536] Building CXX object third_party/onnx/CMakeFiles/onnx.dir/onnx/defs/math/defs.cc.o
[117/1536] Building CXX object third_party/onnx/CMakeFiles/onnx.dir/onnx/defs/math/old.cc.o
[118/1536] Building CXX object third_party/onnx/CMakeFiles/onnx.dir/onnx/defs/object_detection/defs.cc.o
[119/1536] Building CXX object third_party/onnx/CMakeFiles/onnx.dir/onnx/defs/nn/defs.cc.o
[120/1536] Building CXX object third_party/onnx/CMakeFiles/onnx.dir/onnx/defs/object_detection/old.cc.o
[121/1536] Building CXX object third_party/onnx/CMakeFiles/onnx.dir/onnx/defs/nn/old.cc.o
[122/1536] Building CXX object third_party/onnx/CMakeFiles/onnx.dir/onnx/defs/optional/defs.cc.o
[123/1536] Building CXX object third_party/onnx/CMakeFiles/onnx.dir/onnx/defs/parser.cc.o
[124/1536] Building CXX object third_party/onnx/CMakeFiles/onnx.dir/onnx/defs/optional/old.cc.o
[125/1536] Building CXX object third_party/onnx/CMakeFiles/onnx.dir/onnx/defs/printer.cc.o
[126/1536] Building CXX object third_party/onnx/CMakeFiles/onnx.dir/onnx/defs/quantization/defs.cc.o
[127/1536] Building CXX object third_party/onnx/CMakeFiles/onnx.dir/onnx/defs/reduction/defs.cc.o
[128/1536] Building CXX object third_party/onnx/CMakeFiles/onnx.dir/onnx/defs/quantization/old.cc.o
[129/1536] Building CXX object third_party/onnx/CMakeFiles/onnx.dir/onnx/defs/reduction/old.cc.o
[130/1536] Building CXX object third_party/onnx/CMakeFiles/onnx.dir/onnx/defs/reduction/utils.cc.o
[131/1536] Building CXX object third_party/onnx/CMakeFiles/onnx.dir/onnx/defs/rnn/defs.cc.o
[132/1536] Building CXX object third_party/onnx/CMakeFiles/onnx.dir/onnx/defs/rnn/old.cc.o
[133/1536] Building CXX object third_party/onnx/CMakeFiles/onnx.dir/onnx/defs/shape_inference.cc.o
[134/1536] Building CXX object third_party/onnx/CMakeFiles/onnx.dir/onnx/defs/sequence/defs.cc.o
[135/1536] Building CXX object third_party/onnx/CMakeFiles/onnx.dir/onnx/defs/schema.cc.o
[136/1536] Building CXX object third_party/onnx/CMakeFiles/onnx.dir/onnx/defs/tensor_proto_util.cc.o
[137/1536] Building CXX object third_party/onnx/CMakeFiles/onnx.dir/onnx/defs/tensor/utils.cc.o
[138/1536] Building CXX object third_party/onnx/CMakeFiles/onnx.dir/onnx/defs/tensor/defs.cc.o
[139/1536] Building CXX object third_party/onnx/CMakeFiles/onnx.dir/onnx/defs/tensor_util.cc.o
[140/1536] Building CXX object third_party/onnx/CMakeFiles/onnx.dir/onnx/defs/text/defs.cc.o
[141/1536] Building CXX object third_party/onnx/CMakeFiles/onnx.dir/onnx/defs/traditionalml/defs.cc.o
[142/1536] Building CXX object third_party/onnx/CMakeFiles/onnx.dir/onnx/defs/traditionalml/old.cc.o
[143/1536] Building CXX object third_party/onnx/CMakeFiles/onnx.dir/onnx/defs/training/defs.cc.o
[144/1536] Building CXX object third_party/onnx/CMakeFiles/onnx.dir/onnx/defs/tensor/old.cc.o
[145/1536] Building CXX object third_party/onnx/CMakeFiles/onnx.dir/onnx/version_converter/helper.cc.o
[146/1536] Building CXX object c10/CMakeFiles/c10.dir/core/Allocator.cpp.o
[147/1536] Building CXX object c10/CMakeFiles/c10.dir/core/AutogradState.cpp.o
[148/1536] Building CXX object third_party/onnx/CMakeFiles/onnx.dir/onnx/shape_inference/implementation.cc.o
[149/1536] Building CXX object third_party/onnx/CMakeFiles/onnx.dir/onnx/inliner/inliner.cc.o
[150/1536] Building CXX object c10/CMakeFiles/c10.dir/core/ConstantSymNodeImpl.cpp.o
[151/1536] Building CXX object c10/CMakeFiles/c10.dir/core/CopyBytes.cpp.o
[152/1536] Building CXX object c10/CMakeFiles/c10.dir/core/CPUAllocator.cpp.o
[153/1536] Building CXX object c10/CMakeFiles/c10.dir/core/DefaultDtype.cpp.o
[154/1536] Building CXX object c10/CMakeFiles/c10.dir/core/Device.cpp.o
[155/1536] Building CXX object c10/CMakeFiles/c10.dir/core/DeviceType.cpp.o
[156/1536] Building CXX object c10/CMakeFiles/c10.dir/core/DispatchKeySet.cpp.o
[157/1536] Building CXX object third_party/onnx/CMakeFiles/onnx.dir/onnx/version_converter/convert.cc.o
[158/1536] Building CXX object c10/CMakeFiles/c10.dir/core/GradMode.cpp.o
[159/1536] Building CXX object c10/CMakeFiles/c10.dir/core/GeneratorImpl.cpp.o
[160/1536] Building CXX object c10/CMakeFiles/c10.dir/core/InferenceMode.cpp.o
[161/1536] Building CXX object c10/CMakeFiles/c10.dir/core/DispatchKey.cpp.o
[162/1536] Building CXX object c10/CMakeFiles/c10.dir/core/RefcountedDeleter.cpp.o
[163/1536] Building CXX object c10/CMakeFiles/c10.dir/core/SafePyObject.cpp.o
[164/1536] Building CXX object c10/CMakeFiles/c10.dir/core/Scalar.cpp.o
[165/1536] Building CXX object c10/CMakeFiles/c10.dir/core/Storage.cpp.o
[166/1536] Building CXX object c10/CMakeFiles/c10.dir/core/ScalarType.cpp.o
[167/1536] Building CXX object c10/CMakeFiles/c10.dir/core/StorageImpl.cpp.o
[168/1536] Building CXX object c10/CMakeFiles/c10.dir/core/Stream.cpp.o
[169/1536] Building CXX object c10/CMakeFiles/c10.dir/core/SymBool.cpp.o
[170/1536] Building CXX object c10/CMakeFiles/c10.dir/core/SymFloat.cpp.o
[171/1536] Building CXX object c10/CMakeFiles/c10.dir/core/SymIntArrayRef.cpp.o
[172/1536] Building CXX object c10/CMakeFiles/c10.dir/core/SymInt.cpp.o
[173/1536] Building CXX object c10/CMakeFiles/c10.dir/core/SymNodeImpl.cpp.o
[174/1536] Building CXX object c10/CMakeFiles/c10.dir/core/SymbolicShapeMeta.cpp.o
[175/1536] Building CXX object c10/CMakeFiles/c10.dir/core/TensorOptions.cpp.o
[176/1536] Building CXX object c10/CMakeFiles/c10.dir/core/UndefinedTensorImpl.cpp.o
[177/1536] Building CXX object c10/CMakeFiles/c10.dir/core/WrapDimMinimal.cpp.o
[178/1536] Building CXX object c10/CMakeFiles/c10.dir/core/impl/COW.cpp.o
[179/1536] Building CXX object c10/CMakeFiles/c10.dir/core/impl/COWDeleter.cpp.o
[180/1536] Building CXX object c10/CMakeFiles/c10.dir/core/TensorImpl.cpp.o
[181/1536] Building CXX object c10/CMakeFiles/c10.dir/core/impl/DeviceGuardImplInterface.cpp.o
[182/1536] Building CXX object c10/CMakeFiles/c10.dir/core/impl/HermeticPyObjectTLS.cpp.o
[183/1536] Building CXX object c10/CMakeFiles/c10.dir/core/impl/LocalDispatchKeySet.cpp.o
[184/1536] Building CXX object c10/CMakeFiles/c10.dir/core/impl/GPUTrace.cpp.o
[185/1536] Building CXX object c10/CMakeFiles/c10.dir/core/impl/PyObjectSlot.cpp.o
[186/1536] Building CXX object c10/CMakeFiles/c10.dir/core/impl/PyInterpreter.cpp.o
[187/1536] Building CXX object c10/CMakeFiles/c10.dir/core/impl/SizesAndStrides.cpp.o
[188/1536] Building CXX object c10/CMakeFiles/c10.dir/core/impl/PythonDispatcherTLS.cpp.o
[189/1536] Building CXX object c10/CMakeFiles/c10.dir/core/impl/TorchDispatchModeTLS.cpp.o
[190/1536] Building CXX object c10/CMakeFiles/c10.dir/core/impl/alloc_cpu.cpp.o
[191/1536] Building CXX object c10/CMakeFiles/c10.dir/mobile/CPUCachingAllocator.cpp.o
[192/1536] Building CXX object c10/CMakeFiles/c10.dir/core/thread_pool.cpp.o
[193/1536] Building CXX object c10/CMakeFiles/c10.dir/util/Backtrace.cpp.o
[194/1536] Building CXX object c10/CMakeFiles/c10.dir/util/Bfloat16.cpp.o
[195/1536] Building CXX object c10/CMakeFiles/c10.dir/util/ApproximateClock.cpp.o
[196/1536] Building CXX object c10/CMakeFiles/c10.dir/mobile/CPUProfilingAllocator.cpp.o
[197/1536] Building CXX object c10/CMakeFiles/c10.dir/util/C++17.cpp.o
[198/1536] Building CXX object c10/CMakeFiles/c10.dir/util/DeadlockDetection.cpp.o
[199/1536] Building CXX object c10/CMakeFiles/c10.dir/util/DynamicCounter.cpp.o
[200/1536] Building CXX object c10/CMakeFiles/c10.dir/util/Exception.cpp.o
[201/1536] Building CXX object c10/CMakeFiles/c10.dir/util/Float8_e4m3fn.cpp.o
[202/1536] Building CXX object c10/CMakeFiles/c10.dir/util/Float8_e4m3fnuz.cpp.o
[203/1536] Building CXX object c10/CMakeFiles/c10.dir/util/Float8_e5m2.cpp.o
[204/1536] Building CXX object c10/CMakeFiles/c10.dir/util/Float8_e5m2fnuz.cpp.o
[205/1536] Building CXX object c10/CMakeFiles/c10.dir/util/Float8_e8m0fnu.cpp.o
[206/1536] Building CXX object c10/CMakeFiles/c10.dir/util/Half.cpp.o
[207/1536] Building CXX object c10/CMakeFiles/c10.dir/util/Gauge.cpp.o
[208/1536] Building CXX object c10/CMakeFiles/c10.dir/util/LeftRight.cpp.o
[209/1536] Building CXX object c10/CMakeFiles/c10.dir/util/Metaprogramming.cpp.o
[210/1536] Building CXX object c10/CMakeFiles/c10.dir/util/MathConstants.cpp.o
[211/1536] Building CXX object c10/CMakeFiles/c10.dir/util/ParallelGuard.cpp.o
[212/1536] Building CXX object c10/CMakeFiles/c10.dir/util/Optional.cpp.o
[213/1536] Building CXX object c10/CMakeFiles/c10.dir/util/Logging.cpp.o
[214/1536] Building CXX object c10/CMakeFiles/c10.dir/util/NetworkFlow.cpp.o
[215/1536] Building CXX object c10/CMakeFiles/c10.dir/util/SmallVector.cpp.o
[216/1536] Building CXX object c10/CMakeFiles/c10.dir/util/StringUtil.cpp.o
In file included from /home/ubuntu/pyodide-recipes/packages/torch/build/torch-2.8.0/c10/util/StringUtil.cpp:1:
In file included from /home/ubuntu/pyodide-recipes/packages/torch/build/torch-2.8.0/c10/util/StringUtil.h:9:
In file included from /home/ubuntu/.cache/pyodide-build/.pyodide-xbuildenv-b2b15c7d3f61/0.27.8/emsdk/upstream/emscripten/cache/sysroot/include/c++/v1/ostream:189:
In file included from /home/ubuntu/.cache/pyodide-build/.pyodide-xbuildenv-b2b15c7d3f61/0.27.8/emsdk/upstream/emscripten/cache/sysroot/include/c++/v1/format:195:
In file included from /home/ubuntu/.cache/pyodide-build/.pyodide-xbuildenv-b2b15c7d3f61/0.27.8/emsdk/upstream/emscripten/cache/sysroot/include/c++/v1/__format/container_adaptor.h:20:
In file included from /home/ubuntu/.cache/pyodide-build/.pyodide-xbuildenv-b2b15c7d3f61/0.27.8/emsdk/upstream/emscripten/cache/sysroot/include/c++/v1/__format/range_default_formatter.h:23:
In file included from /home/ubuntu/.cache/pyodide-build/.pyodide-xbuildenv-b2b15c7d3f61/0.27.8/emsdk/upstream/emscripten/cache/sysroot/include/c++/v1/__format/range_formatter.h:23:
In file included from /home/ubuntu/.cache/pyodide-build/.pyodide-xbuildenv-b2b15c7d3f61/0.27.8/emsdk/upstream/emscripten/cache/sysroot/include/c++/v1/__format/format_context.h:30:
/home/ubuntu/.cache/pyodide-build/.pyodide-xbuildenv-b2b15c7d3f61/0.27.8/emsdk/upstream/emscripten/cache/sysroot/include/c++/v1/locale:3257:1: warning: 'wstring_convert<std::codecvt_utf8_utf16<wchar_t>>' is deprecated [-Wdeprecated-declarations]
 3257 | wstring_convert<_Codecvt, _Elem, _WideAlloc, _ByteAlloc>::to_bytes(const _Elem* __frm, const _Elem* __frm_end) {
      | ^
/home/ubuntu/.cache/pyodide-build/.pyodide-xbuildenv-b2b15c7d3f61/0.27.8/emsdk/upstream/emscripten/cache/sysroot/include/c++/v1/locale:3161:12: note: in instantiation of member function 'std::wstring_convert<std::codecvt_utf8_utf16<wchar_t>>::to_bytes' requested here
 3161 |     return to_bytes(__wstr.data(), __wstr.data() + __wstr.size());
      |            ^
/home/ubuntu/pyodide-recipes/packages/torch/build/torch-2.8.0/c10/util/StringUtil.cpp:53:29: note: in instantiation of member function 'std::wstring_convert<std::codecvt_utf8_utf16<wchar_t>>::to_bytes' requested here
   53 |   return _str(ss, converter.to_bytes(wString));
      |                             ^
/home/ubuntu/.cache/pyodide-build/.pyodide-xbuildenv-b2b15c7d3f61/0.27.8/emsdk/upstream/emscripten/cache/sysroot/include/c++/v1/locale:3114:28: note: 'wstring_convert<std::codecvt_utf8_utf16<wchar_t>>' has been explicitly marked deprecated here
 3114 | class _LIBCPP_TEMPLATE_VIS _LIBCPP_DEPRECATED_IN_CXX17 wstring_convert {
      |                            ^
/home/ubuntu/.cache/pyodide-build/.pyodide-xbuildenv-b2b15c7d3f61/0.27.8/emsdk/upstream/emscripten/cache/sysroot/include/c++/v1/__config:1002:41: note: expanded from macro '_LIBCPP_DEPRECATED_IN_CXX17'
 1002 | #    define _LIBCPP_DEPRECATED_IN_CXX17 _LIBCPP_DEPRECATED
      |                                         ^
/home/ubuntu/.cache/pyodide-build/.pyodide-xbuildenv-b2b15c7d3f61/0.27.8/emsdk/upstream/emscripten/cache/sysroot/include/c++/v1/__config:975:49: note: expanded from macro '_LIBCPP_DEPRECATED'
  975 | #      define _LIBCPP_DEPRECATED __attribute__((__deprecated__))
      |                                                 ^
1 warning generated.
[217/1536] Building CXX object c10/CMakeFiles/c10.dir/util/ThreadLocalDebugInfo.cpp.o
[218/1536] Building CXX object c10/CMakeFiles/c10.dir/util/TypeCast.cpp.o
[219/1536] Building CXX object c10/CMakeFiles/c10.dir/util/TypeList.cpp.o
[220/1536] Building CXX object c10/CMakeFiles/c10.dir/util/Unicode.cpp.o
[221/1536] Building CXX object c10/CMakeFiles/c10.dir/util/TypeTraits.cpp.o
[222/1536] Building CXX object c10/CMakeFiles/c10.dir/util/Type_demangle.cpp.o
[223/1536] Building CXX object c10/CMakeFiles/c10.dir/util/UniqueVoidPtr.cpp.o
[224/1536] Building CXX object c10/CMakeFiles/c10.dir/util/Type_no_demangle.cpp.o
[225/1536] Building CXX object c10/CMakeFiles/c10.dir/util/error.cpp.o
[226/1536] Building CXX object c10/CMakeFiles/c10.dir/util/complex_math.cpp.o
[227/1536] Building CXX object c10/CMakeFiles/c10.dir/util/flags_use_gflags.cpp.o
[228/1536] Building CXX object c10/CMakeFiles/c10.dir/util/WaitCounter.cpp.o
[229/1536] Building CXX object c10/CMakeFiles/c10.dir/util/env.cpp.o
[230/1536] Building CXX object c10/CMakeFiles/c10.dir/util/int128.cpp.o
[231/1536] Building CXX object c10/CMakeFiles/c10.dir/util/flags_use_no_gflags.cpp.o
[232/1536] Building CXX object c10/CMakeFiles/c10.dir/util/intrusive_ptr.cpp.o
[233/1536] Building CXX object c10/CMakeFiles/c10.dir/util/numa.cpp.o
[234/1536] Building CXX object c10/CMakeFiles/c10.dir/util/thread_name.cpp.o
[235/1536] Building CXX object c10/CMakeFiles/c10.dir/util/signal_handler.cpp.o
[236/1536] Linking CXX static library lib/libonnx.a
[237/1536] Building CXX object c10/CMakeFiles/c10.dir/util/tempfile.cpp.o
[238/1536] Building CXX object c10/CMakeFiles/c10.dir/util/typeid.cpp.o
[239/1536] Building CXX object third_party/protobuf/cmake/CMakeFiles/libprotoc.dir/__/src/google/protobuf/compiler/code_generator.cc.o
[240/1536] Linking CXX shared library lib/libc10.so
em++: warning: ignoring unsupported linker flag: `-soname` [-Wlinkflags]
[241/1536] Building CXX object third_party/protobuf/cmake/CMakeFiles/libprotoc.dir/__/src/google/protobuf/compiler/cpp/cpp_enum.cc.o
[242/1536] Building CXX object third_party/protobuf/cmake/CMakeFiles/libprotoc.dir/__/src/google/protobuf/compiler/cpp/cpp_enum_field.cc.o
[243/1536] Building CXX object third_party/protobuf/cmake/CMakeFiles/libprotoc.dir/__/src/google/protobuf/compiler/command_line_interface.cc.o
[244/1536] Building CXX object third_party/protobuf/cmake/CMakeFiles/libprotoc.dir/__/src/google/protobuf/compiler/cpp/cpp_extension.cc.o
[245/1536] Building CXX object third_party/protobuf/cmake/CMakeFiles/libprotoc.dir/__/src/google/protobuf/compiler/cpp/cpp_field.cc.o
[246/1536] Building CXX object third_party/protobuf/cmake/CMakeFiles/libprotoc.dir/__/src/google/protobuf/compiler/cpp/cpp_generator.cc.o
[247/1536] Generating /home/ubuntu/pyodide-recipes/packages/torch/build/torch-2.8.0/torch/csrc/autograd/generated/Functions.cpp, /home/ubuntu/pyodide-recipes/packages/torch/build/torch-2.8.0/torch/csrc/autograd/generated/ViewFuncs.cpp, /home/ubuntu/pyodide-recipes/packages/torch/build/torch-2.8.0/torch/csrc/autograd/generated/VariableType_0.cpp, /home/ubuntu/pyodide-recipes/packages/torch/build/torch-2.8.0/torch/csrc/autograd/generated/VariableType_1.cpp, /home/ubuntu/pyodide-recipes/packages/torch/build/torch-2.8.0/torch/csrc/autograd/generated/VariableType_2.cpp, /home/ubuntu/pyodide-recipes/packages/torch/build/torch-2.8.0/torch/csrc/autograd/generated/VariableType_3.cpp, /home/ubuntu/pyodide-recipes/packages/torch/build/torch-2.8.0/torch/csrc/autograd/generated/VariableType_4.cpp, /home/ubuntu/pyodide-recipes/packages/torch/build/torch-2.8.0/torch/csrc/autograd/generated/TraceType_0.cpp, /home/ubuntu/pyodide-recipes/packages/torch/build/torch-2.8.0/torch/csrc/autograd/generated/TraceType_1.cpp, /home/ubuntu/pyodide-recipes/packages/torch/build/torch-2.8.0/torch/csrc/autograd/generated/TraceType_2.cpp, /home/ubuntu/pyodide-recipes/packages/torch/build/torch-2.8.0/torch/csrc/autograd/generated/TraceType_3.cpp, /home/ubuntu/pyodide-recipes/packages/torch/build/torch-2.8.0/torch/csrc/autograd/generated/TraceType_4.cpp, /home/ubuntu/pyodide-recipes/packages/torch/build/torch-2.8.0/torch/csrc/autograd/generated/ADInplaceOrViewType_0.cpp, /home/ubuntu/pyodide-recipes/packages/torch/build/torch-2.8.0/torch/csrc/autograd/generated/ADInplaceOrViewType_1.cpp, /home/ubuntu/pyodide-recipes/packages/torch/build/torch-2.8.0/torch/csrc/inductor/aoti_torch/generated/c_shim_cpu.cpp, /home/ubuntu/pyodide-recipes/packages/torch/build/torch-2.8.0/torch/csrc/lazy/generated/LazyNativeFunctions.cpp, /home/ubuntu/pyodide-recipes/packages/torch/build/torch-2.8.0/torch/csrc/lazy/generated/RegisterAutogradLazy.cpp, /home/ubuntu/pyodide-recipes/packages/torch/build/torch-2.8.0/torch/csrc/lazy/generated/RegisterLazy.cpp, /home/ubuntu/pyodide-recipes/packages/torch/build/torch-2.8.0/torch/csrc/autograd/generated/Functions.h, /home/ubuntu/pyodide-recipes/packages/torch/build/torch-2.8.0/torch/csrc/autograd/generated/variable_factories.h, /home/ubuntu/pyodide-recipes/packages/torch/build/torch-2.8.0/torch/csrc/autograd/generated/ViewFuncs.h, /home/ubuntu/pyodide-recipes/packages/torch/build/torch-2.8.0/torch/csrc/autograd/generated/VariableType.h, /home/ubuntu/pyodide-recipes/packages/torch/build/torch-2.8.0/torch/csrc/lazy/generated/LazyIr.h, /home/ubuntu/pyodide-recipes/packages/torch/build/torch-2.8.0/torch/csrc/lazy/generated/LazyNonNativeIr.h, /home/ubuntu/pyodide-recipes/packages/torch/build/torch-2.8.0/torch/csrc/lazy/generated/LazyNativeFunctions.h, /home/ubuntu/pyodide-recipes/packages/torch/build/torch-2.8.0/torch/csrc/autograd/generated/python_functions_0.cpp, /home/ubuntu/pyodide-recipes/packages/torch/build/torch-2.8.0/torch/csrc/autograd/generated/python_functions_1.cpp, /home/ubuntu/pyodide-recipes/packages/torch/build/torch-2.8.0/torch/csrc/autograd/generated/python_functions_2.cpp, /home/ubuntu/pyodide-recipes/packages/torch/build/torch-2.8.0/torch/csrc/autograd/generated/python_functions_3.cpp, /home/ubuntu/pyodide-recipes/packages/torch/build/torch-2.8.0/torch/csrc/autograd/generated/python_functions_4.cpp, /home/ubuntu/pyodide-recipes/packages/torch/build/torch-2.8.0/torch/csrc/autograd/generated/python_variable_methods.cpp, /home/ubuntu/pyodide-recipes/packages/torch/build/torch-2.8.0/torch/csrc/autograd/generated/python_torch_functions_0.cpp, /home/ubuntu/pyodide-recipes/packages/torch/build/torch-2.8.0/torch/csrc/autograd/generated/python_torch_functions_1.cpp, /home/ubuntu/pyodide-recipes/packages/torch/build/torch-2.8.0/torch/csrc/autograd/generated/python_torch_functions_2.cpp, /home/ubuntu/pyodide-recipes/packages/torch/build/torch-2.8.0/torch/csrc/autograd/generated/python_nn_functions.cpp, /home/ubuntu/pyodide-recipes/packages/torch/build/torch-2.8.0/torch/csrc/autograd/generated/python_fft_functions.cpp, /home/ubuntu/pyodide-recipes/packages/torch/build/torch-2.8.0/torch/csrc/autograd/generated/python_linalg_functions.cpp, /home/ubuntu/pyodide-recipes/packages/torch/build/torch-2.8.0/torch/csrc/autograd/generated/python_nested_functions.cpp, /home/ubuntu/pyodide-recipes/packages/torch/build/torch-2.8.0/torch/csrc/autograd/generated/python_sparse_functions.cpp, /home/ubuntu/pyodide-recipes/packages/torch/build/torch-2.8.0/torch/csrc/autograd/generated/python_special_functions.cpp, /home/ubuntu/pyodide-recipes/packages/torch/build/torch-2.8.0/torch/csrc/autograd/generated/python_return_types.cpp, /home/ubuntu/pyodide-recipes/packages/torch/build/torch-2.8.0/torch/csrc/autograd/generated/python_enum_tag.cpp, /home/ubuntu/pyodide-recipes/packages/torch/build/torch-2.8.0/torch/csrc/autograd/generated/python_functions.h, /home/ubuntu/pyodide-recipes/packages/torch/build/torch-2.8.0/torch/csrc/autograd/generated/python_return_types.h, /home/ubuntu/pyodide-recipes/packages/torch/build/torch-2.8.0/torch/testing/_internal/generated/annotated_fn_args.py, /home/ubuntu/pyodide-recipes/packages/torch/build/torch-2.8.0/torch/csrc/inductor/aoti_torch/generated/c_shim_cuda.cpp
[248/1536] Building CXX object third_party/protobuf/cmake/CMakeFiles/libprotoc.dir/__/src/google/protobuf/compiler/cpp/cpp_file.cc.o
[249/1536] Building CXX object caffe2/CMakeFiles/torch_cpu.dir/__/aten/src/ATen/AccumulateType.cpp.o
[250/1536] Building CXX object third_party/protobuf/cmake/CMakeFiles/libprotoc.dir/__/src/google/protobuf/compiler/cpp/cpp_helpers.cc.o
[251/1536] Building CXX object third_party/protobuf/cmake/CMakeFiles/libprotoc.dir/__/src/google/protobuf/compiler/cpp/cpp_map_field.cc.o
[252/1536] Building CXX object caffe2/CMakeFiles/torch_cpu.dir/__/aten/src/ATen/CPUGeneratorImpl.cpp.o
[253/1536] Building CXX object caffe2/CMakeFiles/torch_cpu.dir/__/aten/src/ATen/Context.cpp.o
[254/1536] Building CXX object caffe2/CMakeFiles/torch_cpu.dir/__/aten/src/ATen/DeviceAccelerator.cpp.o
[255/1536] Building CXX object caffe2/CMakeFiles/torch_cpu.dir/__/aten/src/ATen/ConjugateFallback.cpp.o
[256/1536] Building CXX object caffe2/CMakeFiles/torch_cpu.dir/__/aten/src/ATen/Dispatch.cpp.o
[257/1536] Building CXX object caffe2/CMakeFiles/torch_cpu.dir/__/aten/src/ATen/CachedTensorUtils.cpp.o
[258/1536] Building CXX object caffe2/CMakeFiles/torch_cpu.dir/__/aten/src/ATen/EmptyTensor.cpp.o
[259/1536] Building CXX object caffe2/CMakeFiles/torch_cpu.dir/__/aten/src/ATen/DynamicLibrary.cpp.o
[260/1536] Building CXX object caffe2/CMakeFiles/torch_cpu.dir/__/aten/src/ATen/FuncTorchTLS.cpp.o
[261/1536] Building CXX object caffe2/CMakeFiles/torch_cpu.dir/__/aten/src/ATen/DLConvertor.cpp.o
[262/1536] Building CXX object caffe2/CMakeFiles/torch_cpu.dir/__/aten/src/ATen/ExpandUtils.cpp.o
[263/1536] Building CXX object caffe2/CMakeFiles/torch_cpu.dir/__/aten/src/ATen/FunctionalStorageImpl.cpp.o
[264/1536] Building CXX object caffe2/CMakeFiles/torch_cpu.dir/__/aten/src/ATen/FunctionalTensorWrapper.cpp.o
[265/1536] Building CXX object caffe2/CMakeFiles/torch_cpu.dir/__/aten/src/ATen/FunctionalInverses.cpp.o
[266/1536] Building CXX object caffe2/CMakeFiles/torch_cpu.dir/__/aten/src/ATen/FunctionalizeFallbackKernel.cpp.o
[267/1536] Building CXX object caffe2/CMakeFiles/torch_cpu.dir/__/aten/src/ATen/LegacyBatchedTensorImpl.cpp.o
[268/1536] Building CXX object caffe2/CMakeFiles/torch_cpu.dir/__/aten/src/ATen/LegacyVmapMode.cpp.o
[269/1536] Building CXX object caffe2/CMakeFiles/torch_cpu.dir/__/aten/src/ATen/LegacyBatchedFallback.cpp.o
[270/1536] Building CXX object caffe2/CMakeFiles/torch_cpu.dir/__/aten/src/ATen/MapAllocator.cpp.o
[271/1536] Building CXX object caffe2/CMakeFiles/torch_cpu.dir/__/aten/src/ATen/MemoryOverlap.cpp.o
[272/1536] Building CXX object caffe2/CMakeFiles/torch_cpu.dir/__/aten/src/ATen/NamedTensorUtils.cpp.o
[273/1536] Building CXX object caffe2/CMakeFiles/torch_cpu.dir/__/aten/src/ATen/LegacyVmapTransforms.cpp.o
[274/1536] Building CXX object caffe2/CMakeFiles/torch_cpu.dir/__/aten/src/ATen/LegacyBatchingRegistrations.cpp.o
[275/1536] Building CXX object caffe2/CMakeFiles/torch_cpu.dir/__/aten/src/ATen/ParallelCommon.cpp.o
[276/1536] Building CXX object caffe2/CMakeFiles/torch_cpu.dir/__/aten/src/ATen/ParallelOpenMP.cpp.o
[277/1536] Building CXX object caffe2/CMakeFiles/torch_cpu.dir/__/aten/src/ATen/NestedTensorImpl.cpp.o
[278/1536] Building CXX object caffe2/CMakeFiles/torch_cpu.dir/__/aten/src/ATen/ParallelNative.cpp.o
[279/1536] Building CXX object caffe2/CMakeFiles/torch_cpu.dir/__/aten/src/ATen/PythonTorchFunctionTLS.cpp.o
[280/1536] Building CXX object caffe2/CMakeFiles/torch_cpu.dir/__/aten/src/ATen/SequenceNumber.cpp.o
[281/1536] Building CXX object caffe2/CMakeFiles/torch_cpu.dir/__/aten/src/ATen/SavedTensorHooks.cpp.o
[282/1536] Building CXX object caffe2/CMakeFiles/torch_cpu.dir/__/aten/src/ATen/ParallelThreadPoolNative.cpp.o
[283/1536] Building CXX object caffe2/CMakeFiles/torch_cpu.dir/__/aten/src/ATen/ScalarOps.cpp.o
[284/1536] Building CXX object caffe2/CMakeFiles/torch_cpu.dir/__/aten/src/ATen/TensorGeometry.cpp.o
[285/1536] Building CXX object caffe2/CMakeFiles/torch_cpu.dir/__/aten/src/ATen/StorageUtils.cpp.o
[286/1536] Building CXX object caffe2/CMakeFiles/torch_cpu.dir/__/aten/src/ATen/SparseTensorImpl.cpp.o
[287/1536] Building CXX object caffe2/CMakeFiles/torch_cpu.dir/__/aten/src/ATen/SparseCsrTensorImpl.cpp.o
[288/1536] Building CXX object caffe2/CMakeFiles/torch_cpu.dir/__/aten/src/ATen/TensorMeta.cpp.o
[289/1536] Building CXX object caffe2/CMakeFiles/torch_cpu.dir/__/aten/src/ATen/TensorIndexing.cpp.o
[290/1536] Building CXX object caffe2/CMakeFiles/torch_cpu.dir/__/aten/src/ATen/ThreadLocalPythonObjects.cpp.o
[291/1536] Building CXX object caffe2/CMakeFiles/torch_cpu.dir/__/aten/src/ATen/TensorNames.cpp.o
[292/1536] Building CXX object caffe2/CMakeFiles/torch_cpu.dir/__/aten/src/ATen/TensorIterator.cpp.o
[293/1536] Building CXX object caffe2/CMakeFiles/torch_cpu.dir/__/aten/src/ATen/Version.cpp.o
[294/1536] Building CXX object caffe2/CMakeFiles/torch_cpu.dir/__/aten/src/ATen/TensorUtils.cpp.o
[295/1536] Building CXX object caffe2/CMakeFiles/torch_cpu.dir/__/aten/src/ATen/ThreadLocalState.cpp.o
[296/1536] Building CXX object caffe2/CMakeFiles/torch_cpu.dir/__/aten/src/ATen/Utils.cpp.o
[297/1536] Building CXX object caffe2/CMakeFiles/torch_cpu.dir/__/aten/src/ATen/cpu/FlushDenormal.cpp.o
[298/1536] Building CXX object caffe2/CMakeFiles/torch_cpu.dir/__/aten/src/ATen/cpu/Utils.cpp.o
[299/1536] Building CXX object caffe2/CMakeFiles/torch_cpu.dir/__/aten/src/ATen/VmapModeRegistrations.cpp.o
[300/1536] Building CXX object caffe2/CMakeFiles/torch_cpu.dir/__/aten/src/ATen/detail/CPUGuardImpl.cpp.o
[301/1536] Building CXX object caffe2/CMakeFiles/torch_cpu.dir/__/aten/src/ATen/detail/CUDAHooksInterface.cpp.o
[302/1536] Building CXX object caffe2/CMakeFiles/torch_cpu.dir/__/aten/src/ATen/detail/HIPHooksInterface.cpp.o
[303/1536] Building CXX object caffe2/CMakeFiles/torch_cpu.dir/__/aten/src/ATen/detail/HPUHooksInterface.cpp.o
[304/1536] Building CXX object caffe2/CMakeFiles/torch_cpu.dir/__/aten/src/ATen/detail/IPUHooksInterface.cpp.o
[305/1536] Building CXX object caffe2/CMakeFiles/torch_cpu.dir/__/aten/src/ATen/ZeroTensorFallback.cpp.o
[306/1536] Building CXX object caffe2/CMakeFiles/torch_cpu.dir/__/aten/src/ATen/detail/MAIAHooksInterface.cpp.o
[307/1536] Building CXX object caffe2/CMakeFiles/torch_cpu.dir/__/aten/src/ATen/detail/MPSHooksInterface.cpp.o
[308/1536] Building CXX object caffe2/CMakeFiles/torch_cpu.dir/__/aten/src/ATen/detail/MetaGuardImpl.cpp.o
[309/1536] Building CXX object caffe2/CMakeFiles/torch_cpu.dir/__/aten/src/ATen/detail/MTIAHooksInterface.cpp.o
[310/1536] Building CXX object caffe2/CMakeFiles/torch_cpu.dir/__/aten/src/ATen/detail/PrivateUse1HooksInterface.cpp.o
[311/1536] Building CXX object caffe2/CMakeFiles/torch_cpu.dir/__/aten/src/ATen/detail/XPUHooksInterface.cpp.o
[312/1536] Building CXX object caffe2/CMakeFiles/torch_cpu.dir/__/aten/src/ATen/functorch/ADInterpreters.cpp.o
[313/1536] Building CXX object caffe2/CMakeFiles/torch_cpu.dir/__/aten/src/ATen/autocast_mode.cpp.o
[314/1536] Building CXX object caffe2/CMakeFiles/torch_cpu.dir/__/aten/src/ATen/functorch/BatchRulesActivation.cpp.o
[315/1536] Building CXX object caffe2/CMakeFiles/torch_cpu.dir/__/aten/src/ATen/functorch/BatchRulesBinaryOps.cpp.o
[316/1536] Building CXX object caffe2/CMakeFiles/torch_cpu.dir/__/aten/src/ATen/functorch/BatchRulesConvolution.cpp.o
[317/1536] Building CXX object caffe2/CMakeFiles/torch_cpu.dir/__/aten/src/ATen/functorch/BatchRulesDecompositions.cpp.o
[318/1536] Building CXX object caffe2/CMakeFiles/torch_cpu.dir/__/aten/src/ATen/functorch/BatchRulesDynamic.cpp.o
[319/1536] Building CXX object caffe2/CMakeFiles/torch_cpu.dir/__/aten/src/ATen/functorch/BatchRulesFactory.cpp.o
[320/1536] Building CXX object caffe2/CMakeFiles/torch_cpu.dir/__/aten/src/ATen/functorch/BatchRulesHelper.cpp.o
[321/1536] Building CXX object caffe2/CMakeFiles/torch_cpu.dir/__/aten/src/ATen/functorch/BatchRulesIndexing.cpp.o
[322/1536] Building CXX object caffe2/CMakeFiles/torch_cpu.dir/__/aten/src/ATen/functorch/BatchRulesLinearAlgebra.cpp.o
[323/1536] Building CXX object caffe2/CMakeFiles/torch_cpu.dir/__/aten/src/ATen/functorch/BatchRulesLoss.cpp.o
[324/1536] Building CXX object caffe2/CMakeFiles/torch_cpu.dir/__/aten/src/ATen/functorch/BatchRulesModules.cpp.o
[325/1536] Building CXX object caffe2/CMakeFiles/torch_cpu.dir/__/aten/src/ATen/functorch/BatchRulesNorm.cpp.o
[326/1536] Building CXX object caffe2/CMakeFiles/torch_cpu.dir/__/aten/src/ATen/functorch/BatchRulesPooling.cpp.o
[327/1536] Building CXX object caffe2/CMakeFiles/torch_cpu.dir/__/aten/src/ATen/functorch/BatchRulesRandomness.cpp.o
[328/1536] Building CXX object caffe2/CMakeFiles/torch_cpu.dir/__/aten/src/ATen/functorch/BatchRulesReduceOps.cpp.o
[329/1536] Building CXX object caffe2/CMakeFiles/torch_cpu.dir/__/aten/src/ATen/functorch/BatchRulesScatterOps.cpp.o
[330/1536] Building CXX object caffe2/CMakeFiles/torch_cpu.dir/__/aten/src/ATen/functorch/BatchRulesUnaryOps.cpp.o
[331/1536] Building CXX object caffe2/CMakeFiles/torch_cpu.dir/__/aten/src/ATen/functorch/BatchedTensorImpl.cpp.o
[332/1536] Building CXX object caffe2/CMakeFiles/torch_cpu.dir/__/aten/src/ATen/functorch/BatchedFallback.cpp.o
[333/1536] Building CXX object caffe2/CMakeFiles/torch_cpu.dir/__/aten/src/ATen/functorch/BatchRulesViews.cpp.o
[334/1536] Building CXX object caffe2/CMakeFiles/torch_cpu.dir/__/aten/src/ATen/functorch/FunctionalizeInterpreter.cpp.o
[335/1536] Building CXX object caffe2/CMakeFiles/torch_cpu.dir/__/aten/src/ATen/functorch/Interpreter.cpp.o
[336/1536] Building CXX object caffe2/CMakeFiles/torch_cpu.dir/__/aten/src/ATen/functorch/DynamicLayer.cpp.o
[337/1536] Building CXX object caffe2/CMakeFiles/torch_cpu.dir/__/aten/src/ATen/functorch/PlumbingHelper.cpp.o
[338/1536] Building CXX object caffe2/CMakeFiles/torch_cpu.dir/__/aten/src/ATen/functorch/LegacyVmapTransforms.cpp.o
[339/1536] Building CXX object caffe2/CMakeFiles/torch_cpu.dir/__/aten/src/ATen/functorch/LegacyBatchingRegistrations.cpp.o
[340/1536] Building CXX object caffe2/CMakeFiles/torch_cpu.dir/__/aten/src/ATen/functorch/TensorWrapper.cpp.o
[341/1536] Building CXX object caffe2/CMakeFiles/torch_cpu.dir/__/aten/src/ATen/functorch/VmapInterpreter.cpp.o
[342/1536] Building CXX object caffe2/CMakeFiles/torch_cpu.dir/__/aten/src/ATen/core/ATenGeneral.cpp.o
[343/1536] Building CXX object caffe2/CMakeFiles/torch_cpu.dir/__/aten/src/ATen/functorch/PyTorchOperatorHacks.cpp.o
[344/1536] Building CXX object caffe2/CMakeFiles/torch_cpu.dir/__/aten/src/ATen/record_function.cpp.o
[345/1536] Building CXX object caffe2/CMakeFiles/torch_cpu.dir/__/aten/src/ATen/core/BackendSelectFallbackKernel.cpp.o
[346/1536] Building CXX object caffe2/CMakeFiles/torch_cpu.dir/__/aten/src/ATen/core/CachingHostAllocator.cpp.o
[347/1536] Building CXX object caffe2/CMakeFiles/torch_cpu.dir/__/aten/src/ATen/core/DeprecatedTypePropertiesRegistry.cpp.o
[348/1536] Building CXX object caffe2/CMakeFiles/torch_cpu.dir/__/aten/src/ATen/functorch/VmapModeRegistrations.cpp.o
[349/1536] Building CXX object caffe2/CMakeFiles/torch_cpu.dir/__/aten/src/ATen/core/DeprecatedTypeProperties.cpp.o
[350/1536] Building CXX object caffe2/CMakeFiles/torch_cpu.dir/__/aten/src/ATen/core/Dimname.cpp.o
[351/1536] Building CXX object caffe2/CMakeFiles/torch_cpu.dir/__/aten/src/ATen/core/GeneratorForPrivateuseone.cpp.o
[352/1536] Building CXX object caffe2/CMakeFiles/torch_cpu.dir/__/aten/src/ATen/core/Generator.cpp.o
[353/1536] Building CXX object caffe2/CMakeFiles/torch_cpu.dir/__/aten/src/ATen/core/Dict.cpp.o
[354/1536] Building CXX object caffe2/CMakeFiles/torch_cpu.dir/__/aten/src/ATen/core/Formatting.cpp.o
[355/1536] Building CXX object caffe2/CMakeFiles/torch_cpu.dir/__/aten/src/ATen/core/List.cpp.o
[356/1536] Building CXX object caffe2/CMakeFiles/torch_cpu.dir/__/aten/src/ATen/core/NamedTensor.cpp.o
[357/1536] Building CXX object caffe2/CMakeFiles/torch_cpu.dir/__/aten/src/ATen/core/MetaFallbackKernel.cpp.o
[358/1536] Building CXX object caffe2/CMakeFiles/torch_cpu.dir/__/aten/src/ATen/core/NestedIntSymNodeImpl.cpp.o
[359/1536] Building CXX object caffe2/CMakeFiles/torch_cpu.dir/__/aten/src/ATen/core/NamedRegistrations.cpp.o
[360/1536] Building CXX object caffe2/CMakeFiles/torch_cpu.dir/__/aten/src/ATen/core/Range.cpp.o
[361/1536] Building CXX object caffe2/CMakeFiles/torch_cpu.dir/__/aten/src/ATen/core/PythonFallbackKernel.cpp.o
[362/1536] Building CXX object caffe2/CMakeFiles/torch_cpu.dir/__/aten/src/ATen/core/PythonOpRegistrationTrampoline.cpp.o
[363/1536] Building CXX object caffe2/CMakeFiles/torch_cpu.dir/__/aten/src/ATen/core/Tensor.cpp.o
[364/1536] Building CXX object caffe2/CMakeFiles/torch_cpu.dir/__/aten/src/ATen/core/TorchDispatchUtils.cpp.o
[365/1536] Building CXX object caffe2/CMakeFiles/torch_cpu.dir/__/aten/src/ATen/core/Vitals.cpp.o
[366/1536] Building CXX object caffe2/CMakeFiles/torch_cpu.dir/__/aten/src/ATen/core/VariableHooksInterface.cpp.o
[367/1536] Building CXX object caffe2/CMakeFiles/torch_cpu.dir/__/aten/src/ATen/core/blob.cpp.o
[368/1536] Building CXX object caffe2/CMakeFiles/torch_cpu.dir/__/aten/src/ATen/core/VariableFallbackKernel.cpp.o
[369/1536] Building CXX object caffe2/CMakeFiles/torch_cpu.dir/__/aten/src/ATen/core/adaption.cpp.o
[370/1536] Building CXX object caffe2/CMakeFiles/torch_cpu.dir/__/aten/src/ATen/core/boxing/KernelFunction.cpp.o
[371/1536] Building CXX object caffe2/CMakeFiles/torch_cpu.dir/__/aten/src/ATen/core/class_type.cpp.o
[372/1536] Building CXX object caffe2/CMakeFiles/torch_cpu.dir/__/aten/src/ATen/core/custom_class.cpp.o
[373/1536] Building CXX object caffe2/CMakeFiles/torch_cpu.dir/__/aten/src/ATen/core/dispatch/ObservedOperators.cpp.o
[374/1536] Building CXX object caffe2/CMakeFiles/torch_cpu.dir/__/aten/src/ATen/core/dispatch/DispatchKeyExtractor.cpp.o
[375/1536] Building CXX object caffe2/CMakeFiles/torch_cpu.dir/__/aten/src/ATen/core/dispatch/Dispatcher.cpp.o
[376/1536] Building CXX object caffe2/CMakeFiles/torch_cpu.dir/__/aten/src/ATen/core/dynamic_type.cpp.o
[377/1536] Building CXX object caffe2/CMakeFiles/torch_cpu.dir/__/aten/src/ATen/core/dispatch/OperatorEntry.cpp.o
[378/1536] Building CXX object caffe2/CMakeFiles/torch_cpu.dir/__/aten/src/ATen/core/function_schema.cpp.o
[379/1536] Building CXX object caffe2/CMakeFiles/torch_cpu.dir/__/aten/src/ATen/core/interned_strings.cpp.o
[380/1536] Building CXX object caffe2/CMakeFiles/torch_cpu.dir/__/aten/src/ATen/core/op_registration/op_registration.cpp.o
[381/1536] Building CXX object caffe2/CMakeFiles/torch_cpu.dir/__/aten/src/ATen/core/library.cpp.o
[382/1536] Building CXX object caffe2/CMakeFiles/torch_cpu.dir/__/aten/src/ATen/core/op_registration/infer_schema.cpp.o
[383/1536] Building CXX object caffe2/CMakeFiles/torch_cpu.dir/__/aten/src/ATen/core/operator_name.cpp.o
[384/1536] Building CXX object caffe2/CMakeFiles/torch_cpu.dir/__/aten/src/ATen/core/ivalue.cpp.o
[385/1536] Building CXX object caffe2/CMakeFiles/torch_cpu.dir/__/aten/src/ATen/core/register_symbols.cpp.o
[386/1536] Building CXX object caffe2/CMakeFiles/torch_cpu.dir/__/aten/src/ATen/core/type_factory.cpp.o
[387/1536] Building CXX object caffe2/CMakeFiles/torch_cpu.dir/__/aten/src/ATen/core/tensor_type.cpp.o
[388/1536] Building CXX object caffe2/CMakeFiles/torch_cpu.dir/__/torch/csrc/jit/frontend/error_report.cpp.o
[389/1536] Building CXX object caffe2/CMakeFiles/torch_cpu.dir/__/aten/src/ATen/core/union_type.cpp.o
[390/1536] Building CXX object caffe2/CMakeFiles/torch_cpu.dir/__/aten/src/ATen/core/type.cpp.o
[391/1536] Building CXX object caffe2/CMakeFiles/torch_cpu.dir/__/torch/csrc/jit/frontend/strtod.cpp.o
[392/1536] Building CXX object caffe2/CMakeFiles/torch_cpu.dir/__/torch/csrc/jit/frontend/lexer.cpp.o
[393/1536] Building CXX object caffe2/CMakeFiles/torch_cpu.dir/__/torch/csrc/jit/frontend/function_schema_parser.cpp.o
[394/1536] Building CXX object caffe2/CMakeFiles/torch_cpu.dir/__/aten/src/ATen/native/Activation.cpp.o
[395/1536] Building CXX object caffe2/CMakeFiles/torch_cpu.dir/__/torch/csrc/jit/frontend/schema_type_parser.cpp.o
[396/1536] Building CXX object caffe2/CMakeFiles/torch_cpu.dir/__/torch/csrc/jit/frontend/source_range.cpp.o
[397/1536] Building CXX object caffe2/CMakeFiles/torch_cpu.dir/__/aten/src/ATen/native/AdaptiveMaxPooling2d.cpp.o
[398/1536] Building CXX object caffe2/CMakeFiles/torch_cpu.dir/__/aten/src/ATen/native/AdaptiveAveragePooling.cpp.o
[399/1536] Building CXX object caffe2/CMakeFiles/torch_cpu.dir/__/aten/src/ATen/native/AdaptiveMaxPooling3d.cpp.o
[400/1536] Building CXX object caffe2/CMakeFiles/torch_cpu.dir/__/aten/src/ATen/native/AdaptiveAveragePooling3d.cpp.o
[401/1536] Building CXX object caffe2/CMakeFiles/torch_cpu.dir/__/aten/src/ATen/native/AffineGridGenerator.cpp.o
[402/1536] Building CXX object caffe2/CMakeFiles/torch_cpu.dir/__/aten/src/ATen/native/AmpKernels.cpp.o
[403/1536] Building CXX object caffe2/CMakeFiles/torch_cpu.dir/__/aten/src/ATen/native/AutogradComposite.cpp.o
[404/1536] Building CXX object caffe2/CMakeFiles/torch_cpu.dir/__/aten/src/ATen/native/AveragePool2d.cpp.o
[405/1536] Building CXX object caffe2/CMakeFiles/torch_cpu.dir/__/aten/src/ATen/native/AveragePool3d.cpp.o
[406/1536] Building CXX object caffe2/CMakeFiles/torch_cpu.dir/__/aten/src/ATen/native/BatchLinearAlgebra.cpp.o
[407/1536] Building CXX object caffe2/CMakeFiles/torch_cpu.dir/__/aten/src/ATen/native/BatchLinearAlgebraKernel.cpp.o
[408/1536] Building CXX object caffe2/CMakeFiles/torch_cpu.dir/__/aten/src/ATen/native/BinaryOps.cpp.o
[409/1536] Building CXX object caffe2/CMakeFiles/torch_cpu.dir/__/aten/src/ATen/native/BlasKernel.cpp.o
[410/1536] Building CXX object caffe2/CMakeFiles/torch_cpu.dir/__/aten/src/ATen/native/Blas.cpp.o
[411/1536] Building CXX object caffe2/CMakeFiles/torch_cpu.dir/__/aten/src/ATen/native/CPUBlas.cpp.o
[412/1536] Building CXX object caffe2/CMakeFiles/torch_cpu.dir/__/aten/src/ATen/native/Bucketization.cpp.o
[413/1536] Building CXX object caffe2/CMakeFiles/torch_cpu.dir/__/aten/src/ATen/native/ChanelShuffle.cpp.o
[414/1536] Building CXX object caffe2/CMakeFiles/torch_cpu.dir/__/aten/src/ATen/native/CPUFallback.cpp.o
[415/1536] Building CXX object caffe2/CMakeFiles/torch_cpu.dir/__/aten/src/ATen/native/ComparisonUtils.cpp.o
[416/1536] Building CXX object caffe2/CMakeFiles/torch_cpu.dir/__/aten/src/ATen/native/Col2Im.cpp.o
[417/1536] Building CXX object caffe2/CMakeFiles/torch_cpu.dir/__/aten/src/ATen/native/Constraints.cpp.o
[418/1536] Building CXX object caffe2/CMakeFiles/torch_cpu.dir/__/aten/src/ATen/native/Convolution.cpp.o
[419/1536] Building CXX object caffe2/CMakeFiles/torch_cpu.dir/__/aten/src/ATen/native/ConvolutionTBC.cpp.o
[420/1536] Building CXX object caffe2/CMakeFiles/torch_cpu.dir/__/aten/src/ATen/native/ConvolutionMM2d.cpp.o
[421/1536] Building CXX object caffe2/CMakeFiles/torch_cpu.dir/__/aten/src/ATen/native/ConvolutionMM3d.cpp.o
[422/1536] Building CXX object caffe2/CMakeFiles/torch_cpu.dir/__/aten/src/ATen/native/Copy.cpp.o
[423/1536] Building CXX object caffe2/CMakeFiles/torch_cpu.dir/__/aten/src/ATen/native/Correlation.cpp.o
[424/1536] Building CXX object caffe2/CMakeFiles/torch_cpu.dir/__/aten/src/ATen/native/Cross.cpp.o
[425/1536] Building CXX object caffe2/CMakeFiles/torch_cpu.dir/__/aten/src/ATen/native/DispatchStub.cpp.o
[426/1536] Building CXX object caffe2/CMakeFiles/torch_cpu.dir/__/aten/src/ATen/native/DilatedMaxPool2d.cpp.o
[427/1536] Building CXX object caffe2/CMakeFiles/torch_cpu.dir/__/aten/src/ATen/native/DilatedMaxPool3d.cpp.o
[428/1536] Building CXX object caffe2/CMakeFiles/torch_cpu.dir/__/aten/src/ATen/native/Distance.cpp.o
[429/1536] Building CXX object caffe2/CMakeFiles/torch_cpu.dir/__/aten/src/ATen/native/Dropout.cpp.o
[430/1536] Building CXX object caffe2/CMakeFiles/torch_cpu.dir/__/aten/src/ATen/native/Distributions.cpp.o
[431/1536] Building CXX object caffe2/CMakeFiles/torch_cpu.dir/__/aten/src/ATen/native/Embedding.cpp.o
[432/1536] Building CXX object caffe2/CMakeFiles/torch_cpu.dir/__/aten/src/ATen/native/Fill.cpp.o
[433/1536] Building CXX object caffe2/CMakeFiles/torch_cpu.dir/__/aten/src/ATen/native/ForeachOpsKernels.cpp.o
[434/1536] Building CXX object caffe2/CMakeFiles/torch_cpu.dir/__/aten/src/ATen/native/FractionalMaxPool2d.cpp.o
[435/1536] Building CXX object caffe2/CMakeFiles/torch_cpu.dir/__/aten/src/ATen/native/EmbeddingBag.cpp.o
[436/1536] Building CXX object caffe2/CMakeFiles/torch_cpu.dir/__/aten/src/ATen/native/FractionalMaxPool3d.cpp.o
[437/1536] Building CXX object caffe2/CMakeFiles/torch_cpu.dir/__/aten/src/ATen/native/FunctionOfAMatrixUtils.cpp.o
[438/1536] Building CXX object caffe2/CMakeFiles/torch_cpu.dir/__/aten/src/ATen/native/FusedAdagrad.cpp.o
[439/1536] Building CXX object caffe2/CMakeFiles/torch_cpu.dir/__/aten/src/ATen/native/FusedAdam.cpp.o
[440/1536] Building CXX object caffe2/CMakeFiles/torch_cpu.dir/__/aten/src/ATen/native/FusedSGD.cpp.o
[441/1536] Building CXX object caffe2/CMakeFiles/torch_cpu.dir/__/aten/src/ATen/native/GatedLinearUnit.cpp.o
[442/1536] Building CXX object caffe2/CMakeFiles/torch_cpu.dir/__/aten/src/ATen/native/Histogram.cpp.o
[443/1536] Building CXX object caffe2/CMakeFiles/torch_cpu.dir/__/aten/src/ATen/native/GridSampler.cpp.o
[444/1536] Building CXX object caffe2/CMakeFiles/torch_cpu.dir/__/aten/src/ATen/native/IndexingUtils.cpp.o
[445/1536] Building CXX object caffe2/CMakeFiles/torch_cpu.dir/__/aten/src/ATen/native/Im2Col.cpp.o
[446/1536] Building CXX object caffe2/CMakeFiles/torch_cpu.dir/__/aten/src/ATen/native/Integration.cpp.o
[447/1536] Building CXX object caffe2/CMakeFiles/torch_cpu.dir/__/aten/src/ATen/native/Lerp.cpp.o
[448/1536] Building CXX object caffe2/CMakeFiles/torch_cpu.dir/__/aten/src/ATen/native/Itertools.cpp.o
[449/1536] Building CXX object caffe2/CMakeFiles/torch_cpu.dir/__/aten/src/ATen/native/LegacyBatching.cpp.o
[450/1536] Building CXX object caffe2/CMakeFiles/torch_cpu.dir/__/aten/src/ATen/native/Linear.cpp.o
[451/1536] Building CXX object caffe2/CMakeFiles/torch_cpu.dir/__/aten/src/ATen/native/Loss.cpp.o
[452/1536] Building CXX object caffe2/CMakeFiles/torch_cpu.dir/__/aten/src/ATen/native/LossCTC.cpp.o
[453/1536] Building CXX object caffe2/CMakeFiles/torch_cpu.dir/__/aten/src/ATen/native/LossMultiLabelMargin.cpp.o
[454/1536] Building CXX object caffe2/CMakeFiles/torch_cpu.dir/__/aten/src/ATen/native/LinearAlgebra.cpp.o
[455/1536] Building CXX object caffe2/CMakeFiles/torch_cpu.dir/__/aten/src/ATen/native/LossMultiMargin.cpp.o
[456/1536] Building CXX object caffe2/CMakeFiles/torch_cpu.dir/__/aten/src/ATen/native/LossNLL.cpp.o
[457/1536] Building CXX object caffe2/CMakeFiles/torch_cpu.dir/__/aten/src/ATen/native/LossNLL2d.cpp.o
[458/1536] Building CXX object caffe2/CMakeFiles/torch_cpu.dir/__/aten/src/ATen/native/MaxPooling.cpp.o
[459/1536] Building CXX object caffe2/CMakeFiles/torch_cpu.dir/__/aten/src/ATen/native/MaxUnpooling.cpp.o
[460/1536] Building CXX object caffe2/CMakeFiles/torch_cpu.dir/__/aten/src/ATen/native/MetaTensor.cpp.o
[461/1536] Building CXX object caffe2/CMakeFiles/torch_cpu.dir/__/aten/src/ATen/native/NNPACK.cpp.o
[462/1536] Building CXX object caffe2/CMakeFiles/torch_cpu.dir/__/aten/src/ATen/native/Memory.cpp.o
[463/1536] Building CXX object caffe2/CMakeFiles/torch_cpu.dir/__/aten/src/ATen/native/NaiveConvolutionTranspose2d.cpp.o
[464/1536] Building CXX object caffe2/CMakeFiles/torch_cpu.dir/__/aten/src/ATen/native/NaiveConvolutionTranspose3d.cpp.o
[465/1536] Building CXX object caffe2/CMakeFiles/torch_cpu.dir/__/aten/src/ATen/native/NamedTensor.cpp.o
[466/1536] Building CXX object caffe2/CMakeFiles/torch_cpu.dir/__/aten/src/ATen/native/NaiveDilatedConvolution.cpp.o
[467/1536] Building CXX object caffe2/CMakeFiles/torch_cpu.dir/__/aten/src/ATen/native/NegateFallback.cpp.o
[468/1536] Building CXX object caffe2/CMakeFiles/torch_cpu.dir/__/aten/src/ATen/native/Onehot.cpp.o
[469/1536] Building CXX object caffe2/CMakeFiles/torch_cpu.dir/__/aten/src/ATen/native/PackedSequence.cpp.o
[470/1536] Building CXX object caffe2/CMakeFiles/torch_cpu.dir/__/aten/src/ATen/native/PadNd.cpp.o
[471/1536] Building CXX object caffe2/CMakeFiles/torch_cpu.dir/__/aten/src/ATen/native/PixelShuffle.cpp.o
[472/1536] Building CXX object caffe2/CMakeFiles/torch_cpu.dir/__/aten/src/ATen/native/PointwiseOps.cpp.o
[473/1536] Building CXX object caffe2/CMakeFiles/torch_cpu.dir/__/aten/src/ATen/native/Normalization.cpp.o
[474/1536] Building CXX object caffe2/CMakeFiles/torch_cpu.dir/__/aten/src/ATen/native/Pooling.cpp.o
[475/1536] Building CXX object caffe2/CMakeFiles/torch_cpu.dir/__/aten/src/ATen/native/Pow.cpp.o
[476/1536] Building CXX object caffe2/CMakeFiles/torch_cpu.dir/__/aten/src/ATen/native/QuantizedLinear.cpp.o
[477/1536] Building CXX object caffe2/CMakeFiles/torch_cpu.dir/__/aten/src/ATen/native/ReduceAllOps.cpp.o
[478/1536] Building CXX object caffe2/CMakeFiles/torch_cpu.dir/__/aten/src/ATen/native/RangeFactories.cpp.o
[479/1536] Building CXX object caffe2/CMakeFiles/torch_cpu.dir/__/aten/src/ATen/native/ReduceOps.cpp.o
[480/1536] Building CXX object caffe2/CMakeFiles/torch_cpu.dir/__/aten/src/ATen/native/ReflectionPad.cpp.o
[481/1536] Building CXX object caffe2/CMakeFiles/torch_cpu.dir/__/aten/src/ATen/native/RNN.cpp.o
[482/1536] Building CXX object caffe2/CMakeFiles/torch_cpu.dir/__/aten/src/ATen/native/Repeat.cpp.o
[483/1536] Building CXX object caffe2/CMakeFiles/torch_cpu.dir/__/aten/src/ATen/native/ReplicationPadding.cpp.o
[484/1536] Building CXX object caffe2/CMakeFiles/torch_cpu.dir/__/aten/src/ATen/native/Resize.cpp.o
[485/1536] Building CXX object caffe2/CMakeFiles/torch_cpu.dir/__/aten/src/ATen/native/RowwisePrune.cpp.o
[486/1536] Building CXX object caffe2/CMakeFiles/torch_cpu.dir/__/aten/src/ATen/native/Scalar.cpp.o
[487/1536] Building CXX object caffe2/CMakeFiles/torch_cpu.dir/__/aten/src/ATen/native/SobolEngineOps.cpp.o
[488/1536] Building CXX object caffe2/CMakeFiles/torch_cpu.dir/__/aten/src/ATen/native/SobolEngineOpsUtils.cpp.o
[489/1536] Building CXX object caffe2/CMakeFiles/torch_cpu.dir/__/aten/src/ATen/native/SegmentReduce.cpp.o
[490/1536] Building CXX object caffe2/CMakeFiles/torch_cpu.dir/__/aten/src/ATen/native/SoftMax.cpp.o
[491/1536] Building CXX object caffe2/CMakeFiles/torch_cpu.dir/__/aten/src/ATen/native/SpectralOps.cpp.o
[492/1536] Building CXX object caffe2/CMakeFiles/torch_cpu.dir/__/aten/src/ATen/native/SummaryOps.cpp.o
[493/1536] Building CXX object caffe2/CMakeFiles/torch_cpu.dir/__/aten/src/ATen/native/Sorting.cpp.o
[494/1536] Building CXX object caffe2/CMakeFiles/torch_cpu.dir/__/aten/src/ATen/native/SparseTensorUtils.cpp.o
[495/1536] Building CXX object caffe2/CMakeFiles/torch_cpu.dir/__/aten/src/ATen/native/TensorCompare.cpp.o
[496/1536] Building CXX object caffe2/CMakeFiles/torch_cpu.dir/__/aten/src/ATen/native/TensorIteratorReduce.cpp.o
[497/1536] Building CXX object caffe2/CMakeFiles/torch_cpu.dir/__/aten/src/ATen/native/TensorFactories.cpp.o
[498/1536] Building CXX object caffe2/CMakeFiles/torch_cpu.dir/__/aten/src/ATen/native/TensorProperties.cpp.o
[499/1536] Building CXX object caffe2/CMakeFiles/torch_cpu.dir/__/aten/src/ATen/native/TensorAdvancedIndexing.cpp.o
[500/1536] Building CXX object caffe2/CMakeFiles/torch_cpu.dir/__/aten/src/ATen/native/TensorConversions.cpp.o
[501/1536] Building CXX object caffe2/CMakeFiles/torch_cpu.dir/__/aten/src/ATen/native/TensorTransformations.cpp.o
[502/1536] Building CXX object caffe2/CMakeFiles/torch_cpu.dir/__/aten/src/ATen/native/TensorShape.cpp.o
[503/1536] Building CXX object caffe2/CMakeFiles/torch_cpu.dir/__/aten/src/ATen/native/TestOps.cpp.o
[504/1536] Building CXX object caffe2/CMakeFiles/torch_cpu.dir/__/aten/src/ATen/native/Unfold2d.cpp.o
[505/1536] Building CXX object caffe2/CMakeFiles/torch_cpu.dir/__/aten/src/ATen/native/TypeProperties.cpp.o
[506/1536] Building CXX object caffe2/CMakeFiles/torch_cpu.dir/__/aten/src/ATen/native/UnaryOps.cpp.o
[507/1536] Building CXX object caffe2/CMakeFiles/torch_cpu.dir/__/aten/src/ATen/native/TriangularOps.cpp.o
[508/1536] Building CXX object caffe2/CMakeFiles/torch_cpu.dir/__/aten/src/ATen/native/UnfoldBackward.cpp.o
[509/1536] Building CXX object caffe2/CMakeFiles/torch_cpu.dir/__/aten/src/ATen/native/Unfold3d.cpp.o
[510/1536] Building CXX object caffe2/CMakeFiles/torch_cpu.dir/__/aten/src/ATen/native/UpSample.cpp.o
[511/1536] Building CXX object caffe2/CMakeFiles/torch_cpu.dir/__/aten/src/ATen/native/UpSampleBicubic2d.cpp.o
[512/1536] Building CXX object caffe2/CMakeFiles/torch_cpu.dir/__/aten/src/ATen/native/UpSampleBilinear2d.cpp.o
[513/1536] Building CXX object caffe2/CMakeFiles/torch_cpu.dir/__/aten/src/ATen/native/UpSampleLinear1d.cpp.o
[514/1536] Building CXX object caffe2/CMakeFiles/torch_cpu.dir/__/aten/src/ATen/native/Unique.cpp.o
[515/1536] Building CXX object caffe2/CMakeFiles/torch_cpu.dir/__/aten/src/ATen/native/UpSampleNearest1d.cpp.o
[516/1536] Building CXX object caffe2/CMakeFiles/torch_cpu.dir/__/aten/src/ATen/native/UpSampleNearest2d.cpp.o
[517/1536] Building CXX object caffe2/CMakeFiles/torch_cpu.dir/__/aten/src/ATen/native/UpSampleNearest3d.cpp.o
[518/1536] Building CXX object caffe2/CMakeFiles/torch_cpu.dir/__/aten/src/ATen/native/UpSampleTrilinear3d.cpp.o
[519/1536] Building CXX object caffe2/CMakeFiles/torch_cpu.dir/__/aten/src/ATen/native/VariableMethodStubs.cpp.o
[520/1536] Building CXX object caffe2/CMakeFiles/torch_cpu.dir/__/aten/src/ATen/native/WeightNorm.cpp.o
[521/1536] Building CXX object caffe2/CMakeFiles/torch_cpu.dir/__/aten/src/ATen/native/verbose_wrapper.cpp.o
[522/1536] Building CXX object caffe2/CMakeFiles/torch_cpu.dir/__/aten/src/ATen/native/group_norm.cpp.o
[523/1536] Building CXX object caffe2/CMakeFiles/torch_cpu.dir/__/aten/src/ATen/native/prim_native_functions.cpp.o
[524/1536] Building CXX object caffe2/CMakeFiles/torch_cpu.dir/__/aten/src/ATen/native/layer_norm.cpp.o
[525/1536] Building CXX object caffe2/CMakeFiles/torch_cpu.dir/__/aten/src/ATen/native/ao_sparse/library.cpp.o
[526/1536] Building CXX object caffe2/CMakeFiles/torch_cpu.dir/__/aten/src/ATen/native/ao_sparse/quantized/cpu/fbgemm_utils.cpp.o
[527/1536] Building CXX object caffe2/CMakeFiles/torch_cpu.dir/__/aten/src/ATen/native/ao_sparse/quantized/cpu/qlinear.cpp.o
[528/1536] Building CXX object caffe2/CMakeFiles/torch_cpu.dir/__/aten/src/ATen/native/ao_sparse/quantized/cpu/qlinear_dynamic.cpp.o
[529/1536] Building CXX object caffe2/CMakeFiles/torch_cpu.dir/__/aten/src/ATen/native/ao_sparse/quantized/cpu/qlinear_deserialize.cpp.o
[530/1536] Building CXX object caffe2/CMakeFiles/torch_cpu.dir/__/aten/src/ATen/native/ao_sparse/quantized/cpu/qlinear_prepack.cpp.o
[531/1536] Building CXX object caffe2/CMakeFiles/torch_cpu.dir/__/aten/src/ATen/native/ao_sparse/quantized/cpu/qlinear_serialize.cpp.o
[532/1536] Building CXX object caffe2/CMakeFiles/torch_cpu.dir/__/aten/src/ATen/native/ao_sparse/quantized/cpu/qlinear_unpack.cpp.o
[533/1536] Building CXX object caffe2/CMakeFiles/torch_cpu.dir/__/aten/src/ATen/native/sparse/ParamUtils.cpp.o
[534/1536] Building CXX object caffe2/CMakeFiles/torch_cpu.dir/__/aten/src/ATen/native/sparse/FlattenIndicesKernel.cpp.o
[535/1536] Building CXX object caffe2/CMakeFiles/torch_cpu.dir/__/aten/src/ATen/native/sparse/SparseBlas.cpp.o
[536/1536] Building CXX object caffe2/CMakeFiles/torch_cpu.dir/__/aten/src/ATen/native/sparse/SoftMax.cpp.o
[537/1536] Building CXX object caffe2/CMakeFiles/torch_cpu.dir/__/aten/src/ATen/native/sparse/SparseBinaryOpIntersectionKernel.cpp.o
[538/1536] Building CXX object caffe2/CMakeFiles/torch_cpu.dir/__/aten/src/ATen/native/sparse/SparseBlasImpl.cpp.o
[539/1536] Building CXX object caffe2/CMakeFiles/torch_cpu.dir/__/aten/src/ATen/native/sparse/SparseCsrTensor.cpp.o
[540/1536] Building CXX object caffe2/CMakeFiles/torch_cpu.dir/__/aten/src/ATen/native/sparse/SparseFactories.cpp.o
[541/1536] Building CXX object caffe2/CMakeFiles/torch_cpu.dir/__/aten/src/ATen/native/sparse/SparseMatMul.cpp.o
[542/1536] Building CXX object caffe2/CMakeFiles/torch_cpu.dir/__/aten/src/ATen/native/sparse/SparseTensor.cpp.o
[543/1536] Building CXX object caffe2/CMakeFiles/torch_cpu.dir/__/aten/src/ATen/native/sparse/SparseUnaryOps.cpp.o
[544/1536] Building CXX object caffe2/CMakeFiles/torch_cpu.dir/__/aten/src/ATen/native/sparse/ValidateCompressedIndicesKernel.cpp.o
[545/1536] Building CXX object caffe2/CMakeFiles/torch_cpu.dir/__/aten/src/ATen/native/sparse/SparseTensorMath.cpp.o
[546/1536] Building CXX object caffe2/CMakeFiles/torch_cpu.dir/__/aten/src/ATen/native/sparse/SparseCsrTensorMath.cpp.o
[547/1536] Building CXX object caffe2/CMakeFiles/torch_cpu.dir/__/aten/src/ATen/native/nested/NestedTensorAliases.cpp.o
[548/1536] Building CXX object caffe2/CMakeFiles/torch_cpu.dir/__/aten/src/ATen/native/nested/NestedTensorBackward.cpp.o
[549/1536] Building CXX object caffe2/CMakeFiles/torch_cpu.dir/__/aten/src/ATen/native/nested/NestedTensorBinaryOps.cpp.o
[550/1536] Building CXX object caffe2/CMakeFiles/torch_cpu.dir/__/aten/src/ATen/native/nested/NestedTensorFactories.cpp.o
[551/1536] Building CXX object caffe2/CMakeFiles/torch_cpu.dir/__/aten/src/ATen/native/nested/NestedTensorMath.cpp.o
[552/1536] Building CXX object caffe2/CMakeFiles/torch_cpu.dir/__/aten/src/ATen/native/nested/NestedTensorMatmul.cpp.o
[553/1536] Building CXX object caffe2/CMakeFiles/torch_cpu.dir/__/aten/src/ATen/native/nested/NestedTensorTransformerFunctions.cpp.o
[554/1536] Building CXX object caffe2/CMakeFiles/torch_cpu.dir/__/aten/src/ATen/native/nested/NestedTensorUnaryOps.cpp.o
[555/1536] Building CXX object caffe2/CMakeFiles/torch_cpu.dir/__/aten/src/ATen/native/quantized/AffineQuantizerBase.cpp.o
[556/1536] Building CXX object caffe2/CMakeFiles/torch_cpu.dir/__/aten/src/ATen/native/nested/NestedTensorUtils.cpp.o
[557/1536] Building CXX object caffe2/CMakeFiles/torch_cpu.dir/__/aten/src/ATen/native/quantized/AffineQuantizer.cpp.o
[558/1536] Building CXX object caffe2/CMakeFiles/torch_cpu.dir/__/aten/src/ATen/native/quantized/Copy.cpp.o
[559/1536] Building CXX object caffe2/CMakeFiles/torch_cpu.dir/__/aten/src/ATen/native/quantized/FakeQuantPerChannelAffine.cpp.o
[560/1536] Building CXX object caffe2/CMakeFiles/torch_cpu.dir/__/aten/src/ATen/native/quantized/FakeQuantPerTensorAffine.cpp.o
[561/1536] Building CXX object caffe2/CMakeFiles/torch_cpu.dir/__/aten/src/ATen/native/quantized/QTensor.cpp.o
[562/1536] Building CXX object caffe2/CMakeFiles/torch_cpu.dir/__/aten/src/ATen/native/quantized/cpu/ACLUtils.cpp.o
[563/1536] Building CXX object caffe2/CMakeFiles/torch_cpu.dir/__/aten/src/ATen/native/quantized/cpu/AdaptiveAveragePooling.cpp.o
[564/1536] Building CXX object caffe2/CMakeFiles/torch_cpu.dir/__/aten/src/ATen/native/quantized/TensorAdvancedIndexing.cpp.o
[565/1536] Building CXX object caffe2/CMakeFiles/torch_cpu.dir/__/aten/src/ATen/native/quantized/TensorCompare.cpp.o
[566/1536] Building CXX object caffe2/CMakeFiles/torch_cpu.dir/__/aten/src/ATen/native/quantized/TensorFactories.cpp.o
[567/1536] Building CXX object caffe2/CMakeFiles/torch_cpu.dir/__/aten/src/ATen/native/quantized/cpu/AveragePool2d.cpp.o
[568/1536] Building CXX object caffe2/CMakeFiles/torch_cpu.dir/__/aten/src/ATen/native/quantized/cpu/ChannelShuffle.cpp.o
[569/1536] Building CXX object caffe2/CMakeFiles/torch_cpu.dir/__/aten/src/ATen/native/quantized/cpu/AveragePool3d.cpp.o
[570/1536] Building CXX object caffe2/CMakeFiles/torch_cpu.dir/__/aten/src/ATen/native/quantized/cpu/BinaryOps.cpp.o
[571/1536] Building CXX object caffe2/CMakeFiles/torch_cpu.dir/__/aten/src/ATen/native/quantized/cpu/IntReprQuant.cpp.o
[572/1536] Building CXX object caffe2/CMakeFiles/torch_cpu.dir/__/aten/src/ATen/native/quantized/cpu/MakePerTensorQuantizedTensor.cpp.o
[573/1536] Building CXX object caffe2/CMakeFiles/torch_cpu.dir/__/aten/src/ATen/native/quantized/cpu/LinearUnpackImpl.cpp.o
[574/1536] Building CXX object caffe2/CMakeFiles/torch_cpu.dir/__/aten/src/ATen/native/quantized/cpu/RuyUtils.cpp.o
[575/1536] Building CXX object caffe2/CMakeFiles/torch_cpu.dir/__/aten/src/ATen/native/quantized/cpu/Normalization.cpp.o
[576/1536] Building CXX object caffe2/CMakeFiles/torch_cpu.dir/__/aten/src/ATen/native/quantized/cpu/ReduceOps.cpp.o
[577/1536] Building CXX object caffe2/CMakeFiles/torch_cpu.dir/__/aten/src/ATen/native/quantized/cpu/Sorting.cpp.o
[578/1536] Building CXX object caffe2/CMakeFiles/torch_cpu.dir/__/aten/src/ATen/native/quantized/cpu/Pooling.cpp.o
[579/1536] Building CXX object caffe2/CMakeFiles/torch_cpu.dir/__/aten/src/ATen/native/quantized/cpu/TensorOperators.cpp.o
[580/1536] Building CXX object caffe2/CMakeFiles/torch_cpu.dir/__/aten/src/ATen/native/quantized/cpu/UpSampleBilinear2d.cpp.o
[581/1536] Building CXX object caffe2/CMakeFiles/torch_cpu.dir/__/aten/src/ATen/native/quantized/cpu/XnnpackUtils.cpp.o
[582/1536] Building CXX object caffe2/CMakeFiles/torch_cpu.dir/__/aten/src/ATen/native/quantized/cpu/TensorShape.cpp.o
[583/1536] Building CXX object caffe2/CMakeFiles/torch_cpu.dir/__/aten/src/ATen/native/quantized/cpu/UpSampleNearest3d.cpp.o
[584/1536] Building CXX object caffe2/CMakeFiles/torch_cpu.dir/__/aten/src/ATen/native/quantized/cpu/init_qnnpack.cpp.o
[585/1536] Building CXX object caffe2/CMakeFiles/torch_cpu.dir/__/aten/src/ATen/native/quantized/cpu/UpSampleNearest2d.cpp.o
[586/1536] Building CXX object caffe2/CMakeFiles/torch_cpu.dir/__/aten/src/ATen/native/quantized/cpu/fused_obs_fake_quant.cpp.o
[587/1536] Building CXX object caffe2/CMakeFiles/torch_cpu.dir/__/aten/src/ATen/native/quantized/cpu/qclamp.cpp.o
[588/1536] Building CXX object caffe2/CMakeFiles/torch_cpu.dir/__/aten/src/ATen/native/quantized/cpu/qconv.cpp.o
/home/ubuntu/pyodide-recipes/packages/torch/build/torch-2.8.0/aten/src/ATen/native/quantized/cpu/qconv.cpp:98:23: warning: function 'compute_deconv_shape' is not needed and will not be emitted [-Wunneeded-internal-declaration]
   98 | static inline int64_t compute_deconv_shape(int64_t input,
      |                       ^~~~~~~~~~~~~~~~~~~~
1 warning generated.
[589/1536] Building CXX object caffe2/CMakeFiles/torch_cpu.dir/__/aten/src/ATen/native/quantized/cpu/qconv_dynamic.cpp.o
[590/1536] Building CXX object caffe2/CMakeFiles/torch_cpu.dir/__/aten/src/ATen/native/quantized/cpu/fbgemm_utils.cpp.o
[591/1536] Building CXX object caffe2/CMakeFiles/torch_cpu.dir/__/aten/src/ATen/native/quantized/cpu/qconv_prepack.cpp.o
[592/1536] Building CXX object caffe2/CMakeFiles/torch_cpu.dir/__/aten/src/ATen/native/quantized/cpu/qelu.cpp.o
[593/1536] Building CXX object caffe2/CMakeFiles/torch_cpu.dir/__/aten/src/ATen/native/quantized/cpu/qconv_unpack_impl.cpp.o
[594/1536] Building CXX object caffe2/CMakeFiles/torch_cpu.dir/__/aten/src/ATen/native/quantized/cpu/qdropout.cpp.o
[595/1536] Building CXX object caffe2/CMakeFiles/torch_cpu.dir/__/aten/src/ATen/native/quantized/cpu/qembeddingbag.cpp.o
[596/1536] Building CXX object caffe2/CMakeFiles/torch_cpu.dir/__/aten/src/ATen/native/quantized/cpu/qembeddingbag_prepack.cpp.o
[597/1536] Building CXX object caffe2/CMakeFiles/torch_cpu.dir/__/aten/src/ATen/native/quantized/cpu/qgelu.cpp.o
[598/1536] Building CXX object caffe2/CMakeFiles/torch_cpu.dir/__/aten/src/ATen/native/quantized/cpu/qembeddingbag_unpack.cpp.o
[599/1536] Building CXX object caffe2/CMakeFiles/torch_cpu.dir/__/aten/src/ATen/native/quantized/cpu/qhardsigmoid.cpp.o
[600/1536] Building CXX object caffe2/CMakeFiles/torch_cpu.dir/__/aten/src/ATen/native/quantized/cpu/qhardswish.cpp.o
[601/1536] Building CXX object caffe2/CMakeFiles/torch_cpu.dir/__/aten/src/ATen/native/quantized/cpu/qlinear.cpp.o
[602/1536] Building CXX object caffe2/CMakeFiles/torch_cpu.dir/__/aten/src/ATen/native/quantized/cpu/qlinear_dynamic.cpp.o
[603/1536] Building CXX object caffe2/CMakeFiles/torch_cpu.dir/__/aten/src/ATen/native/quantized/cpu/qlinear_prepack.cpp.o
[604/1536] Building CXX object caffe2/CMakeFiles/torch_cpu.dir/__/aten/src/ATen/native/quantized/cpu/qnormalization.cpp.o
[605/1536] Building CXX object caffe2/CMakeFiles/torch_cpu.dir/__/aten/src/ATen/native/quantized/cpu/qrelu.cpp.o
[606/1536] Building CXX object caffe2/CMakeFiles/torch_cpu.dir/__/aten/src/ATen/native/quantized/cpu/qmul.cpp.o
[607/1536] Building CXX object caffe2/CMakeFiles/torch_cpu.dir/__/aten/src/ATen/native/quantized/cpu/qmatmul.cpp.o
[608/1536] Building CXX object caffe2/CMakeFiles/torch_cpu.dir/__/aten/src/ATen/native/quantized/cpu/qsigmoid.cpp.o
[609/1536] Building CXX object caffe2/CMakeFiles/torch_cpu.dir/__/aten/src/ATen/native/quantized/cpu/qtanh.cpp.o
[610/1536] Building CXX object caffe2/CMakeFiles/torch_cpu.dir/__/aten/src/ATen/native/quantized/cpu/qthreshold.cpp.o
[611/1536] Building CXX object caffe2/CMakeFiles/torch_cpu.dir/__/aten/src/ATen/native/quantized/cpu/qsoftmax.cpp.o
[612/1536] Building CXX object caffe2/CMakeFiles/torch_cpu.dir/__/aten/src/ATen/native/quantized/library.cpp.o
[613/1536] Building CXX object caffe2/CMakeFiles/torch_cpu.dir/__/aten/src/ATen/native/mkl/MklAllocationHelper.cpp.o
[614/1536] Building CXX object caffe2/CMakeFiles/torch_cpu.dir/__/aten/src/ATen/native/mkl/LinearAlgebra.cpp.o
[615/1536] Building CXX object caffe2/CMakeFiles/torch_cpu.dir/__/aten/src/ATen/native/quantized/qconv_unpack.cpp.o
[616/1536] Building CXX object caffe2/CMakeFiles/torch_cpu.dir/__/aten/src/ATen/native/mkl/SparseBlasImpl.cpp.o
[617/1536] Building CXX object caffe2/CMakeFiles/torch_cpu.dir/__/aten/src/ATen/native/mkl/SparseCsrLinearAlgebra.cpp.o
[618/1536] Building CXX object caffe2/CMakeFiles/torch_cpu.dir/__/aten/src/ATen/native/quantized/qlinear_unpack.cpp.o
[619/1536] Building CXX object caffe2/CMakeFiles/torch_cpu.dir/__/aten/src/ATen/native/mkldnn/BinaryOps.cpp.o
[620/1536] Building CXX object caffe2/CMakeFiles/torch_cpu.dir/__/aten/src/ATen/native/mkl/SpectralOps.cpp.o
[621/1536] Building CXX object caffe2/CMakeFiles/torch_cpu.dir/__/aten/src/ATen/native/mkldnn/Conv.cpp.o
[622/1536] Building CXX object caffe2/CMakeFiles/torch_cpu.dir/__/aten/src/ATen/native/mkldnn/IDeepRegistration.cpp.o
[623/1536] Building CXX object caffe2/CMakeFiles/torch_cpu.dir/__/aten/src/ATen/native/mkldnn/Copy.cpp.o
[624/1536] Building CXX object caffe2/CMakeFiles/torch_cpu.dir/__/aten/src/ATen/native/mkldnn/Gelu.cpp.o
[625/1536] Building CXX object caffe2/CMakeFiles/torch_cpu.dir/__/aten/src/ATen/native/mkldnn/ConvPrepack.cpp.o
[626/1536] Building CXX object caffe2/CMakeFiles/torch_cpu.dir/__/aten/src/ATen/native/mkldnn/Linear.cpp.o
[627/1536] Building CXX object caffe2/CMakeFiles/torch_cpu.dir/__/aten/src/ATen/native/mkldnn/MKLDNNCommon.cpp.o
[628/1536] Building CXX object caffe2/CMakeFiles/torch_cpu.dir/__/aten/src/ATen/native/mkldnn/MKLDNNConversions.cpp.o
[629/1536] Building CXX object caffe2/CMakeFiles/torch_cpu.dir/__/aten/src/ATen/native/mkldnn/MkldnnTensorMath.cpp.o
[630/1536] Building CXX object caffe2/CMakeFiles/torch_cpu.dir/__/aten/src/ATen/native/mkldnn/Matmul.cpp.o
[631/1536] Building CXX object caffe2/CMakeFiles/torch_cpu.dir/__/aten/src/ATen/native/mkldnn/Normalization.cpp.o
[632/1536] Building CXX object caffe2/CMakeFiles/torch_cpu.dir/__/aten/src/ATen/native/mkldnn/Pooling.cpp.o
[633/1536] Building CXX object caffe2/CMakeFiles/torch_cpu.dir/__/aten/src/ATen/native/mkldnn/RegisterMkldnnOpContextClass.cpp.o
[634/1536] Building CXX object caffe2/CMakeFiles/torch_cpu.dir/__/aten/src/ATen/native/mkldnn/Relu.cpp.o
[635/1536] Building CXX object caffe2/CMakeFiles/torch_cpu.dir/__/aten/src/ATen/native/mkldnn/OpContext.cpp.o
[636/1536] Building CXX object caffe2/CMakeFiles/torch_cpu.dir/__/aten/src/ATen/native/mkldnn/Prelu.cpp.o
[637/1536] Building CXX object caffe2/CMakeFiles/torch_cpu.dir/__/aten/src/ATen/native/mkldnn/TensorFactories.cpp.o
[638/1536] Building CXX object caffe2/CMakeFiles/torch_cpu.dir/__/aten/src/ATen/native/mkldnn/SoftMax.cpp.o
[639/1536] Building CXX object caffe2/CMakeFiles/torch_cpu.dir/__/aten/src/ATen/native/mkldnn/RNN.cpp.o
[640/1536] Building CXX object caffe2/CMakeFiles/torch_cpu.dir/__/aten/src/ATen/native/mkldnn/TensorShape.cpp.o
[641/1536] Building CXX object caffe2/CMakeFiles/torch_cpu.dir/__/aten/src/ATen/native/mkldnn/UnaryOps.cpp.o
[642/1536] Building CXX object caffe2/CMakeFiles/torch_cpu.dir/__/aten/src/ATen/native/mkldnn/Utils.cpp.o
[643/1536] Building CXX object caffe2/CMakeFiles/torch_cpu.dir/__/aten/src/ATen/native/transformers/sdp_utils_cpp.cpp.o
[644/1536] Building CXX object caffe2/CMakeFiles/torch_cpu.dir/__/aten/src/ATen/native/xnnpack/Activation.cpp.o
[645/1536] Building CXX object caffe2/CMakeFiles/torch_cpu.dir/__/aten/src/ATen/native/xnnpack/AveragePooling.cpp.o
[646/1536] Building CXX object caffe2/CMakeFiles/torch_cpu.dir/__/aten/src/ATen/native/xnnpack/ChannelShuffle.cpp.o
[647/1536] Building CXX object caffe2/CMakeFiles/torch_cpu.dir/__/aten/src/ATen/native/xnnpack/Convolution.cpp.o
[648/1536] Building CXX object caffe2/CMakeFiles/torch_cpu.dir/__/aten/src/ATen/native/transformers/attention.cpp.o
[649/1536] Building CXX object caffe2/CMakeFiles/torch_cpu.dir/__/aten/src/ATen/native/xnnpack/Init.cpp.o
[650/1536] Building CXX object caffe2/CMakeFiles/torch_cpu.dir/__/aten/src/ATen/native/xnnpack/Linear.cpp.o
[651/1536] Building CXX object caffe2/CMakeFiles/torch_cpu.dir/__/aten/src/ATen/native/xnnpack/MaxPooling.cpp.o
[652/1536] Building CXX object caffe2/CMakeFiles/torch_cpu.dir/__/aten/src/ATen/native/xnnpack/OpContext.cpp.o
[653/1536] Building CXX object caffe2/CMakeFiles/torch_cpu.dir/__/aten/src/ATen/native/xnnpack/RegisterOpContextClass.cpp.o
[654/1536] Building CXX object caffe2/CMakeFiles/torch_cpu.dir/__/aten/src/ATen/native/transformers/transformer.cpp.o
[655/1536] Building CXX object caffe2/CMakeFiles/torch_cpu.dir/__/aten/src/ATen/native/utils/Factory.cpp.o
[656/1536] Building CXX object caffe2/CMakeFiles/torch_cpu.dir/__/aten/src/ATen/native/xnnpack/Shim.cpp.o
[657/1536] Building CXX object caffe2/CMakeFiles/torch_cpu.dir/__/aten/src/ATen/CompositeViewCopyKernels.cpp.o
[658/1536] Building CXX object caffe2/CMakeFiles/torch_cpu.dir/__/aten/src/ATen/Functions.cpp.o
[659/1536] Building CXX object caffe2/CMakeFiles/torch_cpu.dir/__/aten/src/ATen/Operators_0.cpp.o
[660/1536] Building CXX object caffe2/CMakeFiles/torch_cpu.dir/__/aten/src/ATen/Operators_1.cpp.o
[661/1536] Building CXX object caffe2/CMakeFiles/torch_cpu.dir/__/aten/src/ATen/Operators_3.cpp.o
[662/1536] Building CXX object caffe2/CMakeFiles/torch_cpu.dir/__/aten/src/ATen/RegisterBackendSelect.cpp.o
[663/1536] Building CXX object caffe2/CMakeFiles/torch_cpu.dir/__/aten/src/ATen/Operators_2.cpp.o
[664/1536] Building CXX object caffe2/CMakeFiles/torch_cpu.dir/__/aten/src/ATen/RegisterCPU_0.cpp.o
[665/1536] Building CXX object caffe2/CMakeFiles/torch_cpu.dir/__/aten/src/ATen/RegisterCPU_2.cpp.o
[666/1536] Building CXX object caffe2/CMakeFiles/torch_cpu.dir/__/aten/src/ATen/RegisterCPU_1.cpp.o
[667/1536] Building CXX object caffe2/CMakeFiles/torch_cpu.dir/__/aten/src/ATen/Operators_4.cpp.o
[668/1536] Building CXX object caffe2/CMakeFiles/torch_cpu.dir/__/aten/src/ATen/RegisterCPU_3.cpp.o
[669/1536] Building CXX object caffe2/CMakeFiles/torch_cpu.dir/__/aten/src/ATen/RegisterCompositeImplicitAutogradNestedTensor_0.cpp.o
[670/1536] Building CXX object caffe2/CMakeFiles/torch_cpu.dir/__/aten/src/ATen/RegisterCompositeExplicitAutogradNonFunctional_0.cpp.o
[671/1536] Building CXX object caffe2/CMakeFiles/torch_cpu.dir/__/aten/src/ATen/RegisterFunctionalization_0.cpp.o
[672/1536] Building CXX object caffe2/CMakeFiles/torch_cpu.dir/__/aten/src/ATen/RegisterCompositeImplicitAutograd_0.cpp.o
[673/1536] Building CXX object caffe2/CMakeFiles/torch_cpu.dir/__/aten/src/ATen/RegisterCompositeExplicitAutograd_0.cpp.o
[674/1536] Building CXX object caffe2/CMakeFiles/torch_cpu.dir/__/aten/src/ATen/RegisterFunctionalization_1.cpp.o
[675/1536] Building CXX object caffe2/CMakeFiles/torch_cpu.dir/__/aten/src/ATen/RegisterFunctionalization_2.cpp.o
[676/1536] Building CXX object caffe2/CMakeFiles/torch_cpu.dir/__/aten/src/ATen/RegisterMkldnnCPU_0.cpp.o
[677/1536] Building CXX object caffe2/CMakeFiles/torch_cpu.dir/__/aten/src/ATen/RegisterFunctionalization_3.cpp.o
[678/1536] Building CXX object caffe2/CMakeFiles/torch_cpu.dir/__/aten/src/ATen/RegisterNestedTensorCPU_0.cpp.o
[679/1536] Building CXX object caffe2/CMakeFiles/torch_cpu.dir/__/aten/src/ATen/RegisterNestedTensorMeta_0.cpp.o
[680/1536] Building CXX object caffe2/CMakeFiles/torch_cpu.dir/__/aten/src/ATen/RegisterNestedTensorHPU_0.cpp.o
[681/1536] Building CXX object caffe2/CMakeFiles/torch_cpu.dir/__/aten/src/ATen/RegisterNestedTensorXPU_0.cpp.o
[682/1536] Building CXX object caffe2/CMakeFiles/torch_cpu.dir/__/aten/src/ATen/RegisterQuantizedMeta_0.cpp.o
[683/1536] Building CXX object caffe2/CMakeFiles/torch_cpu.dir/__/aten/src/ATen/RegisterMeta_0.cpp.o
[684/1536] Building CXX object caffe2/CMakeFiles/torch_cpu.dir/__/aten/src/ATen/RegisterQuantizedCPU_0.cpp.o
[685/1536] Building CXX object caffe2/CMakeFiles/torch_cpu.dir/__/aten/src/ATen/RegisterSchema.cpp.o
[686/1536] Building CXX object caffe2/CMakeFiles/torch_cpu.dir/__/aten/src/ATen/RegisterSparseCsrXPU_0.cpp.o
[687/1536] Building CXX object caffe2/CMakeFiles/torch_cpu.dir/__/aten/src/ATen/RegisterSparseCsrCPU_0.cpp.o
[688/1536] Building CXX object caffe2/CMakeFiles/torch_cpu.dir/__/aten/src/ATen/RegisterSparseCPU_0.cpp.o
[689/1536] Building CXX object caffe2/CMakeFiles/torch_cpu.dir/__/aten/src/ATen/RegisterSparseCsrMeta_0.cpp.o
[690/1536] Building CXX object caffe2/CMakeFiles/torch_cpu.dir/__/aten/src/ATen/UfuncCPU_add.cpp.o
[691/1536] Building CXX object caffe2/CMakeFiles/torch_cpu.dir/__/aten/src/ATen/RegisterSparseXPU_0.cpp.o
[692/1536] Building CXX object caffe2/CMakeFiles/torch_cpu.dir/__/aten/src/ATen/RegisterSparseMeta_0.cpp.o
[693/1536] Building CXX object caffe2/CMakeFiles/torch_cpu.dir/__/aten/src/ATen/RegisterZeroTensor_0.cpp.o
[694/1536] Building CXX object caffe2/CMakeFiles/torch_cpu.dir/__/aten/src/ATen/core/TensorMethods.cpp.o
[695/1536] Building CXX object caffe2/CMakeFiles/torch_cpu.dir/__/aten/src/ATen/quantized/QTensorImpl.cpp.o
[696/1536] Building CXX object caffe2/CMakeFiles/torch_cpu.dir/__/aten/src/ATen/core/ATenOpList.cpp.o
[697/1536] Building CXX object caffe2/CMakeFiles/torch_cpu.dir/__/aten/src/ATen/nnapi/nnapi_model_loader.cpp.o
[698/1536] Building CXX object caffe2/CMakeFiles/torch_cpu.dir/__/aten/src/ATen/nnapi/nnapi_wrapper.cpp.o
[699/1536] Building CXX object caffe2/CMakeFiles/torch_cpu.dir/__/aten/src/ATen/UfuncCPUKernel_add.cpp.DEFAULT.cpp.o
[700/1536] Building CXX object caffe2/CMakeFiles/torch_cpu.dir/__/aten/src/ATen/quantized/Quantizer.cpp.o
[701/1536] Building CXX object caffe2/CMakeFiles/torch_cpu.dir/__/aten/src/ATen/nnapi/nnapi_bind.cpp.o
[702/1536] Building CXX object caffe2/CMakeFiles/torch_cpu.dir/__/aten/src/ATen/native/cpu/spherical_bessel_j0.cpp.DEFAULT.cpp.o
[703/1536] Building CXX object caffe2/CMakeFiles/torch_cpu.dir/__/aten/src/ATen/nnapi/nnapi_register.cpp.o
[704/1536] Building CXX object caffe2/CMakeFiles/torch_cpu.dir/__/aten/src/ATen/native/cpu/scaled_modified_bessel_k1.cpp.DEFAULT.cpp.o
[705/1536] Building CXX object caffe2/CMakeFiles/torch_cpu.dir/__/aten/src/ATen/native/cpu/scaled_modified_bessel_k0.cpp.DEFAULT.cpp.o
[706/1536] Building CXX object caffe2/CMakeFiles/torch_cpu.dir/__/aten/src/ATen/native/cpu/int8mm_kernel.cpp.DEFAULT.cpp.o
[707/1536] Building CXX object caffe2/CMakeFiles/torch_cpu.dir/__/aten/src/ATen/native/cpu/int4mm_kernel.cpp.DEFAULT.cpp.o
[708/1536] Building CXX object caffe2/CMakeFiles/torch_cpu.dir/__/aten/src/ATen/native/cpu/layer_norm_kernel.cpp.DEFAULT.cpp.o
[709/1536] Building CXX object caffe2/CMakeFiles/torch_cpu.dir/__/aten/src/ATen/native/cpu/airy_ai.cpp.DEFAULT.cpp.o
[710/1536] Building CXX object caffe2/CMakeFiles/torch_cpu.dir/__/aten/src/ATen/native/cpu/WeightNormKernel.cpp.DEFAULT.cpp.o
[711/1536] Building CXX object caffe2/CMakeFiles/torch_cpu.dir/__/aten/src/ATen/native/cpu/group_norm_kernel.cpp.DEFAULT.cpp.o
[712/1536] Building CXX object caffe2/CMakeFiles/torch_cpu.dir/__/aten/src/ATen/native/cpu/batch_norm_kernel.cpp.DEFAULT.cpp.o
[713/1536] Building CXX object caffe2/CMakeFiles/torch_cpu.dir/__/aten/src/ATen/native/quantized/cpu/kernels/QuantizedOpKernels.cpp.DEFAULT.cpp.o
[714/1536] Building CXX object caffe2/CMakeFiles/torch_cpu.dir/__/aten/src/ATen/native/cpu/UnfoldBackwardKernel.cpp.DEFAULT.cpp.o
[715/1536] Building CXX object caffe2/CMakeFiles/torch_cpu.dir/__/aten/src/ATen/native/cpu/Unfold2d.cpp.DEFAULT.cpp.o
[716/1536] Building CXX object caffe2/CMakeFiles/torch_cpu.dir/__/aten/src/ATen/native/cpu/UpSampleMoreKernel.cpp.DEFAULT.cpp.o
[717/1536] Building CXX object caffe2/CMakeFiles/torch_cpu.dir/__/aten/src/ATen/native/cpu/UpSampleKernel.cpp.DEFAULT.cpp.o
[718/1536] Building CXX object caffe2/CMakeFiles/torch_cpu.dir/__/aten/src/ATen/native/cpu/SumKernel.cpp.DEFAULT.cpp.o
[719/1536] Building CXX object caffe2/CMakeFiles/torch_cpu.dir/__/aten/src/ATen/native/cpu/StackKernel.cpp.DEFAULT.cpp.o
[720/1536] Building CXX object caffe2/CMakeFiles/torch_cpu.dir/__/aten/src/ATen/native/cpu/SparseFactories.cpp.DEFAULT.cpp.o
[721/1536] Building CXX object caffe2/CMakeFiles/torch_cpu.dir/__/aten/src/ATen/native/cpu/TensorCompareKernel.cpp.DEFAULT.cpp.o
[722/1536] Building CXX object caffe2/CMakeFiles/torch_cpu.dir/__/aten/src/ATen/native/cpu/SoftMaxKernel.cpp.DEFAULT.cpp.o
[723/1536] Building CXX object caffe2/CMakeFiles/torch_cpu.dir/__/aten/src/ATen/native/cpu/UnaryOpsKernel.cpp.DEFAULT.cpp.o
[724/1536] Building CXX object caffe2/CMakeFiles/torch_cpu.dir/__/aten/src/ATen/native/cpu/SampledAddmmKernel.cpp.DEFAULT.cpp.o
[725/1536] Building CXX object caffe2/CMakeFiles/torch_cpu.dir/__/aten/src/ATen/native/cpu/SpmmReduceKernel.cpp.DEFAULT.cpp.o
[726/1536] Building CXX object caffe2/CMakeFiles/torch_cpu.dir/__/aten/src/ATen/native/cpu/RenormKernel.cpp.DEFAULT.cpp.o
[727/1536] Building CXX object caffe2/CMakeFiles/torch_cpu.dir/__/aten/src/ATen/native/cpu/ReducedPrecisionFloatGemvFastPathKernel.cpp.DEFAULT.cpp.o
[728/1536] Building CXX object caffe2/CMakeFiles/torch_cpu.dir/__/aten/src/ATen/native/cpu/ScatterGatherKernel.cpp.DEFAULT.cpp.o
[729/1536] Building CXX object caffe2/CMakeFiles/torch_cpu.dir/__/aten/src/ATen/native/cpu/ReduceAllOpsKernel.cpp.DEFAULT.cpp.o
[730/1536] Building CXX object caffe2/CMakeFiles/torch_cpu.dir/__/aten/src/ATen/native/cpu/RangeFactoriesKernel.cpp.DEFAULT.cpp.o
[731/1536] Building CXX object caffe2/CMakeFiles/torch_cpu.dir/__/aten/src/ATen/native/cpu/PowKernel.cpp.DEFAULT.cpp.o
[732/1536] Building CXX object caffe2/CMakeFiles/torch_cpu.dir/__/aten/src/ATen/native/cpu/PointwiseOpsKernel.cpp.DEFAULT.cpp.o
[733/1536] Building CXX object caffe2/CMakeFiles/torch_cpu.dir/__/aten/src/ATen/native/cpu/ReduceOpsKernel.cpp.DEFAULT.cpp.o
[734/1536] Building CXX object caffe2/CMakeFiles/torch_cpu.dir/__/aten/src/ATen/native/cpu/PixelShuffleKernel.cpp.DEFAULT.cpp.o
[735/1536] Building CXX object caffe2/CMakeFiles/torch_cpu.dir/__/aten/src/ATen/native/cpu/NativeMultiheadAttnKernel.cpp.DEFAULT.cpp.o
[736/1536] Building CXX object caffe2/CMakeFiles/torch_cpu.dir/__/aten/src/ATen/native/cpu/SortingKernel.cpp.DEFAULT.cpp.o
[737/1536] Building CXX object caffe2/CMakeFiles/torch_cpu.dir/__/aten/src/ATen/native/cpu/MultinomialKernel.cpp.DEFAULT.cpp.o
[738/1536] Building CXX object caffe2/CMakeFiles/torch_cpu.dir/__/aten/src/ATen/native/cpu/MaxUnpoolKernel.cpp.DEFAULT.cpp.o
[739/1536] Building CXX object caffe2/CMakeFiles/torch_cpu.dir/__/aten/src/ATen/native/cpu/MaxPooling.cpp.DEFAULT.cpp.o
[740/1536] Building CXX object caffe2/CMakeFiles/torch_cpu.dir/__/aten/src/ATen/native/cpu/LinearAlgebraKernel.cpp.DEFAULT.cpp.o
[741/1536] Building CXX object caffe2/CMakeFiles/torch_cpu.dir/__/aten/src/ATen/native/cpu/LerpKernel.cpp.DEFAULT.cpp.o
[742/1536] Building CXX object caffe2/CMakeFiles/torch_cpu.dir/__/aten/src/ATen/native/cpu/MaxPoolKernel.cpp.DEFAULT.cpp.o
[743/1536] Building CXX object caffe2/CMakeFiles/torch_cpu.dir/__/aten/src/ATen/native/cpu/HistogramKernel.cpp.DEFAULT.cpp.o
[744/1536] Building CXX object caffe2/CMakeFiles/torch_cpu.dir/__/aten/src/ATen/native/cpu/FusedSGDKernel.cpp.DEFAULT.cpp.o
[745/1536] Building CXX object caffe2/CMakeFiles/torch_cpu.dir/__/aten/src/ATen/native/cpu/PaddingKernel.cpp.DEFAULT.cpp.o
[746/1536] Building CXX object caffe2/CMakeFiles/torch_cpu.dir/__/aten/src/ATen/native/cpu/IndexKernel.cpp.DEFAULT.cpp.o
[747/1536] Building CXX object caffe2/CMakeFiles/torch_cpu.dir/__/aten/src/ATen/native/cpu/FusedAdagradKernel.cpp.DEFAULT.cpp.o
[748/1536] Building CXX object caffe2/CMakeFiles/torch_cpu.dir/__/aten/src/ATen/native/cpu/FusedAdamKernel.cpp.DEFAULT.cpp.o
[749/1536] Building CXX object caffe2/CMakeFiles/torch_cpu.dir/__/aten/src/ATen/native/cpu/FunctionOfAMatrixUtilsKernel.cpp.DEFAULT.cpp.o
[750/1536] Building CXX object caffe2/CMakeFiles/torch_cpu.dir/__/aten/src/ATen/native/cpu/FillKernel.cpp.DEFAULT.cpp.o
[751/1536] Building CXX object caffe2/CMakeFiles/torch_cpu.dir/__/aten/src/ATen/native/cpu/DistributionKernels.cpp.DEFAULT.cpp.o
[752/1536] Building CXX object caffe2/CMakeFiles/torch_cpu.dir/__/aten/src/ATen/native/cpu/DistanceOpsKernel.cpp.DEFAULT.cpp.o
[753/1536] Building CXX object caffe2/CMakeFiles/torch_cpu.dir/__/aten/src/ATen/native/cpu/DepthwiseConvKernel.cpp.DEFAULT.cpp.o
[754/1536] Building CXX object caffe2/CMakeFiles/torch_cpu.dir/__/aten/src/ATen/native/cpu/CrossKernel.cpp.DEFAULT.cpp.o
[755/1536] Building CXX object caffe2/CMakeFiles/torch_cpu.dir/__/aten/src/ATen/native/cpu/ComplexKernel.cpp.DEFAULT.cpp.o
[756/1536] Building CXX object caffe2/CMakeFiles/torch_cpu.dir/__/aten/src/ATen/native/cpu/ChannelShuffleKernel.cpp.DEFAULT.cpp.o
[757/1536] Building CXX object caffe2/CMakeFiles/torch_cpu.dir/__/aten/src/ATen/native/cpu/CatKernel.cpp.DEFAULT.cpp.o
[758/1536] Building CXX object caffe2/CMakeFiles/torch_cpu.dir/__/aten/src/ATen/native/cpu/BlasKernel.cpp.DEFAULT.cpp.o
[759/1536] Building CXX object caffe2/CMakeFiles/torch_cpu.dir/__/aten/src/ATen/native/cpu/GridSamplerKernel.cpp.DEFAULT.cpp.o
[760/1536] Building CXX object caffe2/CMakeFiles/torch_cpu.dir/__/aten/src/ATen/native/cpu/AvgPoolKernel.cpp.DEFAULT.cpp.o
[761/1536] Building CXX object caffe2/CMakeFiles/torch_cpu.dir/__/aten/src/ATen/native/cpu/CopyKernel.cpp.DEFAULT.cpp.o
[762/1536] Building CXX object caffe2/CMakeFiles/torch_cpu.dir/__/aten/src/ATen/native/cpu/AmpGradScalerKernels.cpp.DEFAULT.cpp.o
[763/1536] Building CXX object caffe2/CMakeFiles/torch_cpu.dir/__/aten/src/ATen/native/cpu/AdaptiveMaxPoolKernel.cpp.DEFAULT.cpp.o
[764/1536] Building CXX object caffe2/CMakeFiles/torch_cpu.dir/__/aten/src/ATen/native/cpu/AdaptiveAvgPoolKernel.cpp.DEFAULT.cpp.o
[765/1536] Building CXX object caffe2/CMakeFiles/torch_cpu.dir/__/aten/src/ATen/vulkan/Context.cpp.o
[766/1536] Building CXX object caffe2/CMakeFiles/torch_cpu.dir/__/aten/src/ATen/metal/Context.cpp.o
[767/1536] Building CXX object caffe2/CMakeFiles/torch_cpu.dir/core/common.cc.o
[768/1536] Building C object caffe2/CMakeFiles/torch_cpu.dir/__/third_party/miniz-3.0.2/miniz.c.o
/home/ubuntu/pyodide-recipes/packages/torch/build/torch-2.8.0/third_party/miniz-3.0.2/miniz.c:3258:9: warning: Using fopen, ftello, fseeko, stat() etc. path for file I/O - this path may not support large files. [-W#pragma-messages]
 3258 | #pragma message("Using fopen, ftello, fseeko, stat() etc. path for file I/O - this path may not support large files.")
      |         ^
1 warning generated.
[769/1536] Building CXX object caffe2/CMakeFiles/torch_cpu.dir/serialize/inline_container.cc.o
[770/1536] Building CXX object caffe2/CMakeFiles/torch_cpu.dir/__/aten/src/ATen/native/cpu/BinaryOpsKernel.cpp.DEFAULT.cpp.o
[771/1536] Building CXX object caffe2/CMakeFiles/torch_cpu.dir/serialize/istream_adapter.cc.o
[772/1536] Building CXX object caffe2/CMakeFiles/torch_cpu.dir/serialize/crc.cc.o
[773/1536] Building CXX object caffe2/CMakeFiles/torch_cpu.dir/serialize/read_adapter_interface.cc.o
[774/1536] Building CXX object caffe2/CMakeFiles/torch_cpu.dir/serialize/file_adapter.cc.o
[775/1536] Building CXX object caffe2/CMakeFiles/torch_cpu.dir/__/aten/src/ATen/native/cpu/Activation.cpp.DEFAULT.cpp.o
[776/1536] Building CXX object caffe2/CMakeFiles/torch_cpu.dir/utils/string_utils.cc.o
[777/1536] Building CXX object caffe2/CMakeFiles/torch_cpu.dir/utils/proto_wrap.cc.o
[778/1536] Building CXX object caffe2/CMakeFiles/torch_cpu.dir/utils/threadpool/ThreadPool.cc.o
[779/1536] Building CXX object caffe2/CMakeFiles/torch_cpu.dir/perfkernels/embedding_lookup_idx.cc.o
[780/1536] Building CXX object caffe2/CMakeFiles/torch_cpu.dir/__/aten/src/ATen/native/cpu/FlashAttentionKernel.cpp.DEFAULT.cpp.o
[781/1536] Building CXX object caffe2/CMakeFiles/torch_cpu.dir/__/torch/csrc/autograd/generated/ViewFuncs.cpp.o
[782/1536] Building CXX object caffe2/CMakeFiles/torch_cpu.dir/__/torch/csrc/autograd/generated/VariableType_0.cpp.o
[783/1536] Building CXX object caffe2/CMakeFiles/torch_cpu.dir/__/torch/csrc/autograd/generated/VariableType_1.cpp.o
[784/1536] Building CXX object caffe2/CMakeFiles/torch_cpu.dir/__/torch/csrc/autograd/generated/Functions.cpp.o
[785/1536] Building CXX object caffe2/CMakeFiles/torch_cpu.dir/__/torch/csrc/autograd/generated/VariableType_2.cpp.o
[786/1536] Building CXX object caffe2/CMakeFiles/torch_cpu.dir/__/torch/csrc/autograd/generated/VariableType_3.cpp.o
[787/1536] Building CXX object caffe2/CMakeFiles/torch_cpu.dir/__/torch/csrc/autograd/generated/VariableType_4.cpp.o
[788/1536] Building CXX object caffe2/CMakeFiles/torch_cpu.dir/__/torch/csrc/autograd/generated/TraceType_0.cpp.o
[789/1536] Building CXX object caffe2/CMakeFiles/torch_cpu.dir/__/torch/csrc/autograd/generated/TraceType_1.cpp.o
[790/1536] Building CXX object caffe2/CMakeFiles/torch_cpu.dir/__/torch/csrc/autograd/generated/ADInplaceOrViewType_0.cpp.o
[791/1536] Building CXX object caffe2/CMakeFiles/torch_cpu.dir/__/torch/csrc/autograd/generated/TraceType_4.cpp.o
[792/1536] Building CXX object caffe2/CMakeFiles/torch_cpu.dir/__/torch/csrc/autograd/generated/TraceType_3.cpp.o
[793/1536] Building CXX object caffe2/CMakeFiles/torch_cpu.dir/__/torch/csrc/inductor/aoti_torch/generated/c_shim_cpu.cpp.o
[794/1536] Building CXX object caffe2/CMakeFiles/torch_cpu.dir/__/torch/csrc/autograd/generated/TraceType_2.cpp.o
[795/1536] Building CXX object caffe2/CMakeFiles/torch_cpu.dir/__/torch/csrc/lazy/generated/RegisterAutogradLazy.cpp.o
[796/1536] Building CXX object caffe2/CMakeFiles/torch_cpu.dir/__/torch/csrc/autograd/anomaly_mode.cpp.o
[797/1536] Building CXX object caffe2/CMakeFiles/torch_cpu.dir/__/torch/csrc/autograd/generated/ADInplaceOrViewType_1.cpp.o
[798/1536] Building CXX object caffe2/CMakeFiles/torch_cpu.dir/__/torch/csrc/autograd/autograd.cpp.o
[799/1536] Building CXX object caffe2/CMakeFiles/torch_cpu.dir/__/torch/csrc/autograd/autograd_meta.cpp.o
[800/1536] Building CXX object caffe2/CMakeFiles/torch_cpu.dir/__/torch/csrc/lazy/generated/RegisterLazy.cpp.o
[801/1536] Building CXX object caffe2/CMakeFiles/torch_cpu.dir/__/torch/csrc/autograd/autograd_not_implemented_fallback.cpp.o
[802/1536] Building CXX object caffe2/CMakeFiles/torch_cpu.dir/__/torch/csrc/autograd/cpp_hook.cpp.o
[803/1536] Building CXX object caffe2/CMakeFiles/torch_cpu.dir/__/torch/csrc/autograd/forward_grad.cpp.o
[804/1536] Building CXX object caffe2/CMakeFiles/torch_cpu.dir/__/torch/csrc/lazy/generated/LazyNativeFunctions.cpp.o
[805/1536] Building CXX object caffe2/CMakeFiles/torch_cpu.dir/__/torch/csrc/autograd/custom_function.cpp.o
[806/1536] Building CXX object caffe2/CMakeFiles/torch_cpu.dir/__/torch/csrc/autograd/engine.cpp.o
[807/1536] Building CXX object caffe2/CMakeFiles/torch_cpu.dir/__/torch/csrc/autograd/function.cpp.o
[808/1536] Building CXX object caffe2/CMakeFiles/torch_cpu.dir/__/torch/csrc/autograd/functions/accumulate_grad.cpp.o
[809/1536] Building CXX object caffe2/CMakeFiles/torch_cpu.dir/__/torch/csrc/autograd/functions/utils.cpp.o
[810/1536] Building CXX object caffe2/CMakeFiles/torch_cpu.dir/__/torch/csrc/autograd/functions/basic_ops.cpp.o
[811/1536] Building CXX object caffe2/CMakeFiles/torch_cpu.dir/__/torch/csrc/autograd/functions/tensor.cpp.o
[812/1536] Building CXX object caffe2/CMakeFiles/torch_cpu.dir/__/torch/csrc/autograd/input_metadata.cpp.o
[813/1536] Building CXX object caffe2/CMakeFiles/torch_cpu.dir/__/torch/csrc/autograd/jit_decomp_interface.cpp.o
[814/1536] Building CXX object caffe2/CMakeFiles/torch_cpu.dir/__/torch/csrc/autograd/input_buffer.cpp.o
[815/1536] Building CXX object caffe2/CMakeFiles/torch_cpu.dir/__/torch/csrc/autograd/profiler_kineto.cpp.o
[816/1536] Building CXX object caffe2/CMakeFiles/torch_cpu.dir/__/torch/csrc/autograd/saved_variable.cpp.o
[817/1536] Building CXX object caffe2/CMakeFiles/torch_cpu.dir/__/torch/csrc/autograd/record_function_ops.cpp.o
[818/1536] Building CXX object caffe2/CMakeFiles/torch_cpu.dir/__/torch/csrc/autograd/utils/warnings.cpp.o
[819/1536] Building CXX object caffe2/CMakeFiles/torch_cpu.dir/__/torch/csrc/autograd/profiler_legacy.cpp.o
[820/1536] Building CXX object caffe2/CMakeFiles/torch_cpu.dir/__/torch/csrc/autograd/variable_info.cpp.o
[821/1536] Building CXX object caffe2/CMakeFiles/torch_cpu.dir/__/torch/csrc/dynamo/compiled_autograd.cpp.o
[822/1536] Building CXX object caffe2/CMakeFiles/torch_cpu.dir/__/torch/csrc/inductor/aoti_package/model_package_loader.cpp.o
[823/1536] Building CXX object caffe2/CMakeFiles/torch_cpu.dir/__/torch/csrc/inductor/aoti_runner/model_container_runner_cpu.cpp.o
[824/1536] Building CXX object caffe2/CMakeFiles/torch_cpu.dir/__/torch/csrc/autograd/variable.cpp.o
[825/1536] Building CXX object caffe2/CMakeFiles/torch_cpu.dir/__/torch/csrc/inductor/aoti_torch/mkldnn_tensor.cpp.o
[826/1536] Building CXX object caffe2/CMakeFiles/torch_cpu.dir/__/torch/csrc/inductor/aoti_runner/model_container_runner.cpp.o
[827/1536] Building CXX object caffe2/CMakeFiles/torch_cpu.dir/__/torch/csrc/inductor/aoti_torch/shim_cpu.cpp.o
[828/1536] Building CXX object caffe2/CMakeFiles/torch_cpu.dir/__/torch/csrc/inductor/aoti_torch/tensor_converter.cpp.o
[829/1536] Building CXX object caffe2/CMakeFiles/torch_cpu.dir/__/torch/csrc/inductor/aoti_torch/shim_common.cpp.o
[830/1536] Building CXX object caffe2/CMakeFiles/torch_cpu.dir/__/torch/csrc/inductor/aoti_torch/oss_proxy_executor.cpp.o
[831/1536] Building CXX object caffe2/CMakeFiles/torch_cpu.dir/__/torch/csrc/inductor/inductor_ops.cpp.o
[832/1536] Building CXX object caffe2/CMakeFiles/torch_cpu.dir/__/torch/csrc/jit/api/function_impl.cpp.o
[833/1536] Building CXX object caffe2/CMakeFiles/torch_cpu.dir/__/torch/csrc/jit/api/object.cpp.o
[834/1536] Building CXX object caffe2/CMakeFiles/torch_cpu.dir/__/torch/csrc/jit/api/module.cpp.o
[835/1536] Building CXX object caffe2/CMakeFiles/torch_cpu.dir/__/torch/csrc/jit/backends/backend_debug_handler.cpp.o
[836/1536] Building CXX object caffe2/CMakeFiles/torch_cpu.dir/__/torch/csrc/jit/backends/backend_debug_info.cpp.o
[837/1536] Building CXX object caffe2/CMakeFiles/torch_cpu.dir/__/torch/csrc/jit/backends/backend_interface.cpp.o
[838/1536] Building CXX object caffe2/CMakeFiles/torch_cpu.dir/__/torch/csrc/jit/backends/backend_detail.cpp.o
[839/1536] Building CXX object caffe2/CMakeFiles/torch_cpu.dir/__/torch/csrc/jit/backends/backend_resolver.cpp.o
[840/1536] Building CXX object caffe2/CMakeFiles/torch_cpu.dir/__/torch/csrc/jit/codegen/fuser/codegen.cpp.o
[841/1536] Building CXX object caffe2/CMakeFiles/torch_cpu.dir/__/torch/csrc/jit/codegen/fuser/compiler.cpp.o
[842/1536] Building CXX object caffe2/CMakeFiles/torch_cpu.dir/__/torch/csrc/jit/codegen/fuser/executor.cpp.o
[843/1536] Building CXX object caffe2/CMakeFiles/torch_cpu.dir/__/torch/csrc/jit/codegen/fuser/fallback.cpp.o
[844/1536] Building CXX object caffe2/CMakeFiles/torch_cpu.dir/__/torch/csrc/jit/frontend/canonicalize_modified_loop.cpp.o
[845/1536] Building CXX object caffe2/CMakeFiles/torch_cpu.dir/__/torch/csrc/jit/codegen/fuser/interface.cpp.o
[846/1536] Building CXX object caffe2/CMakeFiles/torch_cpu.dir/__/torch/csrc/jit/frontend/builtin_functions.cpp.o
[847/1536] Building CXX object caffe2/CMakeFiles/torch_cpu.dir/__/torch/csrc/jit/frontend/edit_distance.cpp.o
[848/1536] Building CXX object caffe2/CMakeFiles/torch_cpu.dir/__/torch/csrc/jit/codegen/fuser/kernel_cache.cpp.o
[849/1536] Building CXX object caffe2/CMakeFiles/torch_cpu.dir/__/torch/csrc/jit/frontend/inline_loop_condition.cpp.o
[850/1536] Building CXX object caffe2/CMakeFiles/torch_cpu.dir/__/torch/csrc/jit/frontend/exit_transforms.cpp.o
[851/1536] Building CXX object caffe2/CMakeFiles/torch_cpu.dir/__/torch/csrc/jit/frontend/convert_to_ssa.cpp.o
[852/1536] Building CXX object caffe2/CMakeFiles/torch_cpu.dir/__/torch/csrc/jit/frontend/name_mangler.cpp.o
[853/1536] Building CXX object caffe2/CMakeFiles/torch_cpu.dir/__/torch/csrc/jit/frontend/parser.cpp.o
[854/1536] Building CXX object caffe2/CMakeFiles/torch_cpu.dir/__/torch/csrc/jit/frontend/schema_matching.cpp.o
[855/1536] Building CXX object caffe2/CMakeFiles/torch_cpu.dir/__/torch/csrc/jit/frontend/script_type_parser.cpp.o
[856/1536] Building CXX object caffe2/CMakeFiles/torch_cpu.dir/__/torch/csrc/jit/frontend/ir_emitter.cpp.o
[857/1536] Building CXX object caffe2/CMakeFiles/torch_cpu.dir/__/torch/csrc/jit/frontend/sugared_value.cpp.o
[858/1536] Building CXX object caffe2/CMakeFiles/torch_cpu.dir/__/torch/csrc/jit/frontend/versioned_symbols.cpp.o
[859/1536] Building CXX object caffe2/CMakeFiles/torch_cpu.dir/__/torch/csrc/jit/frontend/tracer.cpp.o
[860/1536] Building CXX object caffe2/CMakeFiles/torch_cpu.dir/__/torch/csrc/jit/ir/attributes.cpp.o
[861/1536] Building CXX object caffe2/CMakeFiles/torch_cpu.dir/__/torch/csrc/jit/ir/alias_analysis.cpp.o
[862/1536] Building CXX object caffe2/CMakeFiles/torch_cpu.dir/__/torch/csrc/jit/ir/graph_utils.cpp.o
[863/1536] Building CXX object caffe2/CMakeFiles/torch_cpu.dir/__/torch/csrc/jit/ir/irparser.cpp.o
[864/1536] Building CXX object caffe2/CMakeFiles/torch_cpu.dir/__/torch/csrc/jit/ir/constants.cpp.o
[865/1536] Building CXX object caffe2/CMakeFiles/torch_cpu.dir/__/torch/csrc/jit/ir/ir.cpp.o
[866/1536] Building CXX object caffe2/CMakeFiles/torch_cpu.dir/__/torch/csrc/jit/ir/node_hashing.cpp.o
[867/1536] Building CXX object caffe2/CMakeFiles/torch_cpu.dir/__/torch/csrc/jit/ir/scope.cpp.o
[868/1536] Building CXX object caffe2/CMakeFiles/torch_cpu.dir/__/torch/csrc/jit/ir/type_hashing.cpp.o
[869/1536] Building CXX object caffe2/CMakeFiles/torch_cpu.dir/__/torch/csrc/jit/ir/subgraph_matcher.cpp.o
[870/1536] Building CXX object caffe2/CMakeFiles/torch_cpu.dir/__/torch/csrc/jit/jit_log.cpp.o
[871/1536] Building CXX object caffe2/CMakeFiles/torch_cpu.dir/__/torch/csrc/jit/jit_opt_limit.cpp.o
[872/1536] Building CXX object caffe2/CMakeFiles/torch_cpu.dir/__/torch/csrc/jit/mobile/compatibility/runtime_compatibility.cpp.o
[873/1536] Building CXX object caffe2/CMakeFiles/torch_cpu.dir/__/torch/csrc/jit/mobile/compatibility/model_compatibility.cpp.o
[874/1536] Building CXX object caffe2/CMakeFiles/torch_cpu.dir/__/torch/csrc/jit/mobile/function.cpp.o
[875/1536] Building CXX object caffe2/CMakeFiles/torch_cpu.dir/__/torch/csrc/jit/mobile/interpreter.cpp.o
[876/1536] Building CXX object caffe2/CMakeFiles/torch_cpu.dir/__/torch/csrc/jit/mobile/import.cpp.o
[877/1536] Building CXX object caffe2/CMakeFiles/torch_cpu.dir/__/torch/csrc/jit/mobile/flatbuffer_loader.cpp.o
[878/1536] Building CXX object caffe2/CMakeFiles/torch_cpu.dir/__/torch/csrc/jit/mobile/module.cpp.o
[879/1536] Building CXX object caffe2/CMakeFiles/torch_cpu.dir/__/torch/csrc/jit/mobile/nnc/registry.cpp.o
[880/1536] Building CXX object caffe2/CMakeFiles/torch_cpu.dir/__/torch/csrc/jit/mobile/observer.cpp.o
[881/1536] Building CXX object caffe2/CMakeFiles/torch_cpu.dir/__/torch/csrc/jit/mobile/nnc/backend.cpp.o
[882/1536] Building CXX object caffe2/CMakeFiles/torch_cpu.dir/__/torch/csrc/jit/mobile/parse_operators.cpp.o
[883/1536] Building CXX object caffe2/CMakeFiles/torch_cpu.dir/__/torch/csrc/jit/mobile/parse_bytecode.cpp.o
[884/1536] Building CXX object caffe2/CMakeFiles/torch_cpu.dir/__/torch/csrc/jit/mobile/nnc/context.cpp.o
[885/1536] Building CXX object caffe2/CMakeFiles/torch_cpu.dir/__/torch/csrc/jit/mobile/nnc/aot_compiler.cpp.o
[886/1536] Building CXX object caffe2/CMakeFiles/torch_cpu.dir/__/torch/csrc/jit/mobile/prim_ops_registery.cpp.o
[887/1536] Building CXX object caffe2/CMakeFiles/torch_cpu.dir/__/torch/csrc/jit/mobile/promoted_prim_ops.cpp.o
[888/1536] Building CXX object caffe2/CMakeFiles/torch_cpu.dir/__/torch/csrc/jit/mobile/register_ops_common_utils.cpp.o
[889/1536] Building CXX object caffe2/CMakeFiles/torch_cpu.dir/__/torch/csrc/jit/mobile/quantization.cpp.o
[890/1536] Building CXX object caffe2/CMakeFiles/torch_cpu.dir/__/torch/csrc/jit/mobile/type_parser.cpp.o
[891/1536] Building CXX object caffe2/CMakeFiles/torch_cpu.dir/__/torch/csrc/jit/operator_upgraders/utils.cpp.o
[892/1536] Building CXX object caffe2/CMakeFiles/torch_cpu.dir/__/torch/csrc/jit/mobile/upgrader_mobile.cpp.o
[893/1536] Building CXX object caffe2/CMakeFiles/torch_cpu.dir/__/torch/csrc/jit/operator_upgraders/version_map.cpp.o
[894/1536] Building CXX object caffe2/CMakeFiles/torch_cpu.dir/__/torch/csrc/jit/operator_upgraders/upgraders.cpp.o
[895/1536] Building CXX object caffe2/CMakeFiles/torch_cpu.dir/__/torch/csrc/jit/operator_upgraders/upgraders_entry.cpp.o
[896/1536] Building CXX object caffe2/CMakeFiles/torch_cpu.dir/__/torch/csrc/jit/passes/add_if_then_else.cpp.o
[897/1536] Building CXX object caffe2/CMakeFiles/torch_cpu.dir/__/torch/csrc/jit/passes/annotate_warns.cpp.o
[898/1536] Building CXX object caffe2/CMakeFiles/torch_cpu.dir/__/torch/csrc/jit/passes/canonicalize_graph_fuser_ops.cpp.o
[899/1536] Building CXX object caffe2/CMakeFiles/torch_cpu.dir/__/torch/csrc/jit/passes/bailout_graph.cpp.o
[900/1536] Building CXX object caffe2/CMakeFiles/torch_cpu.dir/__/torch/csrc/jit/passes/canonicalize.cpp.o
[901/1536] Building CXX object caffe2/CMakeFiles/torch_cpu.dir/__/torch/csrc/jit/passes/batch_mm.cpp.o
[902/1536] Building CXX object caffe2/CMakeFiles/torch_cpu.dir/__/torch/csrc/jit/passes/check_strict_fusion.cpp.o
[903/1536] Building CXX object caffe2/CMakeFiles/torch_cpu.dir/__/torch/csrc/jit/passes/common_subexpression_elimination.cpp.o
[904/1536] Building CXX object caffe2/CMakeFiles/torch_cpu.dir/__/torch/csrc/jit/passes/clear_profiling.cpp.o
[905/1536] Building CXX object caffe2/CMakeFiles/torch_cpu.dir/__/torch/csrc/jit/passes/clear_undefinedness.cpp.o
[906/1536] Building CXX object caffe2/CMakeFiles/torch_cpu.dir/__/torch/csrc/jit/passes/concat_opt.cpp.o
[907/1536] Building CXX object caffe2/CMakeFiles/torch_cpu.dir/__/torch/csrc/jit/passes/constant_pooling.cpp.o
[908/1536] Building CXX object caffe2/CMakeFiles/torch_cpu.dir/__/torch/csrc/jit/passes/constant_propagation.cpp.o
[909/1536] Building CXX object caffe2/CMakeFiles/torch_cpu.dir/__/torch/csrc/jit/passes/create_autodiff_subgraphs.cpp.o
[910/1536] Building CXX object caffe2/CMakeFiles/torch_cpu.dir/__/torch/csrc/jit/passes/create_functional_graphs.cpp.o
[911/1536] Building CXX object caffe2/CMakeFiles/torch_cpu.dir/__/torch/csrc/jit/passes/dbr_quantization/remove_redundant_aliases.cpp.o
[912/1536] Building CXX object caffe2/CMakeFiles/torch_cpu.dir/__/torch/csrc/jit/passes/dead_code_elimination.cpp.o
[913/1536] Building CXX object caffe2/CMakeFiles/torch_cpu.dir/__/torch/csrc/jit/passes/decompose_ops.cpp.o
[914/1536] Building CXX object caffe2/CMakeFiles/torch_cpu.dir/__/torch/csrc/jit/passes/device_type_analysis.cpp.o
[915/1536] Building CXX object caffe2/CMakeFiles/torch_cpu.dir/__/torch/csrc/jit/passes/eliminate_no_ops.cpp.o
[916/1536] Building CXX object caffe2/CMakeFiles/torch_cpu.dir/__/torch/csrc/jit/passes/dtype_analysis.cpp.o
[917/1536] Building CXX object caffe2/CMakeFiles/torch_cpu.dir/__/torch/csrc/jit/passes/erase_number_types.cpp.o
[918/1536] Building CXX object caffe2/CMakeFiles/torch_cpu.dir/__/torch/csrc/jit/passes/fold_linear_bn.cpp.o
[919/1536] Building CXX object caffe2/CMakeFiles/torch_cpu.dir/__/torch/csrc/jit/passes/fixup_trace_scope_blocks.cpp.o
[920/1536] Building CXX object caffe2/CMakeFiles/torch_cpu.dir/__/torch/csrc/jit/passes/fold_conv_bn.cpp.o
[921/1536] Building CXX object caffe2/CMakeFiles/torch_cpu.dir/__/torch/csrc/jit/passes/frozen_conv_add_relu_fusion.cpp.o
[922/1536] Building CXX object caffe2/CMakeFiles/torch_cpu.dir/__/torch/csrc/jit/passes/frozen_concat_linear.cpp.o
[923/1536] Building CXX object caffe2/CMakeFiles/torch_cpu.dir/__/torch/csrc/jit/passes/frozen_conv_folding.cpp.o
[924/1536] Building CXX object caffe2/CMakeFiles/torch_cpu.dir/__/torch/csrc/jit/passes/freeze_module.cpp.o
[925/1536] Building CXX object caffe2/CMakeFiles/torch_cpu.dir/__/torch/csrc/jit/passes/frozen_graph_optimizations.cpp.o
[926/1536] Building CXX object caffe2/CMakeFiles/torch_cpu.dir/__/torch/csrc/jit/passes/frozen_linear_folding.cpp.o
[927/1536] Building CXX object caffe2/CMakeFiles/torch_cpu.dir/__/torch/csrc/jit/passes/frozen_linear_transpose.cpp.o
[928/1536] Building CXX object caffe2/CMakeFiles/torch_cpu.dir/__/torch/csrc/jit/passes/fuse_relu.cpp.o
[929/1536] Building CXX object caffe2/CMakeFiles/torch_cpu.dir/__/torch/csrc/jit/passes/fuse_linear.cpp.o
[930/1536] Building CXX object caffe2/CMakeFiles/torch_cpu.dir/__/torch/csrc/jit/passes/frozen_ops_to_mkldnn.cpp.o
[931/1536] Building CXX object caffe2/CMakeFiles/torch_cpu.dir/__/torch/csrc/jit/passes/graph_rewrite_helper.cpp.o
[932/1536] Building CXX object caffe2/CMakeFiles/torch_cpu.dir/__/torch/csrc/jit/passes/graph_fuser.cpp.o
[933/1536] Building CXX object caffe2/CMakeFiles/torch_cpu.dir/__/torch/csrc/jit/passes/hoist_conv_packed_params.cpp.o
[934/1536] Building CXX object caffe2/CMakeFiles/torch_cpu.dir/__/torch/csrc/jit/passes/guard_elimination.cpp.o
[935/1536] Building CXX object caffe2/CMakeFiles/torch_cpu.dir/__/torch/csrc/jit/passes/inline_autodiff_subgraphs.cpp.o
[936/1536] Building CXX object caffe2/CMakeFiles/torch_cpu.dir/__/torch/csrc/jit/passes/inline_fork_wait.cpp.o
[937/1536] Building CXX object caffe2/CMakeFiles/torch_cpu.dir/__/torch/csrc/jit/passes/inline_forked_closures.cpp.o
[938/1536] Building CXX object caffe2/CMakeFiles/torch_cpu.dir/__/torch/csrc/jit/passes/inliner.cpp.o
[939/1536] Building CXX object caffe2/CMakeFiles/torch_cpu.dir/__/torch/csrc/jit/passes/inplace_check.cpp.o
[940/1536] Building CXX object caffe2/CMakeFiles/torch_cpu.dir/__/torch/csrc/jit/passes/integer_value_refinement.cpp.o
[941/1536] Building CXX object caffe2/CMakeFiles/torch_cpu.dir/__/torch/csrc/jit/passes/insert_guards.cpp.o
[942/1536] Building CXX object caffe2/CMakeFiles/torch_cpu.dir/__/torch/csrc/jit/passes/lift_closures.cpp.o
[943/1536] Building CXX object caffe2/CMakeFiles/torch_cpu.dir/__/torch/csrc/jit/passes/loop_unrolling.cpp.o
[944/1536] Building CXX object caffe2/CMakeFiles/torch_cpu.dir/__/torch/csrc/jit/passes/liveness.cpp.o
[945/1536] Building CXX object caffe2/CMakeFiles/torch_cpu.dir/__/torch/csrc/jit/passes/lower_grad_of.cpp.o
[946/1536] Building CXX object caffe2/CMakeFiles/torch_cpu.dir/__/torch/csrc/jit/passes/lower_tuples.cpp.o
[947/1536] Building CXX object caffe2/CMakeFiles/torch_cpu.dir/__/torch/csrc/jit/passes/normalize_ops.cpp.o
[948/1536] Building CXX object caffe2/CMakeFiles/torch_cpu.dir/__/torch/csrc/jit/passes/pass_manager.cpp.o
[949/1536] Building CXX object caffe2/CMakeFiles/torch_cpu.dir/__/torch/csrc/jit/passes/metal_rewrite.cpp.o
[950/1536] Building CXX object caffe2/CMakeFiles/torch_cpu.dir/__/torch/csrc/jit/passes/mkldnn_rewrite.cpp.o
[951/1536] Building CXX object caffe2/CMakeFiles/torch_cpu.dir/__/torch/csrc/jit/passes/peephole.cpp.o
[952/1536] Building CXX object caffe2/CMakeFiles/torch_cpu.dir/__/torch/csrc/jit/passes/peephole_alias_sensitive.cpp.o
[953/1536] Building CXX object caffe2/CMakeFiles/torch_cpu.dir/__/torch/csrc/jit/passes/peephole_dict_idioms.cpp.o
[954/1536] Building CXX object caffe2/CMakeFiles/torch_cpu.dir/__/torch/csrc/jit/passes/peephole_non_tensor.cpp.o
[955/1536] Building CXX object caffe2/CMakeFiles/torch_cpu.dir/__/torch/csrc/jit/passes/peephole_list_idioms.cpp.o
[956/1536] Building CXX object caffe2/CMakeFiles/torch_cpu.dir/__/torch/csrc/jit/passes/prepack_folding.cpp.o
[957/1536] Building CXX object caffe2/CMakeFiles/torch_cpu.dir/__/torch/csrc/jit/passes/quantization/fusion_passes.cpp.o
[958/1536] Building CXX object caffe2/CMakeFiles/torch_cpu.dir/__/torch/csrc/jit/passes/quantization/dedup_module_uses.cpp.o
[959/1536] Building CXX object caffe2/CMakeFiles/torch_cpu.dir/__/torch/csrc/jit/passes/quantization/helper.cpp.o
[960/1536] Building CXX object caffe2/CMakeFiles/torch_cpu.dir/__/torch/csrc/jit/passes/quantization/finalize.cpp.o
[961/1536] Building CXX object caffe2/CMakeFiles/torch_cpu.dir/__/torch/csrc/jit/passes/quantization/quantization_type.cpp.o
[962/1536] Building CXX object caffe2/CMakeFiles/torch_cpu.dir/__/torch/csrc/jit/passes/quantization/insert_quant_dequant.cpp.o
[963/1536] Building CXX object caffe2/CMakeFiles/torch_cpu.dir/__/torch/csrc/jit/passes/quantization/insert_observers.cpp.o
[964/1536] Building CXX object caffe2/CMakeFiles/torch_cpu.dir/__/torch/csrc/jit/passes/refine_tuple_types.cpp.o
[965/1536] Building CXX object caffe2/CMakeFiles/torch_cpu.dir/__/torch/csrc/jit/passes/quantization/register_packed_params.cpp.o
[966/1536] Building CXX object caffe2/CMakeFiles/torch_cpu.dir/__/torch/csrc/jit/passes/remove_exceptions.cpp.o
[967/1536] Building CXX object caffe2/CMakeFiles/torch_cpu.dir/__/torch/csrc/jit/passes/remove_dropout.cpp.o
[968/1536] Building CXX object caffe2/CMakeFiles/torch_cpu.dir/__/torch/csrc/jit/passes/remove_expands.cpp.o
[969/1536] Building CXX object caffe2/CMakeFiles/torch_cpu.dir/__/torch/csrc/jit/passes/remove_redundant_profiles.cpp.o
[970/1536] Building CXX object caffe2/CMakeFiles/torch_cpu.dir/__/torch/csrc/jit/passes/remove_mutation.cpp.o
[971/1536] Building CXX object caffe2/CMakeFiles/torch_cpu.dir/__/torch/csrc/jit/passes/replacement_of_old_operators.cpp.o
[972/1536] Building CXX object caffe2/CMakeFiles/torch_cpu.dir/__/torch/csrc/jit/passes/requires_grad_analysis.cpp.o
[973/1536] Building CXX object caffe2/CMakeFiles/torch_cpu.dir/__/torch/csrc/jit/passes/restore_mutation.cpp.o
[974/1536] Building CXX object caffe2/CMakeFiles/torch_cpu.dir/__/torch/csrc/jit/passes/subgraph_rewrite.cpp.o
[975/1536] Building CXX object caffe2/CMakeFiles/torch_cpu.dir/__/torch/csrc/jit/passes/shape_analysis.cpp.o
[976/1536] Building CXX object caffe2/CMakeFiles/torch_cpu.dir/__/torch/csrc/jit/passes/specialize_autogradzero.cpp.o
[977/1536] Building CXX object caffe2/CMakeFiles/torch_cpu.dir/__/torch/csrc/jit/passes/symbolic_shape_analysis.cpp.o
[978/1536] Building CXX object caffe2/CMakeFiles/torch_cpu.dir/__/torch/csrc/jit/passes/symbolic_shape_cache.cpp.o
[979/1536] Building CXX object caffe2/CMakeFiles/torch_cpu.dir/__/torch/csrc/jit/passes/update_differentiable_graph_requires_grad.cpp.o
[980/1536] Building CXX object caffe2/CMakeFiles/torch_cpu.dir/__/torch/csrc/jit/passes/utils/memory_dag.cpp.o
[981/1536] Building CXX object caffe2/CMakeFiles/torch_cpu.dir/__/torch/csrc/jit/passes/utils/op_registry.cpp.o
[982/1536] Building CXX object caffe2/CMakeFiles/torch_cpu.dir/__/torch/csrc/jit/passes/symbolic_shape_runtime_fusion.cpp.o
[983/1536] Building CXX object caffe2/CMakeFiles/torch_cpu.dir/__/torch/csrc/jit/passes/utils/optimization_utils.cpp.o
[984/1536] Building CXX object caffe2/CMakeFiles/torch_cpu.dir/__/torch/csrc/jit/passes/tensorexpr_fuser.cpp.o
[985/1536] Building CXX object caffe2/CMakeFiles/torch_cpu.dir/__/torch/csrc/jit/passes/variadic_ops.cpp.o
[986/1536] Building CXX object caffe2/CMakeFiles/torch_cpu.dir/__/torch/csrc/jit/passes/value_refinement_utils.cpp.o
[987/1536] Building CXX object caffe2/CMakeFiles/torch_cpu.dir/__/torch/csrc/jit/passes/utils/subgraph_utils.cpp.o
[988/1536] Building CXX object caffe2/CMakeFiles/torch_cpu.dir/__/torch/csrc/jit/python/utf8_decoding_ignore.cpp.o
[989/1536] Building CXX object caffe2/CMakeFiles/torch_cpu.dir/__/torch/csrc/jit/python/update_graph_executor_opt.cpp.o
[990/1536] Building CXX object caffe2/CMakeFiles/torch_cpu.dir/__/torch/csrc/jit/passes/vulkan_rewrite.cpp.o
[991/1536] Building CXX object caffe2/CMakeFiles/torch_cpu.dir/__/torch/csrc/jit/runtime/argument_spec.cpp.o
[992/1536] Building CXX object caffe2/CMakeFiles/torch_cpu.dir/__/torch/csrc/jit/runtime/autodiff.cpp.o
[993/1536] Building CXX object caffe2/CMakeFiles/torch_cpu.dir/__/torch/csrc/jit/passes/xnnpack_rewrite.cpp.o
[994/1536] Building CXX object caffe2/CMakeFiles/torch_cpu.dir/__/torch/csrc/jit/runtime/instruction.cpp.o
[995/1536] Building CXX object caffe2/CMakeFiles/torch_cpu.dir/__/torch/csrc/jit/runtime/decomposition_registry_util.cpp.o
[996/1536] Building CXX object caffe2/CMakeFiles/torch_cpu.dir/__/torch/csrc/jit/runtime/decomposition_registry.cpp.o
[997/1536] Building CXX object caffe2/CMakeFiles/torch_cpu.dir/__/torch/csrc/jit/runtime/interpreter/preprocess_graph.cpp.o
[998/1536] Building CXX object caffe2/CMakeFiles/torch_cpu.dir/__/torch/csrc/jit/runtime/jit_exception.cpp.o
[999/1536] Building CXX object caffe2/CMakeFiles/torch_cpu.dir/__/torch/csrc/jit/runtime/interpreter/frame.cpp.o
[1000/1536] Building CXX object caffe2/CMakeFiles/torch_cpu.dir/__/torch/csrc/jit/runtime/graph_executor.cpp.o
[1001/1536] Building CXX object caffe2/CMakeFiles/torch_cpu.dir/__/torch/csrc/jit/runtime/logging.cpp.o
[1002/1536] Building CXX object caffe2/CMakeFiles/torch_cpu.dir/__/torch/csrc/jit/runtime/print_handler.cpp.o
[1003/1536] Building CXX object caffe2/CMakeFiles/torch_cpu.dir/__/torch/csrc/jit/runtime/interpreter.cpp.o
[1004/1536] Building CXX object caffe2/CMakeFiles/torch_cpu.dir/__/torch/csrc/jit/runtime/jit_trace.cpp.o
[1005/1536] Building CXX object caffe2/CMakeFiles/torch_cpu.dir/__/torch/csrc/jit/runtime/operator.cpp.o
[1006/1536] Building CXX object caffe2/CMakeFiles/torch_cpu.dir/__/torch/csrc/jit/runtime/profiling_graph_executor_impl.cpp.o
[1007/1536] Building CXX object caffe2/CMakeFiles/torch_cpu.dir/__/torch/csrc/jit/runtime/profiling_record.cpp.o
[1008/1536] Building CXX object caffe2/CMakeFiles/torch_cpu.dir/__/torch/csrc/jit/runtime/script_profile.cpp.o
[1009/1536] Building CXX object caffe2/CMakeFiles/torch_cpu.dir/__/torch/csrc/jit/runtime/slice_indices_adjust.cpp.o
[1010/1536] Building CXX object caffe2/CMakeFiles/torch_cpu.dir/__/torch/csrc/jit/runtime/serialized_shape_function_registry.cpp.o
[1011/1536] Building CXX object caffe2/CMakeFiles/torch_cpu.dir/__/torch/csrc/jit/runtime/register_ops_utils.cpp.o
[1012/1536] Building CXX object caffe2/CMakeFiles/torch_cpu.dir/__/torch/csrc/jit/runtime/simple_graph_executor_impl.cpp.o
[1013/1536] Building CXX object caffe2/CMakeFiles/torch_cpu.dir/__/torch/csrc/jit/runtime/static/fusion.cpp.o
[1014/1536] Building CXX object caffe2/CMakeFiles/torch_cpu.dir/__/torch/csrc/jit/runtime/static/impl.cpp.o
[1015/1536] Building CXX object caffe2/CMakeFiles/torch_cpu.dir/__/torch/csrc/jit/runtime/static/memory_planner.cpp.o
[1016/1536] Building CXX object caffe2/CMakeFiles/torch_cpu.dir/__/torch/csrc/jit/runtime/static/passes.cpp.o
[1017/1536] Building CXX object caffe2/CMakeFiles/torch_cpu.dir/__/torch/csrc/jit/runtime/static/native_ops.cpp.o
[1018/1536] Building CXX object caffe2/CMakeFiles/torch_cpu.dir/__/torch/csrc/jit/runtime/symbolic_script.cpp.o
[1019/1536] Building CXX object caffe2/CMakeFiles/torch_cpu.dir/__/torch/csrc/jit/runtime/static/te_wrapper.cpp.o
[1020/1536] Building CXX object caffe2/CMakeFiles/torch_cpu.dir/__/torch/csrc/jit/runtime/static/ops.cpp.o
[1021/1536] Building CXX object caffe2/CMakeFiles/torch_cpu.dir/__/torch/csrc/jit/runtime/static/generated_ops.cpp.o
[1022/1536] Building CXX object caffe2/CMakeFiles/torch_cpu.dir/__/torch/csrc/jit/runtime/symbolic_shape_registry_util.cpp.o
[1023/1536] Building CXX object caffe2/CMakeFiles/torch_cpu.dir/__/torch/csrc/jit/runtime/symbolic_shape_registry.cpp.o
[1024/1536] Building CXX object caffe2/CMakeFiles/torch_cpu.dir/__/torch/csrc/jit/runtime/vararg_functions.cpp.o
[1025/1536] Building CXX object caffe2/CMakeFiles/torch_cpu.dir/__/torch/csrc/jit/serialization/callstack_debug_info_serialization.cpp.o
[1026/1536] Building CXX object caffe2/CMakeFiles/torch_cpu.dir/__/torch/csrc/jit/serialization/import_export_helpers.cpp.o
[1027/1536] Building CXX object caffe2/CMakeFiles/torch_cpu.dir/__/torch/csrc/jit/serialization/import_read.cpp.o
[1028/1536] Building CXX object caffe2/CMakeFiles/torch_cpu.dir/__/torch/csrc/jit/serialization/pickle.cpp.o
[1029/1536] Building CXX object caffe2/CMakeFiles/torch_cpu.dir/__/torch/csrc/jit/serialization/import.cpp.o
[1030/1536] Building CXX object caffe2/CMakeFiles/torch_cpu.dir/__/torch/csrc/jit/serialization/import_source.cpp.o
[1031/1536] Building CXX object caffe2/CMakeFiles/torch_cpu.dir/__/torch/csrc/jit/serialization/pickler.cpp.o
[1032/1536] Building CXX object caffe2/CMakeFiles/torch_cpu.dir/__/torch/csrc/jit/serialization/type_name_uniquer.cpp.o
[1033/1536] Building CXX object caffe2/CMakeFiles/torch_cpu.dir/__/torch/csrc/jit/serialization/python_print.cpp.o
[1034/1536] Building CXX object caffe2/CMakeFiles/torch_cpu.dir/__/torch/csrc/jit/serialization/source_range_serialization.cpp.o
[1035/1536] Building CXX object caffe2/CMakeFiles/torch_cpu.dir/__/torch/csrc/jit/tensorexpr/block_codegen.cpp.o
[1036/1536] Building CXX object caffe2/CMakeFiles/torch_cpu.dir/__/torch/csrc/jit/serialization/unpickler.cpp.o
[1037/1536] Building CXX object caffe2/CMakeFiles/torch_cpu.dir/__/torch/csrc/jit/tensorexpr/bounds_overlap.cpp.o
[1038/1536] Building CXX object caffe2/CMakeFiles/torch_cpu.dir/__/torch/csrc/jit/tensorexpr/bounds_inference.cpp.o
[1039/1536] Building CXX object caffe2/CMakeFiles/torch_cpu.dir/__/torch/csrc/jit/tensorexpr/codegen.cpp.o
[1040/1536] Building CXX object caffe2/CMakeFiles/torch_cpu.dir/__/torch/csrc/jit/tensorexpr/cpp_codegen.cpp.o
[1041/1536] Building CXX object caffe2/CMakeFiles/torch_cpu.dir/__/torch/csrc/jit/tensorexpr/expr.cpp.o
[1042/1536] Building CXX object caffe2/CMakeFiles/torch_cpu.dir/__/torch/csrc/jit/tensorexpr/eval.cpp.o
[1043/1536] Building CXX object caffe2/CMakeFiles/torch_cpu.dir/__/torch/csrc/jit/tensorexpr/external_functions_registry.cpp.o
[1044/1536] Building CXX object caffe2/CMakeFiles/torch_cpu.dir/__/torch/csrc/jit/tensorexpr/external_functions_codegen.cpp.o
[1045/1536] Building CXX object caffe2/CMakeFiles/torch_cpu.dir/__/torch/csrc/jit/tensorexpr/external_functions_core.cpp.o
[1046/1536] Building CXX object caffe2/CMakeFiles/torch_cpu.dir/__/torch/csrc/jit/tensorexpr/intrinsic_symbols.cpp.o
[1047/1536] Building CXX object caffe2/CMakeFiles/torch_cpu.dir/__/torch/csrc/jit/tensorexpr/external_functions.cpp.o
[1048/1536] Building CXX object caffe2/CMakeFiles/torch_cpu.dir/__/torch/csrc/jit/tensorexpr/ir.cpp.o
[1049/1536] Building CXX object caffe2/CMakeFiles/torch_cpu.dir/__/torch/csrc/jit/tensorexpr/hash_provider.cpp.o
[1050/1536] Building CXX object caffe2/CMakeFiles/torch_cpu.dir/__/torch/csrc/jit/tensorexpr/graph_opt.cpp.o
[1051/1536] Building CXX object caffe2/CMakeFiles/torch_cpu.dir/__/torch/csrc/jit/tensorexpr/ir_cloner.cpp.o
[1052/1536] Building CXX object caffe2/CMakeFiles/torch_cpu.dir/__/torch/csrc/jit/tensorexpr/ir_mutator.cpp.o
[1053/1536] Building CXX object caffe2/CMakeFiles/torch_cpu.dir/__/torch/csrc/jit/tensorexpr/ir_printer.cpp.o
[1054/1536] Building CXX object caffe2/CMakeFiles/torch_cpu.dir/__/torch/csrc/jit/tensorexpr/ir_verifier.cpp.o
[1055/1536] Building CXX object caffe2/CMakeFiles/torch_cpu.dir/__/torch/csrc/jit/tensorexpr/llvm_codegen.cpp.o
[1056/1536] Building CXX object caffe2/CMakeFiles/torch_cpu.dir/__/torch/csrc/jit/tensorexpr/llvm_jit.cpp.o
[1057/1536] Building CXX object caffe2/CMakeFiles/torch_cpu.dir/__/torch/csrc/jit/tensorexpr/ir_visitor.cpp.o
[1058/1536] Building CXX object caffe2/CMakeFiles/torch_cpu.dir/__/torch/csrc/jit/tensorexpr/ir_simplifier.cpp.o
[1059/1536] Building CXX object caffe2/CMakeFiles/torch_cpu.dir/__/torch/csrc/jit/tensorexpr/kernel.cpp.o
[1060/1536] Building CXX object caffe2/CMakeFiles/torch_cpu.dir/__/torch/csrc/jit/tensorexpr/loopnest_randomization.cpp.o
[1061/1536] Building CXX object caffe2/CMakeFiles/torch_cpu.dir/__/torch/csrc/jit/tensorexpr/loopnest.cpp.o
[1062/1536] Building CXX object caffe2/CMakeFiles/torch_cpu.dir/__/torch/csrc/jit/tensorexpr/operators/conv2d.cpp.o
[1063/1536] Building CXX object caffe2/CMakeFiles/torch_cpu.dir/__/torch/csrc/jit/tensorexpr/mem_dependency_checker.cpp.o
[1064/1536] Building CXX object caffe2/CMakeFiles/torch_cpu.dir/__/torch/csrc/jit/tensorexpr/operators/matmul.cpp.o
[1065/1536] Building CXX object caffe2/CMakeFiles/torch_cpu.dir/__/torch/csrc/jit/tensorexpr/lowerings.cpp.o
[1066/1536] Building CXX object caffe2/CMakeFiles/torch_cpu.dir/__/torch/csrc/jit/tensorexpr/operators/norm.cpp.o
[1067/1536] Building CXX object caffe2/CMakeFiles/torch_cpu.dir/__/torch/csrc/jit/tensorexpr/operators/misc.cpp.o
[1068/1536] Building CXX object caffe2/CMakeFiles/torch_cpu.dir/__/torch/csrc/jit/tensorexpr/operators/pointwise.cpp.o
[1069/1536] Building CXX object caffe2/CMakeFiles/torch_cpu.dir/__/torch/csrc/jit/tensorexpr/reduction.cpp.o
[1070/1536] Building CXX object caffe2/CMakeFiles/torch_cpu.dir/__/torch/csrc/jit/tensorexpr/operators/quantization.cpp.o
[1071/1536] Building CXX object caffe2/CMakeFiles/torch_cpu.dir/__/torch/csrc/jit/tensorexpr/operators/reduction.cpp.o
[1072/1536] Building CXX object caffe2/CMakeFiles/torch_cpu.dir/__/torch/csrc/jit/tensorexpr/types.cpp.o
[1073/1536] Building CXX object caffe2/CMakeFiles/torch_cpu.dir/__/torch/csrc/jit/tensorexpr/operators/softmax.cpp.o
[1074/1536] Building CXX object caffe2/CMakeFiles/torch_cpu.dir/__/torch/csrc/jit/tensorexpr/tensor.cpp.o
[1075/1536] Building CXX object caffe2/CMakeFiles/torch_cpu.dir/__/torch/csrc/jit/tensorexpr/unique_name_manager.cpp.o
[1076/1536] Building CXX object caffe2/CMakeFiles/torch_cpu.dir/__/torch/csrc/jit/tensorexpr/registerizer.cpp.o
[1077/1536] Building CXX object caffe2/CMakeFiles/torch_cpu.dir/__/torch/csrc/jit/testing/file_check.cpp.o
[1078/1536] Building CXX object caffe2/CMakeFiles/torch_cpu.dir/__/torch/csrc/jit/testing/hooks_for_testing.cpp.o
[1079/1536] Building CXX object caffe2/CMakeFiles/torch_cpu.dir/__/torch/csrc/lazy/backend/backend_device.cpp.o
[1080/1536] Building CXX object caffe2/CMakeFiles/torch_cpu.dir/__/torch/csrc/lazy/core/config.cpp.o
[1081/1536] Building CXX object caffe2/CMakeFiles/torch_cpu.dir/__/torch/csrc/lazy/core/hash.cpp.o
[1082/1536] Building CXX object caffe2/CMakeFiles/torch_cpu.dir/__/torch/csrc/lazy/backend/backend_interface.cpp.o
[1083/1536] Building CXX object caffe2/CMakeFiles/torch_cpu.dir/__/torch/csrc/lazy/backend/lowering_context.cpp.o
[1084/1536] Building CXX object caffe2/CMakeFiles/torch_cpu.dir/__/torch/csrc/lazy/core/debug_util.cpp.o
[1085/1536] Building CXX object caffe2/CMakeFiles/torch_cpu.dir/__/torch/csrc/lazy/core/helpers.cpp.o
[1086/1536] Building CXX object caffe2/CMakeFiles/torch_cpu.dir/__/torch/csrc/lazy/core/ir.cpp.o
[1087/1536] Building CXX object caffe2/CMakeFiles/torch_cpu.dir/__/torch/csrc/lazy/core/ir_dump_util.cpp.o
[1088/1536] Building CXX object caffe2/CMakeFiles/torch_cpu.dir/__/torch/csrc/lazy/core/ir_metadata.cpp.o
[1089/1536] Building CXX object caffe2/CMakeFiles/torch_cpu.dir/__/torch/csrc/lazy/core/multi_wait.cpp.o
[1090/1536] Building CXX object caffe2/CMakeFiles/torch_cpu.dir/__/torch/csrc/lazy/core/ir_util.cpp.o
[1091/1536] Building CXX object caffe2/CMakeFiles/torch_cpu.dir/__/torch/csrc/lazy/core/metrics.cpp.o
[1092/1536] Building CXX object caffe2/CMakeFiles/torch_cpu.dir/__/torch/csrc/lazy/core/ops/arithmetic_ir_ops.cpp.o
[1093/1536] Building CXX object caffe2/CMakeFiles/torch_cpu.dir/__/torch/csrc/lazy/core/lazy_graph_executor.cpp.o
[1094/1536] Building CXX object caffe2/CMakeFiles/torch_cpu.dir/__/torch/csrc/lazy/core/permutation_util.cpp.o
[1095/1536] Building CXX object caffe2/CMakeFiles/torch_cpu.dir/__/torch/csrc/lazy/core/ops/utils.cpp.o
[1096/1536] Building CXX object caffe2/CMakeFiles/torch_cpu.dir/__/torch/csrc/lazy/core/shape.cpp.o
[1097/1536] Building CXX object caffe2/CMakeFiles/torch_cpu.dir/__/torch/csrc/lazy/core/tensor.cpp.o
[1098/1536] Building CXX object caffe2/CMakeFiles/torch_cpu.dir/__/torch/csrc/lazy/core/tensor_impl.cpp.o
[1099/1536] Building CXX object caffe2/CMakeFiles/torch_cpu.dir/__/torch/csrc/lazy/core/thread_pool.cpp.o
[1100/1536] Building CXX object caffe2/CMakeFiles/torch_cpu.dir/__/torch/csrc/monitor/counters.cpp.o
[1101/1536] Building CXX object caffe2/CMakeFiles/torch_cpu.dir/__/torch/csrc/monitor/events.cpp.o
[1102/1536] Building CXX object caffe2/CMakeFiles/torch_cpu.dir/__/torch/csrc/lazy/core/shape_inference.cpp.o
[1103/1536] Building CXX object caffe2/CMakeFiles/torch_cpu.dir/__/torch/csrc/lazy/core/tensor_util.cpp.o
[1104/1536] Building CXX object caffe2/CMakeFiles/torch_cpu.dir/__/torch/csrc/lazy/core/trie.cpp.o
[1105/1536] Building CXX object caffe2/CMakeFiles/torch_cpu.dir/__/torch/csrc/mtia/profiler/MTIAMemoryProfiler.cpp.o
[1106/1536] Building CXX object caffe2/CMakeFiles/torch_cpu.dir/__/torch/csrc/profiler/kineto_client_interface.cpp.o
[1107/1536] Building CXX object caffe2/CMakeFiles/torch_cpu.dir/__/torch/csrc/profiler/combined_traceback.cpp.o
[1108/1536] Building CXX object caffe2/CMakeFiles/torch_cpu.dir/__/torch/csrc/profiler/data_flow.cpp.o
[1109/1536] Building CXX object caffe2/CMakeFiles/torch_cpu.dir/__/torch/csrc/profiler/kineto_shim.cpp.o
[1110/1536] Building CXX object caffe2/CMakeFiles/torch_cpu.dir/__/torch/csrc/profiler/collection.cpp.o
[1111/1536] Building CXX object caffe2/CMakeFiles/torch_cpu.dir/__/torch/csrc/profiler/orchestration/observer.cpp.o
[1112/1536] Building CXX object caffe2/CMakeFiles/torch_cpu.dir/__/torch/csrc/profiler/perf.cpp.o
[1113/1536] Building CXX object caffe2/CMakeFiles/torch_cpu.dir/__/torch/csrc/profiler/orchestration/python_tracer.cpp.o
[1114/1536] Building CXX object caffe2/CMakeFiles/torch_cpu.dir/__/torch/csrc/profiler/orchestration/vulkan.cpp.o
[1115/1536] Building CXX object caffe2/CMakeFiles/torch_cpu.dir/__/torch/csrc/profiler/standalone/itt_observer.cpp.o
[1116/1536] Building CXX object caffe2/CMakeFiles/torch_cpu.dir/__/torch/csrc/profiler/standalone/nvtx_observer.cpp.o
[1117/1536] Building CXX object caffe2/CMakeFiles/torch_cpu.dir/__/torch/csrc/profiler/stubs/base.cpp.o
[1118/1536] Building CXX object caffe2/CMakeFiles/torch_cpu.dir/__/torch/csrc/profiler/standalone/privateuse1_observer.cpp.o
[1119/1536] Building CXX object caffe2/CMakeFiles/torch_cpu.dir/__/torch/csrc/profiler/unwind/unwind_fb.cpp.o
[1120/1536] Building CXX object caffe2/CMakeFiles/torch_cpu.dir/__/torch/csrc/profiler/unwind/unwind.cpp.o
[1121/1536] Building CXX object caffe2/CMakeFiles/torch_cpu.dir/__/torch/csrc/profiler/standalone/execution_trace_observer.cpp.o
[1122/1536] Building CXX object caffe2/CMakeFiles/torch_cpu.dir/__/torch/csrc/utils/cpp_stacktraces.cpp.o
[1123/1536] Building CXX object caffe2/CMakeFiles/torch_cpu.dir/__/torch/csrc/utils/variadic.cpp.o
[1124/1536] Building CXX object caffe2/CMakeFiles/torch_cpu.dir/__/torch/csrc/utils/schema_info.cpp.o
[1125/1536] Building CXX object caffe2/CMakeFiles/torch_cpu.dir/__/torch/csrc/profiler/util.cpp.o
[1126/1536] Building CXX object caffe2/CMakeFiles/torch_cpu.dir/__/torch/csrc/utils/tensor_flatten.cpp.o
[1127/1536] Building CXX object caffe2/CMakeFiles/torch_cpu.dir/__/torch/csrc/jit/passes/lower_graph.cpp.o
[1128/1536] Building CXX object caffe2/CMakeFiles/torch_cpu.dir/__/torch/csrc/jit/passes/remove_inplace_ops.cpp.o
[1129/1536] Building CXX object caffe2/CMakeFiles/torch_cpu.dir/__/torch/csrc/jit/passes/autocast.cpp.o
[1130/1536] Building CXX object caffe2/CMakeFiles/torch_cpu.dir/__/torch/csrc/jit/codegen/cuda/interface.cpp.o
[1131/1536] Building CXX object caffe2/CMakeFiles/torch_cpu.dir/__/torch/csrc/jit/passes/utils/check_alias_annotation.cpp.o
[1132/1536] Building CXX object caffe2/CMakeFiles/torch_cpu.dir/__/torch/csrc/jit/runtime/register_c10_ops.cpp.o
[1133/1536] Building CXX object caffe2/CMakeFiles/torch_cpu.dir/__/torch/csrc/jit/runtime/register_prim_ops_fulljit.cpp.o
[1134/1536] Building CXX object caffe2/CMakeFiles/torch_cpu.dir/__/torch/csrc/jit/runtime/register_special_ops.cpp.o
[1135/1536] Building CXX object caffe2/CMakeFiles/torch_cpu.dir/__/torch/csrc/jit/runtime/register_prim_ops.cpp.o
[1136/1536] Building CXX object caffe2/CMakeFiles/torch_cpu.dir/__/torch/nativert/graph/Graph.cpp.o
[1137/1536] Building CXX object caffe2/CMakeFiles/torch_cpu.dir/__/torch/nativert/graph/GraphSignature.cpp.o
[1138/1536] Building CXX object caffe2/CMakeFiles/torch_cpu.dir/__/torch/nativert/graph/GraphPasses.cpp.o
[1139/1536] Building CXX object caffe2/CMakeFiles/torch_cpu.dir/__/torch/nativert/graph/TensorMeta.cpp.o
[1140/1536] Building CXX object caffe2/CMakeFiles/torch_cpu.dir/__/torch/nativert/executor/Placement.cpp.o
[1141/1536] Building CXX object caffe2/CMakeFiles/torch_cpu.dir/__/torch/nativert/graph/Serialization.cpp.o
[1142/1536] Building CXX object caffe2/CMakeFiles/torch_cpu.dir/__/torch/nativert/executor/DelegateExecutor.cpp.o
[1143/1536] Building CXX object caffe2/CMakeFiles/torch_cpu.dir/__/torch/nativert/executor/ExecutionPlanner.cpp.o
[1144/1536] Building CXX object caffe2/CMakeFiles/torch_cpu.dir/__/torch/nativert/executor/PlacementUtils.cpp.o
[1145/1536] Building CXX object caffe2/CMakeFiles/torch_cpu.dir/__/torch/nativert/executor/ExecutionFrame.cpp.o
[1146/1536] Building CXX object caffe2/CMakeFiles/torch_cpu.dir/__/torch/nativert/executor/GraphExecutorBase.cpp.o
/home/ubuntu/pyodide-recipes/packages/torch/build/torch-2.8.0/torch/nativert/executor/GraphExecutorBase.cpp:16:58: warning: extra ';' outside of a function is incompatible with C++98 [-Wc++98-compat-extra-semi]
   16 |       execPlan_(ExecutionPlanner{graph_}.createPlan()) {};
      |                                                          ^
1 warning generated.
[1147/1536] Building CXX object caffe2/CMakeFiles/torch_cpu.dir/__/torch/nativert/executor/memory/FunctionSchema.cpp.o
[1148/1536] Building CXX object caffe2/CMakeFiles/torch_cpu.dir/__/torch/nativert/common/FileUtil.cpp.o
[1149/1536] Building CXX object caffe2/CMakeFiles/torch_cpu.dir/__/torch/nativert/executor/OpKernel.cpp.o
[1150/1536] Building CXX object caffe2/CMakeFiles/torch_cpu.dir/__/torch/nativert/executor/SerialGraphExecutor.cpp.o
[1151/1536] Building CXX object caffe2/CMakeFiles/torch_cpu.dir/__/torch/nativert/executor/Weights.cpp.o
[1152/1536] Building CXX object caffe2/CMakeFiles/torch_cpu.dir/__/torch/nativert/detail/ITree.cpp.o
[1153/1536] Building CXX object caffe2/CMakeFiles/torch_cpu.dir/__/torch/nativert/executor/memory/GreedyBySize.cpp.o
[1154/1536] Building CXX object caffe2/CMakeFiles/torch_cpu.dir/__/torch/nativert/executor/memory/Bump.cpp.o
[1155/1536] Building CXX object caffe2/CMakeFiles/torch_cpu.dir/__/torch/nativert/kernels/C10Kernel.cpp.o
[1156/1536] Building CXX object caffe2/CMakeFiles/torch_cpu.dir/__/torch/nativert/kernels/AutoFunctionalizeKernel.cpp.o
[1157/1536] Building CXX object caffe2/CMakeFiles/torch_cpu.dir/__/torch/csrc/lazy/ts_backend/config.cpp.o
[1158/1536] Building CXX object caffe2/CMakeFiles/torch_cpu.dir/__/torch/nativert/kernels/HigherOrderKernel.cpp.o
[1159/1536] Building CXX object caffe2/CMakeFiles/torch_cpu.dir/__/torch/csrc/jit/mobile/debug_info.cpp.o
[1160/1536] Building CXX object caffe2/CMakeFiles/torch_cpu.dir/__/torch/csrc/lazy/ts_backend/dynamic_ir.cpp.o
[1161/1536] Building CXX object caffe2/CMakeFiles/torch_cpu.dir/__/torch/csrc/lazy/ts_backend/ops/device_data.cpp.o
[1162/1536] Building CXX object caffe2/CMakeFiles/torch_cpu.dir/__/torch/csrc/lazy/ts_backend/ops/generic.cpp.o
[1163/1536] Building CXX object caffe2/CMakeFiles/torch_cpu.dir/__/torch/csrc/lazy/ts_backend/ts_autograd_functions.cpp.o
[1164/1536] Building CXX object caffe2/CMakeFiles/torch_cpu.dir/__/torch/csrc/lazy/ts_backend/tensor_aten_ops.cpp.o
[1165/1536] Building CXX object caffe2/CMakeFiles/torch_cpu.dir/__/torch/csrc/lazy/ts_backend/ts_lowering_context.cpp.o
[1166/1536] Building CXX object caffe2/CMakeFiles/torch_cpu.dir/__/torch/csrc/lazy/ts_backend/ts_backend_impl.cpp.o
[1167/1536] Building CXX object caffe2/CMakeFiles/torch_cpu.dir/__/torch/csrc/lazy/ts_backend/ts_eager_fallback.cpp.o
[1168/1536] Building CXX object caffe2/CMakeFiles/torch_cpu.dir/__/torch/csrc/lazy/ts_backend/ts_node.cpp.o
[1169/1536] Building CXX object caffe2/CMakeFiles/torch_cpu.dir/__/torch/csrc/lazy/ts_backend/ts_native_functions.cpp.o
[1170/1536] Building CXX object caffe2/CMakeFiles/torch_cpu.dir/__/torch/csrc/lazy/ts_backend/ts_node_lowering.cpp.o
[1171/1536] Building CXX object caffe2/CMakeFiles/torch_cpu.dir/__/torch/csrc/jit/mobile/import_data.cpp.o
[1172/1536] Building CXX object caffe2/CMakeFiles/torch_cpu.dir/__/torch/csrc/jit/mobile/train/export_data.cpp.o
[1173/1536] Building CXX object caffe2/CMakeFiles/torch_cpu.dir/__/torch/csrc/jit/mobile/train/optim/sgd.cpp.o
[1174/1536] Building CXX object caffe2/CMakeFiles/torch_cpu.dir/__/torch/csrc/jit/mobile/train/random.cpp.o
[1175/1536] Building CXX object caffe2/CMakeFiles/torch_cpu.dir/__/torch/csrc/jit/mobile/train/sequential.cpp.o
[1176/1536] Building CXX object caffe2/CMakeFiles/torch_cpu.dir/__/torch/csrc/utils/out_types.cpp.o
[1177/1536] Building CXX object caffe2/CMakeFiles/torch_cpu.dir/__/torch/csrc/jit/serialization/flatbuffer_serializer.cpp.o
[1178/1536] Building CXX object caffe2/CMakeFiles/torch_cpu.dir/__/torch/csrc/autograd/TraceTypeManual.cpp.o
[1179/1536] Building CXX object caffe2/CMakeFiles/torch_cpu.dir/__/torch/csrc/jit/mobile/compatibility/backport.cpp.o
[1180/1536] Building CXX object caffe2/CMakeFiles/torch_cpu.dir/__/torch/csrc/autograd/FunctionsManual.cpp.o
[1181/1536] Building CXX object caffe2/CMakeFiles/torch_cpu.dir/__/torch/csrc/autograd/VariableTypeManual.cpp.o
[1182/1536] Building CXX object caffe2/CMakeFiles/torch_cpu.dir/__/torch/csrc/api/src/jit.cpp.o
[1183/1536] Building CXX object caffe2/CMakeFiles/torch_cpu.dir/__/torch/csrc/jit/serialization/onnx.cpp.o
[1184/1536] Building CXX object caffe2/CMakeFiles/torch_cpu.dir/__/torch/csrc/jit/mobile/compatibility/backport_manager.cpp.o
[1185/1536] Building CXX object caffe2/CMakeFiles/torch_cpu.dir/__/torch/csrc/jit/serialization/export_bytecode.cpp.o
[1186/1536] Building CXX object caffe2/CMakeFiles/torch_cpu.dir/__/torch/csrc/jit/codegen/fuser/cpu/fused_kernel.cpp.o
[1187/1536] Building CXX object caffe2/CMakeFiles/torch_cpu.dir/__/torch/csrc/jit/serialization/export.cpp.o
[1188/1536] Building CXX object caffe2/CMakeFiles/torch_cpu.dir/__/torch/csrc/utils/byte_order.cpp.o
[1189/1536] Building CXX object caffe2/CMakeFiles/torch_cpu.dir/__/torch/csrc/jit/api/module_save.cpp.o
[1190/1536] Building CXX object caffe2/CMakeFiles/torch_cpu.dir/__/torch/csrc/api/src/cuda.cpp.o
[1191/1536] Building CXX object caffe2/CMakeFiles/torch_cpu.dir/__/torch/csrc/jit/serialization/export_module.cpp.o
[1192/1536] Building CXX object caffe2/CMakeFiles/torch_cpu.dir/__/torch/csrc/api/src/data/datasets/mnist.cpp.o
[1193/1536] Building CXX object caffe2/CMakeFiles/torch_cpu.dir/__/torch/csrc/api/src/data/samplers/distributed.cpp.o
[1194/1536] Building CXX object caffe2/CMakeFiles/torch_cpu.dir/__/torch/csrc/api/src/data/samplers/sequential.cpp.o
[1195/1536] Building CXX object caffe2/CMakeFiles/torch_cpu.dir/__/torch/csrc/api/src/data/samplers/random.cpp.o
[1196/1536] Building CXX object caffe2/CMakeFiles/torch_cpu.dir/__/torch/csrc/api/src/enum.cpp.o
[1197/1536] Building CXX object caffe2/CMakeFiles/torch_cpu.dir/__/torch/csrc/api/src/mps.cpp.o
[1198/1536] Building CXX object caffe2/CMakeFiles/torch_cpu.dir/__/torch/csrc/api/src/imethod.cpp.o
[1199/1536] Building CXX object caffe2/CMakeFiles/torch_cpu.dir/__/torch/csrc/api/src/data/samplers/stream.cpp.o
[1200/1536] Building CXX object caffe2/CMakeFiles/torch_cpu.dir/__/torch/csrc/api/src/serialize.cpp.o
[1201/1536] Building CXX object caffe2/CMakeFiles/torch_cpu.dir/__/torch/csrc/api/src/nn/init.cpp.o
[1202/1536] Building CXX object caffe2/CMakeFiles/torch_cpu.dir/__/torch/csrc/api/src/nn/module.cpp.o
[1203/1536] Building CXX object caffe2/CMakeFiles/torch_cpu.dir/__/torch/csrc/api/src/nn/modules/_functions.cpp.o
[1204/1536] Building CXX object caffe2/CMakeFiles/torch_cpu.dir/__/torch/csrc/api/src/nn/modules/adaptive.cpp.o
[1205/1536] Building CXX object caffe2/CMakeFiles/torch_cpu.dir/__/torch/csrc/api/src/nn/modules/activation.cpp.o
[1206/1536] Building CXX object caffe2/CMakeFiles/torch_cpu.dir/__/torch/csrc/api/src/nn/modules/batchnorm.cpp.o
[1207/1536] Building CXX object caffe2/CMakeFiles/torch_cpu.dir/__/torch/csrc/api/src/nn/modules/normalization.cpp.o
[1208/1536] Building CXX object caffe2/CMakeFiles/torch_cpu.dir/__/torch/csrc/api/src/nn/modules/instancenorm.cpp.o
[1209/1536] Building CXX object caffe2/CMakeFiles/torch_cpu.dir/__/torch/csrc/api/src/nn/modules/conv.cpp.o
[1210/1536] Building CXX object caffe2/CMakeFiles/torch_cpu.dir/__/torch/csrc/api/src/nn/modules/dropout.cpp.o
[1211/1536] Building CXX object caffe2/CMakeFiles/torch_cpu.dir/__/torch/csrc/api/src/nn/modules/distance.cpp.o
[1212/1536] Building CXX object caffe2/CMakeFiles/torch_cpu.dir/__/torch/csrc/api/src/nn/modules/embedding.cpp.o
[1213/1536] Building CXX object caffe2/CMakeFiles/torch_cpu.dir/__/torch/csrc/api/src/nn/modules/fold.cpp.o
[1214/1536] Building CXX object caffe2/CMakeFiles/torch_cpu.dir/__/torch/csrc/api/src/nn/modules/linear.cpp.o
[1215/1536] Building CXX object caffe2/CMakeFiles/torch_cpu.dir/__/torch/csrc/api/src/nn/modules/loss.cpp.o
[1216/1536] Building CXX object caffe2/CMakeFiles/torch_cpu.dir/__/torch/csrc/api/src/nn/modules/padding.cpp.o
[1217/1536] Building CXX object caffe2/CMakeFiles/torch_cpu.dir/__/torch/csrc/api/src/nn/modules/pixelshuffle.cpp.o
[1218/1536] Building CXX object caffe2/CMakeFiles/torch_cpu.dir/__/torch/csrc/api/src/nn/modules/pooling.cpp.o
[1219/1536] Building CXX object caffe2/CMakeFiles/torch_cpu.dir/__/torch/csrc/api/src/nn/modules/upsampling.cpp.o
[1220/1536] Building CXX object caffe2/CMakeFiles/torch_cpu.dir/__/torch/csrc/api/src/nn/modules/rnn.cpp.o
[1221/1536] Building CXX object caffe2/CMakeFiles/torch_cpu.dir/__/torch/csrc/api/src/nn/modules/container/functional.cpp.o
[1222/1536] Building CXX object caffe2/CMakeFiles/torch_cpu.dir/__/torch/csrc/api/src/nn/modules/transformer.cpp.o
[1223/1536] Building CXX object caffe2/CMakeFiles/torch_cpu.dir/__/torch/csrc/api/src/nn/options/activation.cpp.o
[1224/1536] Building CXX object caffe2/CMakeFiles/torch_cpu.dir/__/torch/csrc/api/src/nn/options/adaptive.cpp.o
[1225/1536] Building CXX object caffe2/CMakeFiles/torch_cpu.dir/__/torch/csrc/api/src/nn/options/batchnorm.cpp.o
[1226/1536] Building CXX object caffe2/CMakeFiles/torch_cpu.dir/__/torch/csrc/api/src/nn/options/embedding.cpp.o
[1227/1536] Building CXX object caffe2/CMakeFiles/torch_cpu.dir/__/torch/csrc/api/src/nn/options/instancenorm.cpp.o
[1228/1536] Building CXX object caffe2/CMakeFiles/torch_cpu.dir/__/torch/csrc/api/src/nn/options/normalization.cpp.o
[1229/1536] Building CXX object caffe2/CMakeFiles/torch_cpu.dir/__/torch/csrc/api/src/nn/options/conv.cpp.o
[1230/1536] Building CXX object caffe2/CMakeFiles/torch_cpu.dir/__/torch/csrc/api/src/nn/options/dropout.cpp.o
[1231/1536] Building CXX object caffe2/CMakeFiles/torch_cpu.dir/__/torch/csrc/api/src/nn/options/linear.cpp.o
[1232/1536] Building CXX object caffe2/CMakeFiles/torch_cpu.dir/__/torch/csrc/api/src/nn/options/padding.cpp.o
[1233/1536] Building CXX object caffe2/CMakeFiles/torch_cpu.dir/__/torch/csrc/api/src/nn/options/pooling.cpp.o
[1234/1536] Building CXX object caffe2/CMakeFiles/torch_cpu.dir/__/torch/csrc/api/src/nn/options/rnn.cpp.o
[1235/1536] Building CXX object caffe2/CMakeFiles/torch_cpu.dir/__/torch/csrc/api/src/nn/options/vision.cpp.o
[1236/1536] Building CXX object caffe2/CMakeFiles/torch_cpu.dir/__/torch/csrc/api/src/nn/options/transformer.cpp.o
[1237/1536] Building CXX object caffe2/CMakeFiles/torch_cpu.dir/__/torch/csrc/api/src/optim/adagrad.cpp.o
[1238/1536] Building CXX object caffe2/CMakeFiles/torch_cpu.dir/__/torch/csrc/api/src/optim/adam.cpp.o
[1239/1536] Building CXX object caffe2/CMakeFiles/torch_cpu.dir/__/torch/csrc/api/src/optim/adamw.cpp.o
[1240/1536] Building CXX object caffe2/CMakeFiles/torch_cpu.dir/__/torch/csrc/api/src/optim/optimizer.cpp.o
[1241/1536] Building CXX object caffe2/CMakeFiles/torch_cpu.dir/__/torch/csrc/api/src/optim/rmsprop.cpp.o
[1242/1536] Building CXX object caffe2/CMakeFiles/torch_cpu.dir/__/torch/csrc/api/src/optim/lbfgs.cpp.o
[1243/1536] Building CXX object caffe2/CMakeFiles/torch_cpu.dir/__/torch/csrc/api/src/optim/schedulers/step_lr.cpp.o
[1244/1536] Building CXX object caffe2/CMakeFiles/torch_cpu.dir/__/torch/csrc/api/src/optim/schedulers/lr_scheduler.cpp.o
[1245/1536] Building CXX object caffe2/CMakeFiles/torch_cpu.dir/__/torch/csrc/api/src/optim/schedulers/reduce_on_plateau_scheduler.cpp.o
[1246/1536] Building CXX object caffe2/CMakeFiles/torch_cpu.dir/__/torch/csrc/api/src/optim/serialize.cpp.o
[1247/1536] Building CXX object caffe2/CMakeFiles/torch_cpu.dir/__/torch/csrc/api/src/xpu.cpp.o
[1248/1536] Building CXX object caffe2/CMakeFiles/torch_cpu.dir/__/torch/csrc/api/src/optim/sgd.cpp.o
[1249/1536] Building CXX object third_party/protobuf/cmake/CMakeFiles/libprotoc.dir/__/src/google/protobuf/compiler/cpp/cpp_message_field.cc.o
[1250/1536] Building CXX object third_party/protobuf/cmake/CMakeFiles/libprotoc.dir/__/src/google/protobuf/compiler/cpp/cpp_message.cc.o
[1251/1536] Building CXX object third_party/protobuf/cmake/CMakeFiles/libprotoc.dir/__/src/google/protobuf/compiler/cpp/cpp_padding_optimizer.cc.o
[1252/1536] Building CXX object third_party/protobuf/cmake/CMakeFiles/libprotoc.dir/__/src/google/protobuf/compiler/cpp/cpp_primitive_field.cc.o
[1253/1536] Building CXX object caffe2/CMakeFiles/torch_cpu.dir/__/torch/csrc/api/src/serialize/input-archive.cpp.o
[1254/1536] Building CXX object third_party/protobuf/cmake/CMakeFiles/libprotoc.dir/__/src/google/protobuf/compiler/cpp/cpp_service.cc.o
[1255/1536] Building CXX object third_party/protobuf/cmake/CMakeFiles/libprotoc.dir/__/src/google/protobuf/compiler/csharp/csharp_doc_comment.cc.o
[1256/1536] Building CXX object third_party/protobuf/cmake/CMakeFiles/libprotoc.dir/__/src/google/protobuf/compiler/cpp/cpp_string_field.cc.o
[1257/1536] Building CXX object third_party/protobuf/cmake/CMakeFiles/libprotoc.dir/__/src/google/protobuf/compiler/csharp/csharp_enum.cc.o
[1258/1536] Building CXX object caffe2/CMakeFiles/torch_cpu.dir/__/torch/csrc/api/src/serialize/output-archive.cpp.o
[1259/1536] Building CXX object third_party/protobuf/cmake/CMakeFiles/libprotoc.dir/__/src/google/protobuf/compiler/csharp/csharp_enum_field.cc.o
[1260/1536] Building CXX object third_party/protobuf/cmake/CMakeFiles/libprotoc.dir/__/src/google/protobuf/compiler/csharp/csharp_field_base.cc.o
[1261/1536] Building CXX object third_party/protobuf/cmake/CMakeFiles/libprotoc.dir/__/src/google/protobuf/compiler/csharp/csharp_generator.cc.o
[1262/1536] Building CXX object third_party/protobuf/cmake/CMakeFiles/libprotoc.dir/__/src/google/protobuf/compiler/csharp/csharp_helpers.cc.o
[1263/1536] Building CXX object third_party/protobuf/cmake/CMakeFiles/libprotoc.dir/__/src/google/protobuf/compiler/csharp/csharp_map_field.cc.o
[1264/1536] Building CXX object third_party/protobuf/cmake/CMakeFiles/libprotoc.dir/__/src/google/protobuf/compiler/csharp/csharp_message.cc.o
[1265/1536] Building CXX object third_party/protobuf/cmake/CMakeFiles/libprotoc.dir/__/src/google/protobuf/compiler/csharp/csharp_message_field.cc.o
[1266/1536] Building CXX object third_party/protobuf/cmake/CMakeFiles/libprotoc.dir/__/src/google/protobuf/compiler/csharp/csharp_primitive_field.cc.o
[1267/1536] Building CXX object third_party/protobuf/cmake/CMakeFiles/libprotoc.dir/__/src/google/protobuf/compiler/csharp/csharp_reflection_class.cc.o
[1268/1536] Building CXX object third_party/protobuf/cmake/CMakeFiles/libprotoc.dir/__/src/google/protobuf/compiler/csharp/csharp_repeated_enum_field.cc.o
[1269/1536] Building CXX object third_party/protobuf/cmake/CMakeFiles/libprotoc.dir/__/src/google/protobuf/compiler/csharp/csharp_repeated_message_field.cc.o
[1270/1536] Building CXX object third_party/protobuf/cmake/CMakeFiles/libprotoc.dir/__/src/google/protobuf/compiler/csharp/csharp_repeated_primitive_field.cc.o
[1271/1536] Building CXX object third_party/protobuf/cmake/CMakeFiles/libprotoc.dir/__/src/google/protobuf/compiler/csharp/csharp_source_generator_base.cc.o
[1272/1536] Building CXX object third_party/protobuf/cmake/CMakeFiles/libprotoc.dir/__/src/google/protobuf/compiler/csharp/csharp_wrapper_field.cc.o
[1273/1536] Building CXX object third_party/protobuf/cmake/CMakeFiles/libprotoc.dir/__/src/google/protobuf/compiler/java/java_doc_comment.cc.o
[1274/1536] Building CXX object third_party/protobuf/cmake/CMakeFiles/libprotoc.dir/__/src/google/protobuf/compiler/java/java_context.cc.o
[1275/1536] Building CXX object third_party/protobuf/cmake/CMakeFiles/libprotoc.dir/__/src/google/protobuf/compiler/java/java_enum.cc.o
[1276/1536] Building CXX object third_party/protobuf/cmake/CMakeFiles/libprotoc.dir/__/src/google/protobuf/compiler/java/java_enum_field.cc.o
[1277/1536] Building CXX object third_party/protobuf/cmake/CMakeFiles/libprotoc.dir/__/src/google/protobuf/compiler/java/java_enum_field_lite.cc.o
[1278/1536] Building CXX object third_party/protobuf/cmake/CMakeFiles/libprotoc.dir/__/src/google/protobuf/compiler/java/java_enum_lite.cc.o
[1279/1536] Building CXX object third_party/protobuf/cmake/CMakeFiles/libprotoc.dir/__/src/google/protobuf/compiler/java/java_extension.cc.o
[1280/1536] Building CXX object third_party/protobuf/cmake/CMakeFiles/libprotoc.dir/__/src/google/protobuf/compiler/java/java_extension_lite.cc.o
[1281/1536] Building CXX object third_party/protobuf/cmake/CMakeFiles/libprotoc.dir/__/src/google/protobuf/compiler/java/java_field.cc.o
[1282/1536] Building CXX object third_party/protobuf/cmake/CMakeFiles/libprotoc.dir/__/src/google/protobuf/compiler/java/java_generator_factory.cc.o
[1283/1536] Building CXX object third_party/protobuf/cmake/CMakeFiles/libprotoc.dir/__/src/google/protobuf/compiler/java/java_file.cc.o
[1284/1536] Building CXX object third_party/protobuf/cmake/CMakeFiles/libprotoc.dir/__/src/google/protobuf/compiler/java/java_generator.cc.o
[1285/1536] Building CXX object third_party/protobuf/cmake/CMakeFiles/libprotoc.dir/__/src/google/protobuf/compiler/java/java_helpers.cc.o
[1286/1536] Building CXX object third_party/protobuf/cmake/CMakeFiles/libprotoc.dir/__/src/google/protobuf/compiler/java/java_map_field.cc.o
[1287/1536] Building CXX object third_party/protobuf/cmake/CMakeFiles/libprotoc.dir/__/src/google/protobuf/compiler/java/java_map_field_lite.cc.o
[1288/1536] Building CXX object third_party/protobuf/cmake/CMakeFiles/libprotoc.dir/__/src/google/protobuf/compiler/java/java_message.cc.o
[1289/1536] Building CXX object third_party/protobuf/cmake/CMakeFiles/libprotoc.dir/__/src/google/protobuf/compiler/java/java_message_builder_lite.cc.o
[1290/1536] Building CXX object third_party/protobuf/cmake/CMakeFiles/libprotoc.dir/__/src/google/protobuf/compiler/java/java_message_builder.cc.o
[1291/1536] Building CXX object third_party/protobuf/cmake/CMakeFiles/libprotoc.dir/__/src/google/protobuf/compiler/java/java_message_field.cc.o
[1292/1536] Building CXX object third_party/protobuf/cmake/CMakeFiles/libprotoc.dir/__/src/google/protobuf/compiler/java/java_message_field_lite.cc.o
[1293/1536] Building CXX object third_party/protobuf/cmake/CMakeFiles/libprotoc.dir/__/src/google/protobuf/compiler/java/java_name_resolver.cc.o
[1294/1536] Building CXX object third_party/protobuf/cmake/CMakeFiles/libprotoc.dir/__/src/google/protobuf/compiler/java/java_primitive_field.cc.o
[1295/1536] Building CXX object third_party/protobuf/cmake/CMakeFiles/libprotoc.dir/__/src/google/protobuf/compiler/java/java_message_lite.cc.o
[1296/1536] Building CXX object third_party/protobuf/cmake/CMakeFiles/libprotoc.dir/__/src/google/protobuf/compiler/java/java_primitive_field_lite.cc.o
[1297/1536] Building CXX object third_party/protobuf/cmake/CMakeFiles/libprotoc.dir/__/src/google/protobuf/compiler/java/java_service.cc.o
[1298/1536] Building CXX object third_party/protobuf/cmake/CMakeFiles/libprotoc.dir/__/src/google/protobuf/compiler/java/java_string_field.cc.o
[1299/1536] Building CXX object third_party/protobuf/cmake/CMakeFiles/libprotoc.dir/__/src/google/protobuf/compiler/java/java_shared_code_generator.cc.o
[1300/1536] Building CXX object third_party/protobuf/cmake/CMakeFiles/libprotoc.dir/__/src/google/protobuf/compiler/js/well_known_types_embed.cc.o
[1301/1536] Building CXX object third_party/protobuf/cmake/CMakeFiles/libprotoc.dir/__/src/google/protobuf/compiler/java/java_string_field_lite.cc.o
[1302/1536] Building CXX object third_party/protobuf/cmake/CMakeFiles/libprotoc.dir/__/src/google/protobuf/compiler/objectivec/objectivec_enum_field.cc.o
[1303/1536] Building CXX object third_party/protobuf/cmake/CMakeFiles/libprotoc.dir/__/src/google/protobuf/compiler/objectivec/objectivec_enum.cc.o
[1304/1536] Building CXX object third_party/protobuf/cmake/CMakeFiles/libprotoc.dir/__/src/google/protobuf/compiler/objectivec/objectivec_extension.cc.o
[1305/1536] Building CXX object third_party/protobuf/cmake/CMakeFiles/libprotoc.dir/__/src/google/protobuf/compiler/objectivec/objectivec_field.cc.o
[1306/1536] Building CXX object third_party/protobuf/cmake/CMakeFiles/libprotoc.dir/__/src/google/protobuf/compiler/js/js_generator.cc.o
[1307/1536] Building CXX object third_party/protobuf/cmake/CMakeFiles/libprotoc.dir/__/src/google/protobuf/compiler/objectivec/objectivec_generator.cc.o
[1308/1536] Building CXX object third_party/protobuf/cmake/CMakeFiles/libprotoc.dir/__/src/google/protobuf/compiler/objectivec/objectivec_file.cc.o
[1309/1536] Building CXX object third_party/protobuf/cmake/CMakeFiles/libprotoc.dir/__/src/google/protobuf/compiler/objectivec/objectivec_map_field.cc.o
[1310/1536] Building CXX object third_party/protobuf/cmake/CMakeFiles/libprotoc.dir/__/src/google/protobuf/compiler/objectivec/objectivec_message_field.cc.o
[1311/1536] Building CXX object third_party/protobuf/cmake/CMakeFiles/libprotoc.dir/__/src/google/protobuf/compiler/objectivec/objectivec_helpers.cc.o
[1312/1536] Building CXX object third_party/protobuf/cmake/CMakeFiles/libprotoc.dir/__/src/google/protobuf/compiler/objectivec/objectivec_message.cc.o
[1313/1536] Building CXX object third_party/protobuf/cmake/CMakeFiles/libprotoc.dir/__/src/google/protobuf/compiler/objectivec/objectivec_oneof.cc.o
[1314/1536] Building CXX object third_party/protobuf/cmake/CMakeFiles/libprotoc.dir/__/src/google/protobuf/compiler/objectivec/objectivec_primitive_field.cc.o
[1315/1536] Building CXX object third_party/protobuf/cmake/CMakeFiles/libprotoc.dir/__/src/google/protobuf/compiler/php/php_generator.cc.o
[1316/1536] Building CXX object third_party/protobuf/cmake/CMakeFiles/libprotoc.dir/__/src/google/protobuf/compiler/plugin.cc.o
[1317/1536] Building CXX object third_party/protobuf/cmake/CMakeFiles/libprotoc.dir/__/src/google/protobuf/compiler/plugin.pb.cc.o
[1318/1536] Building CXX object third_party/protobuf/cmake/CMakeFiles/libprotoc.dir/__/src/google/protobuf/compiler/python/python_generator.cc.o
[1319/1536] Building CXX object third_party/protobuf/cmake/CMakeFiles/libprotoc.dir/__/src/google/protobuf/compiler/subprocess.cc.o
[1320/1536] Building CXX object caffe2/CMakeFiles/torch.dir/__/empty.cpp.o
[1321/1536] Building CXX object third_party/protobuf/cmake/CMakeFiles/libprotoc.dir/__/src/google/protobuf/compiler/zip_writer.cc.o
[1322/1536] Building CXX object third_party/protobuf/cmake/CMakeFiles/libprotoc.dir/__/src/google/protobuf/compiler/ruby/ruby_generator.cc.o
[1323/1536] Generating /home/ubuntu/pyodide-recipes/packages/torch/build/torch-2.8.0/torch/utils/data/datapipes/datapipe.pyi
[1324/1536] Regenerating version file...
[1325/1536] Linking CXX static library lib/libprotoc.a
[1326/1536] Building CXX object third_party/protobuf/cmake/CMakeFiles/protoc.dir/__/src/google/protobuf/compiler/main.cc.o
[1327/1536] Building CXX object caffe2/torch/lib/libshm/CMakeFiles/shm.dir/core.cpp.o
[1328/1536] Building CXX object third_party/protobuf/cmake/CMakeFiles/libprotobuf-lite.dir/__/src/google/protobuf/arena.cc.o
[1329/1536] Building CXX object third_party/protobuf/cmake/CMakeFiles/libprotobuf-lite.dir/__/src/google/protobuf/any_lite.cc.o
[1330/1536] Building CXX object third_party/protobuf/cmake/CMakeFiles/libprotobuf-lite.dir/__/src/google/protobuf/generated_enum_util.cc.o
[1331/1536] Generating /home/ubuntu/pyodide-recipes/packages/torch/build/torch-2.8.0/torch/_C/__init__.pyi, /home/ubuntu/pyodide-recipes/packages/torch/build/torch-2.8.0/torch/_C/_VariableFunctions.pyi, /home/ubuntu/pyodide-recipes/packages/torch/build/torch-2.8.0/torch/nn/functional.pyi
[1332/1536] Building CXX object third_party/protobuf/cmake/CMakeFiles/libprotobuf-lite.dir/__/src/google/protobuf/extension_set.cc.o
[1333/1536] Building CXX object third_party/protobuf/cmake/CMakeFiles/libprotobuf-lite.dir/__/src/google/protobuf/generated_message_table_driven_lite.cc.o
[1334/1536] Building CXX object caffe2/torch/CMakeFiles/torch_python.dir/csrc/autograd/generated/python_functions_0.cpp.o
[1335/1536] Building CXX object caffe2/torch/CMakeFiles/torch_python.dir/csrc/autograd/generated/python_functions_1.cpp.o
[1336/1536] Building CXX object caffe2/torch/CMakeFiles/torch_python.dir/csrc/autograd/generated/python_functions_2.cpp.o
[1337/1536] Building CXX object caffe2/torch/CMakeFiles/torch_python.dir/csrc/autograd/generated/python_functions_3.cpp.o
[1338/1536] Building CXX object caffe2/torch/CMakeFiles/torch_python.dir/csrc/autograd/generated/python_functions_4.cpp.o
[1339/1536] Building CXX object caffe2/torch/CMakeFiles/torch_python.dir/csrc/autograd/generated/python_variable_methods.cpp.o
[1340/1536] Building CXX object caffe2/torch/CMakeFiles/torch_python.dir/csrc/autograd/generated/python_torch_functions_0.cpp.o
[1341/1536] Building CXX object caffe2/torch/CMakeFiles/torch_python.dir/csrc/autograd/generated/python_torch_functions_1.cpp.o
[1342/1536] Building CXX object caffe2/torch/CMakeFiles/torch_python.dir/csrc/autograd/generated/python_torch_functions_2.cpp.o
[1343/1536] Building CXX object caffe2/torch/CMakeFiles/torch_python.dir/csrc/autograd/generated/python_fft_functions.cpp.o
[1344/1536] Building CXX object caffe2/torch/CMakeFiles/torch_python.dir/csrc/autograd/generated/python_nn_functions.cpp.o
[1345/1536] Building CXX object caffe2/torch/CMakeFiles/torch_python.dir/csrc/autograd/generated/python_linalg_functions.cpp.o
[1346/1536] Building CXX object caffe2/torch/CMakeFiles/torch_python.dir/csrc/autograd/generated/python_nested_functions.cpp.o
[1347/1536] Building CXX object caffe2/torch/CMakeFiles/torch_python.dir/csrc/autograd/generated/python_sparse_functions.cpp.o
[1348/1536] Building CXX object caffe2/torch/CMakeFiles/torch_python.dir/csrc/autograd/generated/python_return_types.cpp.o
[1349/1536] Building CXX object caffe2/torch/CMakeFiles/torch_python.dir/csrc/autograd/generated/python_special_functions.cpp.o
[1350/1536] Building CXX object caffe2/torch/CMakeFiles/torch_python.dir/csrc/autograd/generated/python_enum_tag.cpp.o
[1351/1536] Building CXX object caffe2/torch/CMakeFiles/torch_python.dir/csrc/DeviceAccelerator.cpp.o
[1352/1536] Building CXX object caffe2/torch/CMakeFiles/torch_python.dir/csrc/DataLoader.cpp.o
[1353/1536] Building CXX object caffe2/torch/CMakeFiles/torch_python.dir/csrc/Device.cpp.o
[1354/1536] Building CXX object caffe2/torch/CMakeFiles/torch_python.dir/csrc/Dtype.cpp.o
[1355/1536] Building CXX object caffe2/torch/CMakeFiles/torch_python.dir/csrc/DynamicTypes.cpp.o
[1356/1536] Building CXX object caffe2/torch/CMakeFiles/torch_python.dir/csrc/Layout.cpp.o
[1357/1536] Building CXX object caffe2/torch/CMakeFiles/torch_python.dir/csrc/Exceptions.cpp.o
[1358/1536] Building CXX object caffe2/torch/CMakeFiles/torch_python.dir/csrc/Generator.cpp.o
[1359/1536] Building CXX object caffe2/torch/CMakeFiles/torch_python.dir/csrc/QScheme.cpp.o
[1360/1536] Building CXX object caffe2/torch/CMakeFiles/torch_python.dir/csrc/MemoryFormat.cpp.o
[1361/1536] Building CXX object caffe2/torch/CMakeFiles/torch_python.dir/csrc/python_dimname.cpp.o
[1362/1536] Building CXX object caffe2/torch/CMakeFiles/torch_python.dir/csrc/Size.cpp.o
[1363/1536] Building CXX object caffe2/torch/CMakeFiles/torch_python.dir/csrc/PyInterpreter.cpp.o
[1364/1536] Building CXX object caffe2/torch/CMakeFiles/torch_python.dir/csrc/Module.cpp.o
[1365/1536] Building CXX object caffe2/torch/CMakeFiles/torch_python.dir/csrc/Storage.cpp.o
[1366/1536] Building CXX object caffe2/torch/CMakeFiles/torch_python.dir/csrc/StorageMethods.cpp.o
[1367/1536] Building CXX object caffe2/torch/CMakeFiles/torch_python.dir/csrc/StorageSharing.cpp.o
[1368/1536] Building CXX object caffe2/torch/CMakeFiles/torch_python.dir/csrc/Stream.cpp.o
[1369/1536] Building CXX object caffe2/torch/CMakeFiles/torch_python.dir/csrc/Event.cpp.o
[1370/1536] Building CXX object caffe2/torch/CMakeFiles/torch_python.dir/csrc/TypeInfo.cpp.o
[1371/1536] Building CXX object caffe2/torch/CMakeFiles/torch_python.dir/csrc/api/src/python/init.cpp.o
[1372/1536] Building CXX object caffe2/torch/CMakeFiles/torch_python.dir/csrc/autograd/functions/init.cpp.o
[1373/1536] Building CXX object caffe2/torch/CMakeFiles/torch_python.dir/csrc/autograd/python_anomaly_mode.cpp.o
[1374/1536] Building CXX object caffe2/torch/CMakeFiles/torch_python.dir/csrc/autograd/profiler_python.cpp.o
[1375/1536] Building CXX object caffe2/torch/CMakeFiles/torch_python.dir/csrc/autograd/init.cpp.o
[1376/1536] Building CXX object caffe2/torch/CMakeFiles/torch_python.dir/csrc/autograd/python_cpp_function.cpp.o
/home/ubuntu/pyodide-recipes/packages/torch/build/torch-2.8.0/torch/csrc/autograd/python_cpp_function.cpp:37:18: warning: comparison of integers of different signs: 'Py_ssize_t' (aka 'long') and 'uint32_t' (aka 'unsigned int') [-Wsign-compare]
   37 |   if (num_inputs != num_inputs_required) {
      |       ~~~~~~~~~~ ^  ~~~~~~~~~~~~~~~~~~~
1 warning generated.
[1377/1536] Building CXX object caffe2/torch/CMakeFiles/torch_python.dir/csrc/autograd/python_saved_variable_hooks.cpp.o
[1378/1536] Building CXX object caffe2/torch/CMakeFiles/torch_python.dir/csrc/autograd/python_engine.cpp.o
[1379/1536] Building CXX object caffe2/torch/CMakeFiles/torch_python.dir/csrc/autograd/python_hook.cpp.o
[1380/1536] Building CXX object caffe2/torch/CMakeFiles/torch_python.dir/csrc/autograd/python_function.cpp.o
[1381/1536] Building CXX object caffe2/torch/CMakeFiles/torch_python.dir/csrc/autograd/python_legacy_variable.cpp.o
[1382/1536] Building CXX object caffe2/torch/CMakeFiles/torch_python.dir/csrc/autograd/python_nested_functions_manual.cpp.o
[1383/1536] Building CXX object caffe2/torch/CMakeFiles/torch_python.dir/csrc/autograd/python_torch_functions_manual.cpp.o
[1384/1536] Building CXX object caffe2/torch/CMakeFiles/torch_python.dir/csrc/autograd/python_variable.cpp.o
In file included from /home/ubuntu/pyodide-recipes/packages/torch/build/torch-2.8.0/torch/csrc/autograd/python_variable.cpp:21:
/home/ubuntu/pyodide-recipes/packages/torch/build/torch-2.8.0/torch/csrc/autograd/python_variable_indexing.h:25:13: warning: result of comparison of constant -4611686018427387904 with expression of type 'Py_ssize_t' (aka 'long') is always false [-Wtautological-constant-out-of-range-compare]
   25 |     if (val < c10::SymInt::min_representable_int()) {
      |         ~~~ ^ ~~~~~~~~~~~~~~~~~~~~~~~~~~~~~~~~~~~~
1 warning generated.
[1385/1536] Building CXX object caffe2/torch/CMakeFiles/torch_python.dir/csrc/dynamo/cache_entry.cpp.o
[1386/1536] Building CXX object caffe2/torch/CMakeFiles/torch_python.dir/csrc/autograd/python_variable_indexing.cpp.o
In file included from /home/ubuntu/pyodide-recipes/packages/torch/build/torch-2.8.0/torch/csrc/autograd/python_variable_indexing.cpp:1:
/home/ubuntu/pyodide-recipes/packages/torch/build/torch-2.8.0/torch/csrc/autograd/python_variable_indexing.h:25:13: warning: result of comparison of constant -4611686018427387904 with expression of type 'Py_ssize_t' (aka 'long') is always false [-Wtautological-constant-out-of-range-compare]
   25 |     if (val < c10::SymInt::min_representable_int()) {
      |         ~~~ ^ ~~~~~~~~~~~~~~~~~~~~~~~~~~~~~~~~~~~~
1 warning generated.
[1387/1536] Building C object caffe2/torch/CMakeFiles/torch_python.dir/csrc/dynamo/cpython_defs.c.o
[1388/1536] Building C object caffe2/torch/CMakeFiles/torch_python.dir/csrc/dynamo/eval_frame.c.o
[1389/1536] Building CXX object caffe2/torch/CMakeFiles/torch_python.dir/csrc/dynamo/cpp_shim.cpp.o
[1390/1536] Building CXX object caffe2/torch/CMakeFiles/torch_python.dir/csrc/dynamo/eval_frame_cpp.cpp.o
[1391/1536] Building CXX object caffe2/torch/CMakeFiles/torch_python.dir/csrc/dynamo/extra_state.cpp.o
[1392/1536] Building CXX object caffe2/torch/CMakeFiles/torch_python.dir/csrc/dynamo/python_compiled_autograd.cpp.o
[1393/1536] Building CXX object caffe2/torch/CMakeFiles/torch_python.dir/csrc/dynamo/framelocals_mapping.cpp.o
[1394/1536] Building CXX object caffe2/torch/CMakeFiles/torch_python.dir/csrc/dynamo/utils.cpp.o
[1395/1536] Building CXX object caffe2/torch/CMakeFiles/torch_python.dir/csrc/dynamo/init.cpp.o
[1396/1536] Building CXX object caffe2/torch/CMakeFiles/torch_python.dir/csrc/fx/node.cpp.o
[1397/1536] Building CXX object caffe2/torch/CMakeFiles/torch_python.dir/csrc/mps/Module.cpp.o
[1398/1536] Building CXX object caffe2/torch/CMakeFiles/torch_python.dir/csrc/functorch/init.cpp.o
[1399/1536] Building CXX object caffe2/torch/CMakeFiles/torch_python.dir/csrc/dynamo/guards.cpp.o
[1400/1536] Building CXX object caffe2/torch/CMakeFiles/torch_python.dir/csrc/mtia/Module.cpp.o
[1401/1536] Building CXX object caffe2/torch/CMakeFiles/torch_python.dir/csrc/inductor/aoti_package/pybind.cpp.o
[1402/1536] Building CXX object caffe2/torch/CMakeFiles/torch_python.dir/csrc/export/pybind.cpp.o
[1403/1536] Building CXX object caffe2/torch/CMakeFiles/torch_python.dir/csrc/inductor/aoti_runner/pybind.cpp.o
[1404/1536] Building CXX object caffe2/torch/CMakeFiles/torch_python.dir/csrc/inductor/resize_storage_bytes.cpp.o
[1405/1536] Building CXX object caffe2/torch/CMakeFiles/torch_python.dir/csrc/inductor/static_cuda_launcher.cpp.o
[1406/1536] Building CXX object caffe2/torch/CMakeFiles/torch_python.dir/csrc/inductor/aoti_eager/kernel_meta_info.cpp.o
[1407/1536] Building CXX object caffe2/torch/CMakeFiles/torch_python.dir/csrc/inductor/aoti_eager/kernel_holder.cpp.o
[1408/1536] Linking CXX shared library lib/libtorch_cpu.so
em++: warning: ignoring unsupported linker flag: `-soname` [-Wlinkflags]
[1409/1536] Linking CXX shared library lib/libtorch.so
FAILED: [code=1] lib/libtorch.so 
: && /home/ubuntu/pyodide-recipes/packages/torch/build/pywasmcross_symlinks/c++ -fPIC -O2 -g0 -fPIC -Oz -O2 -g0 -fPIC -Oz -O2 -g0 -fPIC -Oz -O2 -g0 -fPIC -Oz -O2 -g0 -fPIC -Oz -fvisibility-inlines-hidden -DNDEBUG -DSYMBOLICATE_MOBILE_DEBUG_HANDLE -O2 -fPIC -DC10_NODEPRECATED -Wall -Wextra -Werror=return-type -Werror=non-virtual-dtor -Werror=braced-scalar-init -Werror=range-loop-construct -Werror=bool-operation -Wnarrowing -Wno-missing-field-initializers -Wno-unknown-pragmas -Wno-unused-parameter -Wno-strict-overflow -Wno-strict-aliasing -Wvla-extension -Wsuggest-override -Wnewline-eof -Winconsistent-missing-override -Winconsistent-missing-destructor-override -Wno-pass-failed -Wno-error=old-style-cast -Wconstant-conversion -Qunused-arguments -faligned-new -fno-math-errno -fno-trapping-math -Werror=format -Wno-implicit-function-declaration -DEMSCRIPTEN -s DISABLE_EXCEPTION_CATCHING=0 -O3 -DNDEBUG -DNDEBUG  -O2 -g0  -L/home/ubuntu/.cache/pyodide-build/.pyodide-xbuildenv-b2b15c7d3f61/0.27.8/xbuildenv/pyodide-root/cpython/installs/python-3.12.7/lib/ -s WASM_BIGINT -s SIDE_MODULE=1 -Oz -O2 -g0  -L/home/ubuntu/.cache/pyodide-build/.pyodide-xbuildenv-b2b15c7d3f61/0.27.8/xbuildenv/pyodide-root/cpython/installs/python-3.12.7/lib/ -s WASM_BIGINT -s SIDE_MODULE=1 -Oz -O2 -g0  -L/home/ubuntu/.cache/pyodide-build/.pyodide-xbuildenv-b2b15c7d3f61/0.27.8/xbuildenv/pyodide-root/cpython/installs/python-3.12.7/lib/ -s WASM_BIGINT -s SIDE_MODULE=1 -Oz -O2 -g0  -L/home/ubuntu/.cache/pyodide-build/.pyodide-xbuildenv-b2b15c7d3f61/0.27.8/xbuildenv/pyodide-root/cpython/installs/python-3.12.7/lib/ -s WASM_BIGINT -s SIDE_MODULE=1 -Oz -rdynamic -shared -Wl,-soname,libtorch.so -o lib/libtorch.so caffe2/CMakeFiles/torch.dir/__/empty.cpp.o  lib/libtorch_cpu.so  lib/libprotobuf.a  lib/libc10.so && :
em++: error: lib/libc10.so: No such file or directory ("lib/libc10.so" was expected to be an input file, based on the commandline arguments provided)
[1410/1536] Building CXX object caffe2/torch/CMakeFiles/torch_python.dir/csrc/jit/backends/backend_init.cpp.o
[1411/1536] Building CXX object caffe2/torch/CMakeFiles/torch_python.dir/csrc/jit/passes/onnx/cast_all_constant_to_floating.cpp.o
[1412/1536] Building CXX object caffe2/torch/CMakeFiles/torch_python.dir/csrc/jit/passes/onnx.cpp.o
[1413/1536] Building CXX object caffe2/torch/CMakeFiles/torch_python.dir/csrc/jit/passes/onnx/deduplicate_initializers.cpp.o
[1414/1536] Building CXX object caffe2/torch/CMakeFiles/torch_python.dir/csrc/jit/passes/onnx/constant_fold.cpp.o
[1415/1536] Building CXX object caffe2/torch/CMakeFiles/torch_python.dir/csrc/jit/passes/onnx/constant_map.cpp.o
[1416/1536] Building CXX object caffe2/torch/CMakeFiles/torch_python.dir/csrc/jit/passes/onnx/eval_peephole.cpp.o
[1417/1536] Building CXX object caffe2/torch/CMakeFiles/torch_python.dir/csrc/jit/passes/onnx/eliminate_unused_items.cpp.o
[1418/1536] Building CXX object caffe2/torch/CMakeFiles/torch_python.dir/csrc/jit/python/init.cpp.o
[1419/1536] Building CXX object caffe2/torch/CMakeFiles/torch_python.dir/csrc/jit/passes/onnx/list_model_parameters.cpp.o
[1420/1536] Building CXX object caffe2/torch/CMakeFiles/torch_python.dir/csrc/jit/passes/onnx/function_substitution.cpp.o
[1421/1536] Building CXX object caffe2/torch/CMakeFiles/torch_python.dir/csrc/jit/passes/onnx/fixup_onnx_controlflow.cpp.o
[1422/1536] Building CXX object caffe2/torch/CMakeFiles/torch_python.dir/csrc/jit/passes/onnx/helper.cpp.o
[1423/1536] Building CXX object caffe2/torch/CMakeFiles/torch_python.dir/csrc/jit/passes/onnx/peephole.cpp.o
[1424/1536] Building CXX object caffe2/torch/CMakeFiles/torch_python.dir/csrc/jit/passes/onnx/preprocess_for_onnx.cpp.o
[1425/1536] Building CXX object caffe2/torch/CMakeFiles/torch_python.dir/csrc/jit/passes/onnx/prepare_division_for_onnx.cpp.o
[1426/1536] Building CXX object caffe2/torch/CMakeFiles/torch_python.dir/csrc/jit/passes/onnx/scalar_type_analysis.cpp.o
[1427/1536] Building CXX object caffe2/torch/CMakeFiles/torch_python.dir/csrc/jit/passes/onnx/remove_inplace_ops_for_onnx.cpp.o
[1428/1536] Building CXX object caffe2/torch/CMakeFiles/torch_python.dir/csrc/jit/passes/onnx/onnx_log.cpp.o
[1429/1536] Building CXX object caffe2/torch/CMakeFiles/torch_python.dir/csrc/jit/passes/onnx/unpack_quantized_weights.cpp.o
[1430/1536] Building CXX object caffe2/torch/CMakeFiles/torch_python.dir/csrc/jit/passes/onnx/function_extraction.cpp.o
[1431/1536] Building CXX object caffe2/torch/CMakeFiles/torch_python.dir/csrc/jit/passes/onnx/naming.cpp.o
[1432/1536] Building CXX object caffe2/torch/CMakeFiles/torch_python.dir/csrc/jit/passes/onnx/pattern_conversion/common.cpp.o
[1433/1536] Building CXX object caffe2/torch/CMakeFiles/torch_python.dir/csrc/jit/passes/onnx/pattern_conversion/autograd_function_process.cpp.o
[1434/1536] Building CXX object caffe2/torch/CMakeFiles/torch_python.dir/csrc/jit/python/pybind_utils.cpp.o
[1435/1536] Building CXX object caffe2/torch/CMakeFiles/torch_python.dir/csrc/jit/passes/onnx/shape_type_inference.cpp.o
[1436/1536] Building CXX object caffe2/torch/CMakeFiles/torch_python.dir/csrc/jit/passes/onnx/pattern_conversion/pattern_encapsulation.cpp.o
[1437/1536] Building CXX object caffe2/torch/CMakeFiles/torch_python.dir/csrc/jit/passes/onnx/pattern_conversion/pattern_conversion.cpp.o
[1438/1536] Building CXX object caffe2/torch/CMakeFiles/torch_python.dir/csrc/jit/python/python_custom_class.cpp.o
[1439/1536] Building CXX object caffe2/torch/CMakeFiles/torch_python.dir/csrc/jit/python/python_dict.cpp.o
[1440/1536] Building CXX object caffe2/torch/CMakeFiles/torch_python.dir/csrc/jit/python/python_arg_flatten.cpp.o
[1441/1536] Building CXX object caffe2/torch/CMakeFiles/torch_python.dir/csrc/jit/python/python_interpreter.cpp.o
[1442/1536] Building CXX object caffe2/torch/CMakeFiles/torch_python.dir/csrc/jit/python/python_list.cpp.o
[1443/1536] Building CXX object caffe2/torch/CMakeFiles/torch_python.dir/csrc/jit/python/python_tracer.cpp.o
[1444/1536] Building CXX object caffe2/torch/CMakeFiles/torch_python.dir/csrc/jit/frontend/tree_views.cpp.o
[1445/1536] Building CXX object caffe2/torch/CMakeFiles/torch_python.dir/csrc/jit/frontend/concrete_module_type.cpp.o
[1446/1536] Building CXX object caffe2/torch/CMakeFiles/torch_python.dir/csrc/jit/python/python_ir.cpp.o
[1447/1536] Building CXX object caffe2/torch/CMakeFiles/torch_python.dir/csrc/jit/python/python_sugared_value.cpp.o
[1448/1536] Building CXX object caffe2/torch/CMakeFiles/torch_python.dir/csrc/jit/python/python_tree_views.cpp.o
[1449/1536] Building CXX object caffe2/torch/CMakeFiles/torch_python.dir/csrc/jit/runtime/static/init.cpp.o
[1450/1536] Building CXX object caffe2/torch/CMakeFiles/torch_python.dir/csrc/jit/python/script_init.cpp.o
[1451/1536] Building CXX object caffe2/torch/CMakeFiles/torch_python.dir/csrc/multiprocessing/init.cpp.o
[1452/1536] Building CXX object caffe2/torch/CMakeFiles/torch_python.dir/csrc/monitor/python_init.cpp.o
[1453/1536] Building CXX object caffe2/torch/CMakeFiles/torch_python.dir/csrc/profiler/python/combined_traceback.cpp.o
[1454/1536] Building CXX object caffe2/torch/CMakeFiles/torch_python.dir/csrc/profiler/python/init.cpp.o
[1455/1536] Building CXX object caffe2/torch/CMakeFiles/torch_python.dir/csrc/onnx/init.cpp.o
[1456/1536] Building CXX object caffe2/torch/CMakeFiles/torch_python.dir/csrc/jit/tensorexpr/tensorexpr_init.cpp.o
[1457/1536] Building CXX object caffe2/torch/CMakeFiles/torch_python.dir/csrc/serialization.cpp.o
[1458/1536] Building CXX object caffe2/torch/CMakeFiles/torch_python.dir/csrc/tensor/python_tensor.cpp.o
[1459/1536] Building CXX object caffe2/torch/CMakeFiles/torch_python.dir/csrc/utils/device_lazy_init.cpp.o
[1460/1536] Building CXX object caffe2/torch/CMakeFiles/torch_python.dir/csrc/utils/init.cpp.o
[1461/1536] Building CXX object caffe2/torch/CMakeFiles/torch_python.dir/csrc/utils/throughput_benchmark.cpp.o
[1462/1536] Building CXX object caffe2/torch/CMakeFiles/torch_python.dir/csrc/utils/object_ptr.cpp.o
[1463/1536] Building CXX object caffe2/torch/CMakeFiles/torch_python.dir/csrc/utils.cpp.o
[1464/1536] Building CXX object caffe2/torch/CMakeFiles/torch_python.dir/csrc/utils/invalid_arguments.cpp.o
[1465/1536] Building CXX object caffe2/torch/CMakeFiles/torch_python.dir/csrc/utils/python_symnode.cpp.o
[1466/1536] Building CXX object caffe2/torch/CMakeFiles/torch_python.dir/csrc/utils/python_arg_parser.cpp.o
[1467/1536] Building CXX object caffe2/torch/CMakeFiles/torch_python.dir/csrc/utils/pyobject_preservation.cpp.o
[1468/1536] Building CXX object caffe2/torch/CMakeFiles/torch_python.dir/csrc/utils/nested.cpp.o
[1469/1536] Building CXX object caffe2/torch/CMakeFiles/torch_python.dir/csrc/utils/pybind.cpp.o
[1470/1536] Building CXX object caffe2/torch/CMakeFiles/torch_python.dir/csrc/utils/structseq.cpp.o
[1471/1536] Building CXX object caffe2/torch/CMakeFiles/torch_python.dir/csrc/utils/tensor_dtypes.cpp.o
[1472/1536] Building CXX object caffe2/torch/CMakeFiles/torch_python.dir/csrc/utils/python_dispatch.cpp.o
[1473/1536] Building CXX object caffe2/torch/CMakeFiles/torch_python.dir/csrc/utils/tensor_layouts.cpp.o
[1474/1536] Building CXX object caffe2/torch/CMakeFiles/torch_python.dir/csrc/utils/tensor_apply.cpp.o
[1475/1536] Building CXX object caffe2/torch/CMakeFiles/torch_python.dir/csrc/utils/tensor_qschemes.cpp.o
[1476/1536] Building CXX object caffe2/torch/CMakeFiles/torch_python.dir/csrc/utils/tensor_memoryformats.cpp.o
[1477/1536] Building CXX object caffe2/torch/CMakeFiles/torch_python.dir/csrc/utils/tensor_list.cpp.o
[1478/1536] Building CXX object caffe2/torch/CMakeFiles/torch_python.dir/csrc/utils/tensor_types.cpp.o
[1479/1536] Building CXX object caffe2/torch/CMakeFiles/torch_python.dir/csrc/utils/verbose.cpp.o
[1480/1536] Building CXX object caffe2/torch/CMakeFiles/torch_python.dir/csrc/utils/tensor_numpy.cpp.o
[1481/1536] Building CXX object caffe2/torch/CMakeFiles/torch_python.dir/csrc/utils/disable_torch_function.cpp.o
[1482/1536] Building CXX object caffe2/torch/CMakeFiles/torch_python.dir/csrc/utils/tensor_new.cpp.o
[1483/1536] Building CXX object caffe2/torch/CMakeFiles/torch_python.dir/csrc/cpu/Module.cpp.o
[1484/1536] Building CXX object caffe2/torch/CMakeFiles/torch_python.dir/csrc/instruction_counter/Module.cpp.o
[1485/1536] Linking CXX shared library lib/libshm.so
em++: warning: ignoring unsupported linker flag: `-soname` [-Wlinkflags]
[1486/1536] Building CXX object third_party/protobuf/cmake/CMakeFiles/libprotobuf-lite.dir/__/src/google/protobuf/implicit_weak_message.cc.o
[1487/1536] Building CXX object third_party/protobuf/cmake/CMakeFiles/libprotobuf-lite.dir/__/src/google/protobuf/generated_message_util.cc.o
[1488/1536] Building CXX object third_party/protobuf/cmake/CMakeFiles/libprotobuf-lite.dir/__/src/google/protobuf/io/io_win32.cc.o
[1489/1536] Building CXX object third_party/protobuf/cmake/CMakeFiles/libprotobuf-lite.dir/__/src/google/protobuf/io/coded_stream.cc.o
[1490/1536] Building CXX object third_party/protobuf/cmake/CMakeFiles/libprotobuf-lite.dir/__/src/google/protobuf/io/strtod.cc.o
[1491/1536] Building CXX object third_party/protobuf/cmake/CMakeFiles/libprotobuf-lite.dir/__/src/google/protobuf/io/zero_copy_stream_impl.cc.o
[1492/1536] Building CXX object third_party/protobuf/cmake/CMakeFiles/libprotobuf-lite.dir/__/src/google/protobuf/io/zero_copy_stream.cc.o
[1493/1536] Building CXX object third_party/protobuf/cmake/CMakeFiles/libprotobuf-lite.dir/__/src/google/protobuf/io/zero_copy_stream_impl_lite.cc.o
[1494/1536] Building CXX object third_party/protobuf/cmake/CMakeFiles/libprotobuf-lite.dir/__/src/google/protobuf/message_lite.cc.o
[1495/1536] Building CXX object caffe2/torch/CMakeFiles/torch_python.dir/csrc/lazy/python/python_util.cpp.o
[1496/1536] Building CXX object third_party/protobuf/cmake/CMakeFiles/libprotobuf-lite.dir/__/src/google/protobuf/parse_context.cc.o
[1497/1536] Building CXX object third_party/protobuf/cmake/CMakeFiles/libprotobuf-lite.dir/__/src/google/protobuf/stubs/bytestream.cc.o
[1498/1536] Building CXX object third_party/protobuf/cmake/CMakeFiles/libprotobuf-lite.dir/__/src/google/protobuf/repeated_field.cc.o
[1499/1536] Building CXX object third_party/protobuf/cmake/CMakeFiles/libprotobuf-lite.dir/__/src/google/protobuf/stubs/common.cc.o
[1500/1536] Building CXX object third_party/protobuf/cmake/CMakeFiles/libprotobuf-lite.dir/__/src/google/protobuf/stubs/int128.cc.o
[1501/1536] Building CXX object third_party/protobuf/cmake/CMakeFiles/libprotobuf-lite.dir/__/src/google/protobuf/stubs/status.cc.o
[1502/1536] Building CXX object third_party/protobuf/cmake/CMakeFiles/libprotobuf-lite.dir/__/src/google/protobuf/stubs/statusor.cc.o
[1503/1536] Building CXX object third_party/protobuf/cmake/CMakeFiles/libprotobuf-lite.dir/__/src/google/protobuf/stubs/stringpiece.cc.o
[1504/1536] Building CXX object third_party/protobuf/cmake/CMakeFiles/libprotobuf-lite.dir/__/src/google/protobuf/stubs/stringprintf.cc.o
[1505/1536] Building CXX object third_party/protobuf/cmake/CMakeFiles/libprotobuf-lite.dir/__/src/google/protobuf/stubs/structurally_valid.cc.o
[1506/1536] Building CXX object third_party/protobuf/cmake/CMakeFiles/libprotobuf-lite.dir/__/src/google/protobuf/stubs/time.cc.o
[1507/1536] Building CXX object third_party/protobuf/cmake/CMakeFiles/libprotobuf-lite.dir/__/src/google/protobuf/wire_format_lite.cc.o
[1508/1536] Building CXX object third_party/protobuf/cmake/CMakeFiles/libprotobuf-lite.dir/__/src/google/protobuf/stubs/strutil.cc.o
[1509/1536] Building C object confu-deps/cpuinfo/CMakeFiles/cpuinfo_internals.dir/src/cache.c.o
[1510/1536] Building C object confu-deps/cpuinfo/CMakeFiles/cpuinfo_internals.dir/src/api.c.o
[1511/1536] Building C object confu-deps/cpuinfo/CMakeFiles/cpuinfo_internals.dir/src/init.c.o
[1512/1536] Building C object confu-deps/cpuinfo/CMakeFiles/cpuinfo_internals.dir/src/log.c.o
[1513/1536] Building CXX object third_party/fmt/CMakeFiles/fmt.dir/src/os.cc.o
[1514/1536] Building C object caffe2/CMakeFiles/torch_global_deps.dir/__/torch/csrc/empty.c.o
[1515/1536] Building CXX object third_party/fmt/CMakeFiles/fmt.dir/src/format.cc.o
[1516/1536] Building CXX object caffe2/torch/CMakeFiles/torch_python.dir/csrc/lazy/python/init.cpp.o
[1517/1536] Building CXX object caffe2/torch/lib/libshm/CMakeFiles/torch_shm_manager.dir/manager.cpp.o
[1518/1536] Building CXX object functorch/CMakeFiles/functorch.dir/csrc/dim/dim.cpp.o
[1519/1536] Building C object functorch/CMakeFiles/functorch.dir/csrc/dim/dim_opcode.c.o
[1520/1536] Linking CXX executable bin/protoc.js-3.13.0.0
[1521/1536] Linking CXX static library lib/libprotobuf-lite.a
[1522/1536] Creating executable symlink bin/protoc.js
[1523/1536] Linking C static library lib/libcpuinfo_internals.a
[1524/1536] Linking CXX static library lib/libfmt.a
[1525/1536] Linking C shared library lib/libtorch_global_deps.so
emcc: warning: ignoring unsupported linker flag: `-soname` [-Wlinkflags]
[1526/1536] Linking CXX executable bin/torch_shm_manager.js
em++: warning: output suffix .js requested, but wasm side modules are just wasm files; emitting only a .wasm, no .js [-Wemcc]
[1527/1536] Building CXX object caffe2/torch/CMakeFiles/nnapi_backend.dir/csrc/jit/backends/nnapi/nnapi_backend_lib.cpp.o
[1528/1536] Building CXX object caffe2/torch/CMakeFiles/nnapi_backend.dir/csrc/jit/backends/nnapi/nnapi_backend_preprocess.cpp.o
[1529/1536] Building CXX object functorch/CMakeFiles/functorch.dir/csrc/init_dim_only.cpp.o
ninja: build stopped: cannot make progress due to previous errors.
Building wheel torch-2.8.0
-- Building version 2.8.0
cmake -GNinja -DATEN_THREADING=NATIVE -DBUILD_CAFFE2=0 -DBUILD_DEPENDENCY_INDEX_URL=https://pypi.anaconda.org/pyodide/simple -DBUILD_ENV_SCRIPTS_DIR=/tmp/build-env-kc19rmon/bin -DBUILD_PYTHON=True -DBUILD_TEST=False -DCMAKE_BUILD_TYPE=Release -DCMAKE_EXECUTABLE=/home/ubuntu/pyodide-recipes/packages/torch/build/pywasmcross_symlinks/cmake -DCMAKE_INSTALL_PREFIX=/home/ubuntu/pyodide-recipes/packages/torch/build/torch-2.8.0/torch -DCMAKE_PREFIX_PATH=/tmp/build-env-kc19rmon/lib/python3.12/site-packages -DCMAKE_TOOLCHAIN_FILE=/workspace/.venv/lib/python3.12/site-packages/pyodide_build/tools/cmake/Modules/Platform/Emscripten.cmake -DPython_EXECUTABLE=/tmp/build-env-kc19rmon/bin/python -DTORCH_BUILD_VERSION=2.8.0 -DUSE_CUDA=0 -DUSE_DISTRIBUTED=0 -DUSE_FBGEMM=0 -DUSE_GLOO=0 -DUSE_KINETO=0 -DUSE_LEGACY_PLATFORM=0 -DUSE_MKLDNN=0 -DUSE_MPI=0 -DUSE_NNPACK=0 -DUSE_NUMA=0 -DUSE_NUMPY=False -DUSE_OPENMP=0 -DUSE_PYTORCH_QNNPACK=0 -DUSE_QNNPACK=0 -DUSE_ROCM=0 -DUSE_TENSORPIPE=0 -DUSE_XNNPACK=0 -DUSE_XPU=0 /home/ubuntu/pyodide-recipes/packages/torch/build/torch-2.8.0
cmake --build . --target install --config Release -j 4 -- -k 0

[2mTraceback (most recent call last):
  File "/workspace/.venv/lib/python3.12/site-packages/pyodide_build/vendor/_pypabuild.py", line 113, in _handle_build_error
    yield
  File "/workspace/.venv/lib/python3.12/site-packages/pyodide_build/pypabuild.py", line 562, in build
    built = _build_in_isolated_env(
            ^^^^^^^^^^^^^^^^^^^^^^^
  File "/workspace/.venv/lib/python3.12/site-packages/pyodide_build/pypabuild.py", line 349, in _build_in_isolated_env
    return builder.build(
           ^^^^^^^^^^^^^^
  File "/workspace/.venv/lib/python3.12/site-packages/build/_builder.py", line 329, in build
    return self._call_backend(f'build_{distribution}', output_directory, config_settings, **kwargs)
           ^^^^^^^^^^^^^^^^^^^^^^^^^^^^^^^^^^^^^^^^^^^^^^^^^^^^^^^^^^^^^^^^^^^^^^^^^^^^^^^^^^^^^^^^
  File "/workspace/.venv/lib/python3.12/site-packages/build/_builder.py", line 375, in _call_backend
    with self._handle_backend(hook_name):
  File "/usr/lib/python3.12/contextlib.py", line 158, in __exit__
    self.gen.throw(value)
  File "/workspace/.venv/lib/python3.12/site-packages/build/_builder.py", line 391, in _handle_backend
    raise BuildBackendException(exception, f'Backend subprocess exited when trying to invoke {hook}') from None
build._exceptions.BuildBackendException: Backend subprocess exited when trying to invoke build_wheel[0m

[91mERROR[0m Backend subprocess exited when trying to invoke build_wheel
[1m[2026-09-22 19:10:20] Failed building package torch in 1670.9 seconds.[0m          
BUILD_EXIT=1
